mfcc0_mean,mfcc1_mean,mfcc2_mean,mfcc3_mean,mfcc4_mean,mfcc5_mean,mfcc6_mean,mfcc7_mean,mfcc8_mean,mfcc9_mean,mfcc10_mean,mfcc11_mean,mfcc12_mean,mfcc13_mean,mfcc14_mean,mfcc15_mean,mfcc16_mean,mfcc17_mean,mfcc18_mean,mfcc19_mean,mfcc20_mean,mfcc21_mean,mfcc22_mean,mfcc23_mean,mfcc24_mean,mfcc25_mean,mfcc26_mean,mfcc27_mean,mfcc28_mean,mfcc29_mean,mfcc30_mean,mfcc31_mean,mfcc32_mean,mfcc33_mean,mfcc34_mean,mfcc35_mean,mfcc36_mean,mfcc37_mean,mfcc38_mean,mfcc39_mean,mfcc0_std,mfcc1_std,mfcc2_std,mfcc3_std,mfcc4_std,mfcc5_std,mfcc6_std,mfcc7_std,mfcc8_std,mfcc9_std,mfcc10_std,mfcc11_std,mfcc12_std,mfcc13_std,mfcc14_std,mfcc15_std,mfcc16_std,mfcc17_std,mfcc18_std,mfcc19_std,mfcc20_std,mfcc21_std,mfcc22_std,mfcc23_std,mfcc24_std,mfcc25_std,mfcc26_std,mfcc27_std,mfcc28_std,mfcc29_std,mfcc30_std,mfcc31_std,mfcc32_std,mfcc33_std,mfcc34_std,mfcc35_std,mfcc36_std,mfcc37_std,mfcc38_std,mfcc39_std,emotion,actor
-481.9056,125.5485,-9.639902,25.16779,14.366634,-5.1415396,-9.50249,-12.414044,-28.671183,-10.056912,-1.1498585,-9.849541,2.2458181,-10.511885,-1.3652686,-0.30862415,-11.857964,-5.3119445,-3.9246175,-2.8353214,-15.157262,-1.9607066,-5.972686,-11.676532,-4.926579,-2.478663,-12.027288,0.047362376,-5.901155,-0.15234053,-5.3894954,-5.631795,-6.464104,-4.2681813,-7.930777,-4.0453196,-2.612144,-4.464294,-8.209229,-3.360485,67.4758,57.481815,21.205498,27.96774,24.932695,18.024343,13.813738,11.654459,13.700932,9.851262,12.972381,12.270924,14.926288,7.7196894,9.703787,4.1357055,10.955989,6.899424,8.542628,4.6812854,7.304412,5.4541163,5.528948,7.206681,5.3377237,4.593802,7.4946585,4.156739,3.967981,4.4472027,5.04358,6.008194,4.9812317,5.224855,3.5058029,4.612251,3.5999448,4.7565794,4.1730256,3.3657846,neutral,1
-478.83542,118.24561,-6.950248,28.989891,14.234001,-7.033341,-8.363734,-14.183152,-28.83991,-6.5836015,-1.8933043,-8.587666,0.22470401,-11.40955,-1.9654834,-0.13200115,-12.72215,-3.4564626,-6.7789736,-0.3734597,-14.985876,-2.5844948,-5.453248,-13.035159,-3.2670317,-4.316651,-12.886604,2.0010135,-6.164568,-1.5395472,-4.0803437,-6.429217,-4.52527,-5.9438376,-7.6553354,-2.9941554,-3.6871042,-7.9138026,-7.3967433,-4.879122,69.07492,56.34779,21.372284,23.455301,25.446056,15.53778,13.660771,13.571478,14.600301,9.966697,13.302733,12.549161,13.892174,6.479856,10.014362,6.632626,10.477512,6.644085,7.654067,6.1055913,8.353679,5.3793488,5.9366193,7.003571,5.309843,4.858751,5.1889496,3.4984477,3.910261,4.595096,6.304369,5.9026656,3.916974,5.6136103,4.7451115,4.280282,3.3879793,3.937891,2.8800657,4.7829633,neutral,1
-467.46143,123.83783,-5.5777435,28.06764,5.4813495,-2.4342158,-8.276038,-15.330316,-26.384604,-10.839216,-1.4573027,-9.006943,3.317943,-9.2262945,-5.779963,1.5155318,-12.983806,-8.125687,-0.007158484,-0.96588844,-14.553157,-2.7227943,-4.512862,-8.784474,-4.27052,-0.7035499,-10.684904,-1.5425279,-6.1248856,-1.409392,-4.3988457,-4.699796,-5.4945326,-4.554379,-6.815854,-4.972779,-2.824494,-6.383901,-7.893193,-4.973896,71.90653,68.45069,31.400574,24.178738,24.90264,22.268665,12.280508,15.760648,15.352918,10.451898,14.215293,9.883832,15.513545,7.227944,9.841905,7.3177695,8.409603,6.476143,8.07056,5.6464653,6.1447988,5.988314,5.5917296,6.1345186,5.114515,5.370002,6.080087,6.281168,3.9648485,5.9928823,4.2681623,4.284394,4.2667756,5.5445576,3.9523733,3.9576964,3.9210835,4.4426527,3.5559423,4.2861376,neutral,1
-467.97864,114.49372,0.5465267,28.502628,9.15595,0.44128096,-8.20854,-17.950306,-24.476181,-9.278924,-1.1091665,-7.6863675,-1.160306,-9.161842,-5.393656,2.8100245,-12.879238,-7.002749,-1.3407288,-2.0323367,-12.198729,-4.363528,-3.882706,-8.250375,-6.2674785,-2.9774125,-11.886405,-1.6432217,-6.8610797,-0.057768777,-6.890902,-5.4032764,-6.650696,-5.84226,-7.003913,-3.297858,-2.3835125,-5.7736225,-7.819636,-7.4858427,79.02331,66.10191,29.255127,26.11408,25.111563,18.332815,10.29327,17.530699,13.157301,10.106507,12.542326,9.561811,11.122918,7.0706315,8.430079,6.721038,10.0154085,5.852553,8.088069,7.767289,7.3598537,6.1359673,5.2925158,5.4517245,4.838919,5.167551,5.1166415,5.400705,5.1544585,5.1393194,4.6722794,5.0688477,6.422099,5.591656,3.7401583,4.4050756,3.5949109,3.5862215,3.9532425,4.278378,neutral,1
-439.79678,124.68247,-12.899962,24.320784,4.8777375,-8.717663,-13.365322,-13.016,-25.59254,-7.9755316,-5.4403358,-16.337614,1.8878949,-11.743914,-7.2554603,3.2228532,-18.40818,-6.669593,-6.1337934,-6.093152,-13.268846,-0.4247378,-6.494685,-10.102158,-5.7845755,-4.563472,-12.27525,-0.050189305,-8.986412,-2.0081756,-5.953437,-5.4239798,-5.1510563,-7.8905473,-8.527392,-5.061905,-6.171562,-2.4761412,-4.228143,-1.0454179,65.61558,56.235855,29.337559,27.655546,26.923832,20.943907,14.685059,14.865895,16.686954,13.253027,14.859053,10.412008,13.723762,7.556853,9.073782,8.685526,11.707427,8.093669,8.329337,7.165448,6.021509,8.109699,7.0916333,5.929073,6.0059247,6.07436,4.801092,4.849246,4.8700542,5.442661,4.9323688,4.2253513,4.092723,5.73897,6.429771,4.4251227,3.8216662,7.0811253,8.864164,7.2887535,happy,1
-464.41397,119.88488,-16.352705,26.510319,9.641534,-5.6698713,-15.086654,-10.764913,-28.322058,-4.10672,-1.4507998,-14.281785,5.3896766,-10.041839,-6.621713,4.259369,-17.10707,-6.746192,-0.41562846,-4.4202604,-13.285177,-0.799971,-7.8829875,-11.811393,-2.0401323,-3.1610467,-7.975551,-1.923263,-8.133921,-3.0091546,-3.6150692,-7.195551,-3.5657902,-5.8545914,-6.1719913,-3.539412,-2.5776505,-4.3184543,-4.640029,-2.0884233,109.37212,51.7893,34.46599,23.29118,24.027615,22.548428,17.874084,14.144598,18.721422,14.25689,11.983222,13.464559,14.402232,10.720583,11.015635,8.947587,14.353331,9.173147,7.718373,6.997309,7.961514,5.0529923,7.9451523,8.404638,5.3379316,7.2476544,6.7457542,4.9750667,6.6854696,4.2982774,5.8025856,7.0350647,4.6377287,5.5213737,4.4076447,4.4014955,6.924696,6.8519244,9.47675,8.411811,happy,1
-453.22433,123.7159,-3.2683816,26.152655,-1.7818754,-4.2141104,-13.201878,-13.847742,-29.874035,-11.898676,2.7719383,-14.8926935,3.552473,-11.104071,-3.753884,1.3177499,-16.1323,-4.8696175,-2.638412,-7.9774055,-11.747692,-4.2771235,-6.597507,-9.162402,-5.9977603,-0.53942156,-12.227972,1.0699781,-7.153954,-1.7831881,-5.19559,-5.038897,-5.416235,-6.952791,-7.850566,-4.5128703,-4.426272,-3.19395,-7.7555923,-4.46993,60.02384,65.852615,30.68721,22.691286,24.933998,24.70529,15.7464285,16.865896,12.892399,11.350069,15.311288,10.004282,14.497755,8.024968,11.402141,8.060464,8.536008,9.989189,8.111136,7.0939364,5.772857,4.506355,7.265609,6.0704856,5.2535086,5.206939,6.657818,4.5799713,5.32784,5.8355403,3.1042504,3.6128066,5.0815525,5.518178,4.044929,4.6251626,4.1157,4.378305,4.4596004,4.2449994,happy,1
-452.43307,105.383446,-6.940392,29.778902,-0.7473817,-3.3692527,-9.268025,-14.086877,-28.896404,-10.804558,-1.2123255,-11.363312,3.5502508,-11.071181,-3.6306963,-0.17450719,-17.117973,-5.1266794,-3.955835,-6.6524754,-11.920524,-3.2104926,-5.9467506,-9.174562,-6.676482,-0.027453348,-13.656856,-0.09850705,-9.010461,-1.8458583,-6.4974866,-4.4519167,-5.808516,-6.4154277,-7.553764,-3.6615155,-5.078677,-5.237544,-9.239284,-3.7277439,63.365902,72.60312,28.55795,26.857574,26.578932,25.25515,14.940805,15.12848,16.233858,12.425666,16.113413,13.2186365,12.666179,9.46718,9.919606,7.197258,10.241602,7.793521,7.243358,6.835982,6.842311,6.26915,6.784072,7.519438,4.2087874,4.884716,5.6615477,4.506773,5.218151,5.754417,4.698981,4.9161353,4.963147,5.472279,5.295517,3.9326482,4.327751,5.386591,4.0917063,4.57954,happy,1
-390.94315,97.780846,-15.9260235,8.12903,-7.331196,-5.888729,-28.116724,-18.566053,-22.78234,-20.267418,-3.342538,-15.12106,-4.385543,-9.485302,-13.783696,-1.9774181,-18.154684,-7.3563337,-6.2806916,-11.153939,-11.39667,-5.9222755,-9.864964,-10.647589,-7.2864304,-3.8318572,-4.5541077,6.098173,2.403008,2.3001664,-4.813267,-2.8062177,-2.703163,4.391313,3.668999,11.61419,5.441517,2.1545322,-2.2576694,-0.7235414,62.125263,52.512398,30.751879,25.925694,31.70016,20.597406,20.80433,12.891633,12.059583,11.198443,13.188199,11.728163,12.342638,6.7245746,12.072305,9.027918,10.67663,8.632372,9.14089,7.6942115,7.389917,7.3846364,6.423082,7.9151993,7.239258,10.58683,12.474778,12.251678,13.208854,13.17913,10.902411,11.038898,8.204058,10.896224,10.785922,16.955252,12.741146,8.624466,6.5158877,5.994205,happy,1
-380.46707,104.71191,-26.76557,8.616269,-1.980208,-9.502592,-25.272194,-14.988708,-32.641323,-21.382416,1.06372,-19.371773,-3.7943318,-7.6179695,-17.810585,-1.4235066,-17.302027,-13.746398,-6.322924,-12.352324,-14.290445,-8.365698,-8.295554,-11.164969,-5.6280684,1.1066456,-10.689977,0.21892175,-3.1386273,-6.4636683,-3.20657,2.8702266,1.7275248,4.5775332,0.4078834,8.79913,8.313725,11.583712,4.7220526,1.1583036,63.325645,46.49508,26.664762,21.380342,29.949167,15.431813,17.224085,15.301975,15.626074,15.838347,13.061603,12.75552,12.409649,7.406283,12.666843,11.186048,10.085502,10.58547,7.685043,9.974154,6.668911,6.6102448,7.7317095,6.13564,9.105159,12.771479,13.940975,11.703172,7.6195936,10.3342495,10.469123,12.987568,14.782967,11.798599,12.3265505,13.83299,15.725134,15.770666,10.884154,7.2496343,happy,1
-343.72998,84.959236,-18.758696,12.491681,-5.1425877,-9.008866,-21.767202,-14.696766,-35.73045,-12.6884365,-1.9916255,-18.713575,-0.46576938,-9.214848,-16.015574,1.5694997,-20.320518,-8.043733,-4.9083323,-10.053751,-14.3887205,-5.2795057,-10.0589695,-11.295511,-9.184532,-6.907608,-13.213923,-5.0760903,-9.733431,-3.8306463,-1.0428987,-0.44730046,4.4263377,3.0654268,2.4046793,3.61368,5.4589458,4.852708,3.0873413,5.1761146,60.550133,63.716053,32.12788,22.453793,27.338243,23.879251,16.603897,15.723546,15.216696,12.882332,15.325094,12.296873,11.7626505,9.627476,8.877237,10.78271,8.474787,8.030219,10.829998,7.41937,7.4017444,6.492338,6.5122366,5.1844306,4.4414287,6.312872,5.903948,6.3353925,7.8470473,7.4702954,7.206633,12.175048,17.851902,18.00354,13.7978735,14.616858,13.920116,12.388232,12.613303,9.127324,happy,1
-354.8136,88.359764,-19.478842,7.1367745,-4.7188253,-8.854394,-20.699146,-17.654087,-32.960495,-15.142776,-4.6099033,-14.16553,-1.3508615,-6.5781927,-16.97142,-0.40241313,-16.572891,-11.853929,-5.180665,-6.0291862,-15.302038,-5.2145066,-8.440529,-12.952403,-8.584462,-3.2594364,-12.623741,-3.7862325,-8.413076,-5.7397995,-6.145327,-3.6701617,-4.8896327,3.5469208,-0.006630364,6.743962,3.0295184,3.5900843,1.8463175,5.343124,70.802315,67.2761,33.04219,22.450865,28.379515,23.426205,14.5925045,18.05779,15.211127,11.528303,11.401332,13.677458,12.628783,7.338813,10.063533,8.317227,10.9983225,9.576336,9.783652,8.109667,5.6548734,7.5394897,7.9236474,6.8351765,4.4882193,5.329499,5.3850126,4.656723,6.2938566,6.1092353,7.0518394,10.826563,8.830485,16.169191,14.903098,16.035133,11.327566,11.303866,10.585754,11.206312,happy,1
-511.9112,116.055176,-7.26229,25.98182,12.575744,-6.413962,-4.946879,-16.248922,-21.785294,-7.9753246,-8.088921,-3.7039886,-1.2131096,-12.919885,-3.9305077,-1.8482336,-10.480272,-9.323613,-6.614856,-1.7890946,-14.504687,-4.570597,-5.057125,-10.729183,-4.546898,-3.8025074,-9.490502,-2.464992,-5.0116615,-4.1529465,-4.6398554,-4.115346,-4.8671584,-4.607182,-9.003733,-5.4936666,-4.6537285,-4.6096506,-7.3144116,-5.9205213,56.848557,57.671562,28.470446,24.944073,21.867043,19.705055,15.86119,14.141728,13.947473,11.243466,11.146269,12.574592,13.928348,8.212349,9.28862,9.135527,10.418411,6.3528857,10.087493,5.201091,8.426423,7.1120224,5.722753,7.0203705,5.3610964,5.16928,5.273704,5.7322702,6.2162223,3.6753716,4.711449,4.783685,6.7264752,4.2780943,5.119681,4.6716676,5.266479,4.1412582,3.1288042,4.4474607,sad,1
-508.27563,117.96258,-9.601867,30.40762,11.899343,-6.217392,-1.9675689,-15.436457,-21.379478,-11.57419,-3.065778,-3.606165,-2.9679453,-8.233866,-2.4135625,-1.4497355,-8.628252,-5.7653556,-3.3502667,-0.69815725,-15.284602,-3.080515,-3.169071,-9.904983,-3.3771622,-3.0515137,-9.132685,-3.4669724,-7.0781794,-2.0741158,-3.432972,-3.554994,-4.070922,-2.446322,-7.651638,-0.6582928,-4.406359,-4.584682,-6.9373784,-5.7355022,77.10213,63.00863,30.029284,23.789078,22.582172,20.491528,14.555219,12.843634,11.35516,8.09253,11.761464,11.511083,10.921649,9.027219,7.8740525,7.687802,9.483621,7.386804,7.780473,4.9009748,9.205257,6.6711144,5.5022674,6.9715433,6.462135,6.0606246,4.4913282,5.450874,5.2979407,4.4171467,4.14873,4.539633,4.493795,4.6960096,3.7847352,4.1641154,3.6418307,3.7162874,2.905174,3.5049047,sad,1
-519.0787,128.83418,-9.66007,30.573977,12.40859,-6.0608287,-4.8469152,-17.74013,-25.507633,-9.330273,-2.7047744,-3.4242606,-2.4748902,-7.588925,-6.473235,-0.10523677,-10.821946,-14.070917,-0.92543316,-1.4643265,-14.808231,-4.575683,-6.296255,-10.204313,-3.7683234,-1.8650008,-7.2060814,-0.3419031,-7.951455,0.14784193,-5.77655,-7.4558125,-4.2389503,-3.648562,-7.4234858,-2.2294235,-2.414028,-5.0291,-9.633382,-6.4851856,63.494614,66.408676,33.037617,22.284735,21.35663,21.208368,11.864872,14.95171,12.4004965,13.056936,12.193189,7.404075,11.822523,6.9611454,6.4972143,8.607521,11.6958065,6.6408772,8.47608,6.172592,7.929464,6.6550546,5.1314225,7.105479,5.554891,5.071684,5.8114934,5.0004363,4.844982,4.579796,4.6853375,3.0069613,3.9505794,3.5280616,4.1964545,3.6415665,3.6126926,4.4087358,3.0883436,3.9509115,sad,1
-501.01453,121.2278,-4.084696,34.24351,10.707676,-4.4579473,0.70622313,-16.617638,-27.303225,-10.358653,-7.564751,-6.5745726,-0.19938312,-9.434798,-6.6945553,3.425928,-8.354638,-9.556975,-2.604303,-0.2540977,-16.257343,-4.807683,-4.8506436,-8.0704975,-3.995994,-1.8282907,-10.200622,-5.4199324,-5.926054,-0.6996819,-4.3794727,-3.9142454,-4.7975802,-5.2876015,-8.931602,-3.6303077,-4.678227,-3.6871483,-6.1304135,-5.9354806,74.40057,70.375465,34.33542,24.032717,20.670616,19.75156,12.653836,15.214794,16.756697,9.849509,12.724397,8.795664,10.8300295,6.4639835,7.567457,9.720305,9.837507,7.677701,9.131582,7.067804,7.92612,7.035332,5.8467393,6.510108,5.361345,5.6465364,4.150136,4.7286983,4.393134,6.314508,3.5427744,5.008018,6.0407934,4.165639,3.6079113,4.2391996,4.34796,4.080959,4.197174,3.920539,sad,1
-493.99576,118.0191,-3.6618927,29.29236,11.130935,-8.080809,-5.6374927,-18.224817,-22.203207,-5.723465,-7.594636,-7.541093,-2.0318375,-12.560867,-5.3690095,0.12988798,-11.894471,-7.971265,-6.721276,-2.10038,-12.068952,-3.6940424,-6.0308514,-11.334282,-5.1558547,-3.0400336,-8.45261,-0.064982936,-4.8184867,-1.6650459,-6.6520395,-2.8656354,-7.360959,-4.468688,-8.612236,-3.3535156,-4.8146653,-6.161448,-6.1153617,-7.014818,58.222004,66.2543,31.797125,26.45936,21.35639,20.391985,12.444769,12.244446,13.338034,12.248908,11.94357,11.478321,11.510012,7.929037,7.2881937,6.7066593,9.375916,6.8385663,8.145596,5.2302337,6.976772,5.7933764,5.4117084,6.5443826,5.7653365,5.200887,5.949472,4.875768,4.7182918,5.174684,5.661179,4.784578,4.248891,3.6670911,3.1935658,3.926719,3.9712706,4.3203716,4.011352,3.699678,sad,1
-437.99017,109.85327,-10.071242,21.338707,7.048509,-8.080579,-18.232504,-14.697105,-33.30882,-9.5839405,-4.929214,-15.506045,1.1200345,-11.972066,-12.552122,2.5593705,-20.489025,-8.239043,-2.0366232,-6.594751,-14.404428,-4.6869936,-14.886444,-8.6394415,-9.19406,-3.5762093,-10.4889765,-5.3622475,-5.8056517,-3.257638,-6.2325964,-6.0893097,-7.037016,-3.7878475,-7.5335536,1.5619297,-0.85601753,-4.036486,-6.948369,-3.7009714,66.401924,59.4077,34.964436,21.645174,24.236067,21.265747,13.296073,15.279623,15.833048,9.322169,12.676538,12.536444,13.084867,6.7913465,9.900357,8.589816,12.659651,8.920385,9.02421,4.81598,5.4467154,5.2918572,4.5749598,5.628685,7.456961,5.477381,5.093673,4.8436594,5.1115074,6.212224,5.1514544,4.8463736,4.6423945,5.0976048,7.54407,10.298442,13.610423,7.941916,7.6841283,5.291271,sad,1
-431.2879,108.611595,-15.568791,27.710297,6.0652294,-9.082929,-14.588199,-17.590467,-38.702797,-10.94637,-5.2496204,-14.857838,1.2123293,-11.874418,-8.815724,2.6173396,-14.501422,-9.738419,-5.721126,-5.30425,-15.812845,-7.642145,-4.8842974,-11.996401,-9.82861,-2.1149554,-14.055587,-2.8816056,-7.8882365,-4.093489,-7.2628365,-5.0180626,-7.4357786,-5.547719,-8.255635,-4.91353,-1.6167144,-1.2151109,-0.8547479,0.10360508,63.363884,70.108406,35.83732,19.756569,22.959215,22.206327,11.84373,18.558308,20.13073,9.433117,10.17465,10.868794,13.39165,8.455669,9.393759,8.375218,9.024819,8.32843,6.8135667,5.729598,6.3532057,5.937609,5.105057,4.1480613,5.903853,6.9894843,6.321949,3.6306353,4.967614,5.0761623,3.876859,4.900907,5.310253,5.8671184,4.401266,5.524411,8.110122,10.350288,14.204606,11.535806,sad,1
-400.03995,99.10336,-11.611763,24.078852,2.223954,-9.134444,-15.931056,-18.72676,-34.32304,-8.9166155,-4.1497073,-13.168408,1.4361521,-12.956471,-8.443329,2.8129122,-16.842613,-9.175168,-5.656301,-6.292884,-15.035968,-4.515667,-5.8729234,-11.843506,-6.7268395,-2.2125227,-11.954892,0.4431085,-9.785456,-1.7562329,-6.86726,-4.693149,-7.681197,-5.928624,-7.397725,-3.5211005,-3.010478,-4.8292427,-6.153615,-4.1033063,63.17217,64.79577,29.314495,21.683533,19.863308,22.735777,11.440973,17.631504,18.850836,10.955595,14.070744,10.587319,13.934519,12.002941,9.454171,10.081761,9.909793,7.7976093,9.545899,7.719726,6.0076995,5.7408047,4.510747,4.584303,5.129576,6.9720044,5.388561,4.4168015,4.605687,7.0548625,4.9771047,4.5537415,4.9456625,4.584216,5.4025764,7.0527387,7.363003,6.0924263,6.542222,7.714275,sad,1
-362.28336,81.87569,-9.033114,23.036617,-5.848892,-6.8923097,-7.9908295,-0.44067448,-25.249722,-10.853676,-2.144305,-9.077884,-0.99997747,-9.805845,-7.0274034,-2.8583293,-12.57107,-4.1081343,-7.9208236,-6.215857,-10.056471,-4.68067,-8.127431,-7.54086,-6.235439,-2.679268,-10.462102,2.8019278,-4.1404514,-1.7407852,0.018836224,-0.0948164,-3.7555816,-3.0465124,-4.732085,-0.18856032,-2.747042,-0.34190083,-7.5148726,-2.5011714,87.33362,62.94596,29.131823,31.268076,26.032087,24.114542,19.198582,12.982808,15.312733,13.852899,15.380428,11.182882,10.26677,11.284177,8.6240835,9.135756,12.90656,8.747501,7.585331,8.114291,8.231647,6.688585,6.7341695,7.4874644,7.979638,6.7938914,9.616881,11.984371,7.3046103,10.727508,8.867422,6.771313,6.518427,6.368095,4.776571,6.0637617,6.2328916,7.67385,8.6752825,6.2478952,angry,1
-347.54202,74.50213,-11.291569,15.854336,-9.294882,-7.909255,-12.573553,-13.694816,-23.911638,-12.474252,-9.143764,-11.696463,-5.782594,-10.463841,-8.968822,-6.677255,-16.678053,-4.023963,-11.0760145,-8.297396,-8.542728,-4.97193,-3.6506517,-2.8686216,-3.6703513,-0.4345268,-6.497239,-0.35487995,-5.603766,-4.075431,-2.8321066,-4.4489393,-4.122529,-3.2618117,-4.5562925,2.684722,-0.10699046,5.005377,-0.50994074,2.1707845,81.36509,57.60102,35.892094,31.625519,32.334442,19.788881,22.188221,13.980979,13.017001,14.189111,12.042001,10.67796,10.830908,13.522022,10.169101,9.720124,13.538984,10.451958,9.26941,8.402369,8.667352,8.864766,11.334628,13.076409,9.303085,8.445975,10.328949,8.95222,5.341668,7.0360365,7.330804,7.374973,8.559997,9.013572,8.444877,10.740391,10.44767,12.851984,9.496441,7.9137015,angry,1
-375.1643,91.44047,-3.1789975,24.750536,-4.8323746,-7.04226,-12.008412,-12.270668,-29.778801,-11.594772,-9.510136,-9.6391115,-2.2839007,-12.860942,-5.6068316,-0.84662974,-18.195873,-5.7560253,-4.1950703,-10.237098,-13.081863,-4.0301533,-7.921729,-10.565215,-6.9522195,-4.4736223,-11.460883,-2.3703103,-6.1441083,-3.8196576,-1.3715498,-2.3752632,-2.1314366,-1.8640826,-4.7623305,0.5306932,-2.371946,-0.93388724,-4.557788,-0.19361581,74.200775,73.5973,31.244274,26.053217,26.789085,25.193655,15.485278,14.25734,16.691856,8.2842,13.137199,11.934939,11.078003,10.602104,9.694684,7.7541676,10.498949,8.091357,7.922674,7.0825214,7.6315045,5.767653,5.87123,4.788625,6.841223,5.4509754,5.361125,5.815228,4.8372984,6.953762,7.6308026,9.306947,10.725252,9.085442,6.8546686,8.4281645,7.5847907,11.006749,7.6317205,7.4860916,angry,1
-343.10147,81.73417,-7.080564,17.179638,-4.249132,-10.5850725,-8.5396595,-11.860327,-32.1984,-13.273541,-6.936787,-11.974652,-0.28834876,-12.114601,-10.302998,1.7821889,-20.075748,-3.7210395,-4.0885105,-11.01945,-13.06993,-0.9147487,-9.897236,-8.525738,-6.868845,-5.6931453,-12.158932,-3.8594584,-7.1415634,-2.3107862,-0.99951416,-2.2135653,-0.0236402,-3.5721736,-5.3379617,1.6717179,-3.0696537,1.8775623,-3.066723,-1.8643548,79.45855,79.61431,33.036877,24.206062,24.743826,26.764359,18.023582,14.167303,17.739634,8.915572,15.1541815,13.051262,13.7145605,7.920621,7.979456,8.758167,9.858139,10.34054,8.006271,8.801396,8.757415,6.086804,6.4158163,4.2284474,5.197491,4.945467,7.6166754,5.4144826,6.289761,7.6038,7.963842,10.869951,11.344934,8.627576,8.000266,6.617497,5.522994,7.1719537,8.424395,8.854832,angry,1
-176.80772,45.591686,-36.736652,-3.0608819,-25.604347,-12.405684,-22.872808,-19.788877,-23.069475,-16.212578,-13.072015,-9.146148,-13.02958,-12.058503,-11.007548,-4.2922773,-13.797568,5.3821683,3.4013922,7.708872,6.495507,9.126309,8.748941,1.2088825,0.32033825,0.73551595,-5.3819103,3.4072034,3.0179071,-2.397817,-1.8635396,-2.5643697,2.215613,1.6278386,-4.7970448,2.2906904,2.0888827,2.287297,-4.391376,-0.5337131,83.64462,44.119637,28.809216,21.73326,33.44822,18.069857,17.540182,15.594401,13.351337,9.86249,12.398362,12.298258,10.240549,8.820476,9.320714,7.783718,15.491868,18.890766,18.446573,14.32433,15.023737,14.704291,17.573463,13.778098,13.685889,14.587176,14.064859,10.865963,8.895425,8.564458,9.481076,8.819335,9.907004,9.071756,7.2815633,8.931394,6.9937325,7.587844,6.03421,8.3547735,angry,1
-237.57616,50.83493,-23.92154,4.6186543,-16.193136,-14.105726,-15.6385975,-6.779626,-26.48364,-15.7877,-11.420744,-14.855749,-7.70044,-7.9100294,-11.73586,-7.5874557,-22.207582,-10.514337,-10.20415,-12.453874,-10.373941,-2.7477038,-2.4752338,4.4525347,11.18613,9.353093,1.7289851,6.0039353,-2.8347032,2.1455727,6.6001368,3.9994671,-0.024261514,-0.4207455,-3.8184948,3.347684,1.8297845,1.6703073,-4.255813,-0.7889071,69.67162,46.524044,31.837612,22.039833,33.83788,19.145864,20.49459,13.724003,12.997259,12.141335,14.542144,10.60016,9.372412,11.353942,9.360262,8.449715,12.729987,10.157212,7.520343,8.834352,14.72045,14.738218,14.597607,17.44365,21.07073,22.249474,15.731643,12.677986,13.600207,13.49919,13.438671,9.890282,9.349318,10.230096,8.409273,8.693724,6.752609,5.806861,8.76498,8.180245,angry,1
-229.13524,43.5912,-19.790518,6.7689543,-16.67465,-13.458743,-14.2698965,-5.8310533,-26.575462,-12.514815,-6.3215833,-11.953039,-4.090452,-8.100217,-13.228896,-3.564334,-18.29359,-3.0133615,-6.820059,-6.72741,-4.553578,-0.1445939,-2.947006,0.28787786,1.39166,5.5425024,-1.6212779,1.6773814,-0.18430918,2.2964144,1.1651696,0.7785698,-2.0121439,1.9779054,0.29907066,4.491905,1.7627671,5.6489034,1.2851529,3.9794366,90.4896,70.8094,31.258537,20.936834,27.92465,27.503454,17.561625,15.152515,15.903692,10.591484,12.425387,9.814816,9.224352,10.340869,9.886126,7.495323,8.4582815,8.2377615,7.6912436,9.402825,15.22241,12.417517,12.893305,13.211459,16.03622,14.432394,14.284807,15.87556,13.856685,12.024398,12.183187,10.777245,9.66826,9.473726,8.484996,10.1451645,10.168864,8.829618,7.5859823,7.499599,angry,1
-132.313,36.04731,-36.40362,-6.798663,-21.484175,-15.278587,-29.523148,-17.407858,-26.498255,-17.52838,-4.668016,-14.847509,-11.166823,-7.411642,-8.544983,-2.4649756,-9.575116,4.0711384,9.326439,4.0394998,1.5499295,4.5293975,3.003377,3.6713445,2.3680384,-1.5442251,-8.247891,-1.7043598,-1.6983366,-0.3032851,-3.8513157,-3.6942878,-1.8937267,0.81206924,-1.640567,2.260336,0.45239726,3.3395693,-2.3805625,-2.9663615,82.39703,45.968487,31.346296,19.83766,31.535559,17.901873,19.445545,14.200235,12.342379,9.827284,15.3855295,10.345596,9.906242,11.620085,15.633896,9.911063,11.1775875,18.706314,18.950089,15.681818,13.365559,15.8893795,16.486153,12.48173,10.854313,9.870519,10.175765,8.147256,8.9622,7.9964166,10.614805,8.634195,10.57667,8.42745,8.730615,9.294096,7.4583583,8.576812,8.521956,8.266853,angry,1
-456.02618,102.34023,-30.88719,10.398168,-15.972359,-13.440173,-14.377556,-20.770372,-10.702712,-3.0940433,-10.609688,-4.3981857,-12.144261,-0.0947359,-14.769552,-4.8031263,-6.0623646,-4.1486425,-2.4159536,-0.31786045,0.32363984,-1.430063,-0.8377255,2.1123178,-2.0529847,-5.3651896,0.15302539,-1.3571805,4.0260563,2.8952413,0.44781446,6.7686887,4.8142023,9.618015,4.6774178,5.712222,-3.6040154,2.5708477,-2.495177,1.4482965,70.452354,59.108013,38.35203,31.626554,16.342932,16.345005,16.656492,12.752972,16.313824,12.304061,10.046774,10.059038,11.831926,9.952006,7.641129,7.6551147,8.951624,9.585205,12.640877,13.385866,10.368132,14.716384,17.594337,9.871356,9.141176,7.2814946,7.210912,10.133932,10.182001,14.73094,13.953243,14.306716,12.24898,12.716993,13.659409,12.085919,9.202941,7.324731,6.521117,6.5373197,neutral,2
-460.81757,98.663315,-33.78261,15.109501,-16.600441,-13.879603,-14.583082,-18.127773,-8.78755,-6.1046886,-7.8293886,-5.3820457,-13.786412,-1.0766436,-13.734466,-7.2737927,-4.9857974,-2.5075336,-4.0485415,-0.7165977,-1.485022,-3.4696927,-3.115735,-0.19861718,-2.5928268,-6.6925135,-4.2962475,-2.696113,4.291238,3.776693,0.87005943,7.812908,6.3114986,7.8169127,3.219723,7.786727,-0.79547215,4.392899,-1.0395249,-0.18597275,69.90076,56.932873,39.55448,34.337845,18.515055,16.617945,17.27686,11.988931,15.482477,13.003748,8.562506,10.620743,11.896485,8.561227,7.867586,8.024963,11.417732,12.982057,11.000491,9.86071,7.293517,15.002198,17.962507,10.991888,8.055084,5.579334,8.315679,7.1717935,9.084281,14.675266,16.010563,18.0684,12.181503,11.218086,13.718061,17.37656,12.578176,7.819554,7.0649376,6.7120733,neutral,2
-426.8854,96.60869,-31.711905,3.268168,-17.62967,-13.320045,-15.548132,-22.376005,-15.061779,-6.60627,-11.505666,-6.063786,-14.338537,2.6373053,-13.448485,-6.699859,-6.4682317,-7.1685476,-2.3151047,0.68809944,0.51565284,0.103518285,0.03293253,-0.50750065,1.0866656,-1.4678065,3.8664155,5.745738,4.1684217,6.076615,-0.2996082,5.565922,2.0869384,4.2866693,3.222065,8.95641,-2.5211215,1.3477473,-2.3961215,2.5159826,68.21335,69.87779,51.02488,30.653336,18.770382,18.426168,17.604755,11.729113,13.154154,13.953769,8.464502,12.632475,11.892308,8.030896,8.76836,7.4881415,9.135588,7.717279,6.807087,12.220231,13.702376,14.415349,12.293601,13.845068,12.819501,13.101935,14.742802,12.723714,15.067092,17.44677,15.376329,12.000035,8.970005,12.945122,14.373439,13.996751,9.666124,7.3023477,7.4525003,8.847851,neutral,2
-433.16388,92.314285,-32.355396,1.4634452,-18.792175,-16.177862,-16.02909,-24.701391,-15.573944,-7.673577,-12.180536,-6.472427,-18.65552,-0.2244125,-15.0775585,-6.630531,-5.3938723,-9.231046,-2.0527055,-0.42308626,-0.128656,-2.8322816,-1.9603391,-1.5555583,-1.5294642,-1.0636286,4.6101923,7.013048,5.9117146,9.427178,3.7507598,6.528136,-1.3807138,0.5956435,1.4829563,11.8905945,1.6932292,5.210167,-2.0254755,0.28927058,72.78215,66.15304,49.028,32.01263,20.321642,16.642784,14.995223,11.824106,13.527697,15.055994,7.6742096,13.602167,12.429846,9.454375,7.2030663,7.7602525,8.164433,10.037537,9.4091425,15.262063,16.646872,13.040806,9.5049715,9.989964,11.824411,13.361637,13.186086,12.315115,15.857521,17.311346,17.412779,13.524623,10.758851,10.3659725,11.000643,14.163811,12.335121,10.641051,7.5722384,9.073348,neutral,2
-397.9579,90.814384,-50.803596,13.891901,-19.228783,-16.100359,-8.461601,-26.634113,-8.560442,-9.542783,-12.713955,-4.5124464,-19.205261,-1.5321672,-11.759132,-9.057486,-5.830714,-3.6456683,-6.3795433,2.3131468,-2.7866063,-4.3486476,-0.32128182,-0.82424784,2.6875086,-0.5577856,2.2674618,5.026654,6.2607265,5.1337895,-4.7108235,1.7831244,4.646696,10.011234,4.0266957,0.44083497,-6.188717,3.6920311,0.9265587,1.5279197,76.864334,52.77698,40.914177,29.370218,20.477362,20.298231,18.743965,13.664712,15.638539,11.533725,10.331977,12.836629,11.412266,7.8252068,8.148864,8.261009,11.821519,15.929223,14.915886,12.460805,8.922777,15.140213,19.005428,12.572279,11.562379,15.184408,16.010656,15.615904,15.233109,10.750042,13.02198,14.52031,16.094004,12.439911,9.5804405,8.317218,11.154262,11.466273,8.449001,10.129604,happy,2
-412.62183,92.21057,-48.245308,19.408783,-17.901138,-17.161745,-10.655868,-26.950304,-6.7504005,-9.90657,-13.235215,-2.8986201,-17.985308,-0.77529436,-11.376229,-10.048492,-4.475518,-3.4987848,-6.111095,4.4068317,-2.6709564,-5.0976315,-1.5579748,-2.1683779,-2.1532629,-5.2976203,-2.4873452,3.90095,4.475656,8.546207,0.07523135,5.6832776,6.4524927,10.312877,4.676507,4.554862,-2.42579,3.8793833,-1.7466316,0.019788925,86.39213,55.271397,41.950344,27.74969,20.920729,21.720356,16.831839,13.512512,16.215887,12.55343,9.954339,11.319304,11.98883,8.10458,8.425211,8.437892,12.322492,16.65632,16.429947,10.769275,8.992894,15.844728,17.664013,10.963713,7.3033447,9.337851,11.731357,15.502953,15.256481,15.367419,16.312483,15.036924,15.437115,15.232488,14.041213,9.749351,8.509881,9.309017,6.0151997,8.113335,happy,2
-413.0456,87.6967,-46.12219,7.246525,-19.606771,-16.372541,-18.118504,-30.499344,-11.283677,-7.4578705,-16.673725,-3.5046127,-21.300798,-0.99663544,-12.41287,-12.2126875,-5.8777785,-8.899081,-8.735612,2.28373,-1.4681695,-4.7719283,-1.0494462,-1.9972434,1.2783434,2.8067532,5.613864,6.2601366,2.1089559,2.8912275,-5.5241423,0.09132233,2.6538525,8.433078,8.455356,6.8928447,-2.5157754,2.2066872,2.161722,5.8672357,80.9398,57.150448,53.420494,27.569052,24.702038,17.92028,20.51076,13.973927,13.749239,12.05445,6.885944,14.759592,12.065189,9.196725,7.2530456,6.373947,7.1117377,7.494586,8.052365,10.232173,12.186674,12.603722,11.199999,12.157113,12.9406595,16.418669,16.69876,20.424505,17.980371,14.211711,9.84067,10.511254,13.319685,16.955559,15.150401,12.450159,12.148742,13.736653,13.217825,10.920182,happy,2
-409.8823,90.08309,-40.415833,10.981764,-17.655327,-16.302784,-17.733162,-27.555834,-7.294621,-5.449222,-13.528573,-3.0118587,-18.450981,0.19587177,-14.249245,-8.60926,-5.217469,-6.661285,-6.082702,3.9220967,-2.6840467,-5.122838,-3.1349344,-2.7075815,-0.28186792,3.0087013,5.9310493,4.263086,3.677838,5.407693,-1.3644142,1.0512791,0.95124114,5.5490427,6.773919,5.535019,-5.602943,-1.5971045,-2.068063,5.5704904,78.55238,58.468357,51.02525,29.58157,24.718063,18.765896,19.514566,14.933448,15.96469,11.238981,9.155954,15.449631,12.909456,10.069233,7.946662,6.115822,7.1780634,9.275688,13.078668,14.241354,12.620281,11.169932,11.951361,12.585325,11.91866,15.03132,14.067482,18.432673,19.216206,16.652395,10.844438,10.616782,14.66442,14.898953,12.089961,8.590393,8.578006,10.399945,10.753333,9.042567,happy,2
-314.84143,68.11256,-64.89707,9.087122,-26.552412,-27.682695,-12.561773,-33.29129,-8.39134,-16.574213,-18.733004,-2.3752618,-26.088268,-3.0546434,-12.311431,-11.802278,0.73883116,4.8194695,0.47841677,5.8155284,-1.9250876,-4.1931357,2.2287955,-0.15533789,2.989458,-2.5069165,0.5302871,5.6624312,6.3682303,7.96498,1.3897046,4.0774217,2.8638022,3.0392382,2.1588526,5.7078595,0.8584752,3.6411583,-1.0751917,-0.47303435,71.51613,40.466194,43.99329,26.756731,24.689573,19.622341,18.626255,12.212284,14.685097,14.352744,9.393962,13.912095,11.93156,8.759496,9.068069,15.344738,21.32349,19.629135,23.42406,19.448143,14.110251,15.019924,18.02812,12.821456,12.092083,12.105475,12.069131,17.453281,15.999464,19.282331,18.70285,14.983479,12.099269,13.961102,13.9564085,11.434022,10.957235,9.095285,9.331135,6.4088173,happy,2
-312.55453,70.368126,-61.559856,9.475551,-23.817005,-28.432144,-13.59038,-28.821789,-11.163132,-14.552366,-17.036396,-1.3692918,-23.970566,1.233867,-8.9339285,-6.688013,4.763129,5.9021883,1.8423619,3.6863525,0.15920578,-4.0269403,0.68044066,-1.8555559,0.36644185,-1.4830283,-0.31211442,2.1464124,2.3301346,7.1090775,6.263927,11.266815,9.02839,4.681118,-0.10771215,4.675382,1.3107713,8.198046,2.2726421,2.6745172,80.56878,44.5851,44.11053,26.60282,25.719204,16.4649,16.95996,12.787645,12.051965,14.454698,8.720951,14.844435,12.002312,12.454008,12.309657,19.728708,19.496069,20.296753,19.256424,18.652334,10.692612,13.433738,14.342531,10.391128,11.66023,9.46981,13.141509,14.034227,11.992477,13.962193,17.190552,19.630478,16.309923,12.815644,10.861789,8.9235735,11.317063,11.323467,8.502539,7.9533854,happy,2
-363.38956,76.41564,-46.596863,7.093514,-17.719131,-25.05363,-20.944456,-29.879314,-9.131718,-7.2864823,-23.00737,-3.758215,-24.387047,-2.411285,-12.822383,-17.093557,-7.0370073,-9.718826,-7.5480347,2.2715895,2.71901,-2.9660907,2.6415052,5.7362833,3.8439121,5.161632,5.560473,5.224434,-2.4746253,1.4586471,1.5582632,8.233468,8.215403,4.1469264,1.5244546,4.623362,-0.01425428,4.119999,2.9994953,4.379278,99.52985,50.59144,50.35918,29.701115,25.27993,17.550747,17.099428,14.592666,15.697901,11.811315,8.576143,14.285248,14.209212,11.324598,8.947529,7.086612,7.8289976,8.259063,12.642296,17.08022,15.593201,15.708995,13.819015,15.89917,14.226143,20.458254,15.203583,12.509102,11.481431,10.758685,11.81871,11.511076,14.730743,17.069456,13.42704,13.141302,11.9882145,12.023005,13.366192,12.075988,happy,2
-357.4081,69.37831,-45.789806,5.546396,-19.786892,-25.043633,-17.301508,-29.198421,-12.842633,-12.164324,-21.766119,-2.4018013,-25.432423,-1.5460397,-13.378775,-13.869046,-0.7277258,-1.7018096,-3.1444538,3.7157826,-1.8870614,-7.572357,-0.8264319,0.044601582,0.6593343,1.3620555,0.7505092,5.03976,1.1612468,7.146086,5.108096,12.3588505,9.801595,6.52939,5.1853304,6.311668,2.4852507,5.462676,1.8516529,2.405814,96.935616,53.003105,53.800774,30.02399,24.23257,20.767796,14.769772,15.602265,13.721621,14.296057,9.108411,13.792566,11.98263,12.025594,11.436275,12.060457,12.52567,17.089138,18.176382,19.121292,14.205246,12.441784,11.712653,14.706177,15.851979,15.438636,12.175126,14.230946,11.618043,15.875397,17.308762,15.586817,15.935702,14.2067,14.766421,14.3876505,14.300313,12.473771,7.517534,9.048897,happy,2
-509.57977,88.68877,-24.551178,11.629007,-15.110837,-9.3763,-12.518117,-19.59584,-10.739839,-7.3396187,-8.615216,-9.477259,-10.146324,1.9071672,-13.1124935,-6.3492036,-10.024281,-4.4679465,-11.046982,-4.8604784,-4.1490583,-3.9933236,-4.5536094,2.0278995,0.6499902,-1.056988,1.4694257,2.1799448,4.1318264,6.0974226,5.090673,15.457812,13.703804,13.593081,9.130215,6.737117,-3.237538,-0.13689665,-2.7181926,0.67438877,74.54636,52.691536,28.412176,27.77504,21.563116,16.287403,16.171177,14.317923,14.17831,12.492181,8.975583,9.8636465,9.34112,6.9666657,7.3095984,7.980321,7.9206476,6.8608103,5.770523,7.9198165,8.237591,12.936754,13.832072,11.740307,12.612455,14.944115,10.104926,11.6669655,13.1894865,15.725749,13.480125,15.80682,18.749098,17.445993,17.146273,11.109498,8.592827,6.0563016,7.654951,7.885959,sad,2
-491.09253,100.6038,-26.687586,13.070982,-14.805887,-8.707036,-10.856944,-19.484865,-13.885882,-3.672399,-10.201846,-5.8895025,-11.619861,1.2609054,-11.739834,-7.245444,-9.520323,-5.0416017,-10.5661745,-4.527075,-2.9347131,-4.846806,-5.8881774,-0.13948692,1.6895951,-4.28423,3.277591,3.7104034,5.5865765,10.449651,6.3757544,14.04175,11.689577,8.915196,4.520137,2.5220835,-4.7466264,0.48135355,0.77113026,1.1432227,71.743744,57.747314,33.22664,26.881998,23.029467,11.625151,18.888668,14.346361,14.783986,13.113777,11.04776,9.231436,9.3088875,8.014874,8.519504,7.224733,7.348665,7.0216293,6.2679234,6.305273,7.6051855,10.404397,13.19039,8.6840725,9.921082,13.108139,11.891087,14.61531,15.353391,14.608666,15.341332,17.330269,17.897888,12.959832,11.112937,9.608508,7.6908503,6.451291,9.025443,7.4698935,sad,2
-513.99585,86.77575,-12.466673,7.7571754,-12.056342,-10.5883255,-19.70298,-23.812927,-9.531715,-6.5175056,-12.99601,-6.465136,-13.810366,-0.9473157,-13.632761,-8.696885,-7.201409,-6.22028,-9.288055,-4.554032,-5.2233367,-10.893579,-9.526721,-3.7015967,-3.4858482,-2.9991355,4.4613757,3.286493,3.274777,1.8616257,2.4708507,15.68653,21.38038,23.807875,18.629139,12.312705,-3.4918947,2.1879876,1.3850642,4.696765,69.43654,54.832767,37.829266,27.564718,17.572475,16.244692,14.845615,12.673001,14.449154,12.090534,7.382634,11.334559,10.403911,5.7565126,7.126492,6.576706,7.5785046,4.509662,7.9293675,6.926003,6.969145,5.328298,9.017598,9.6551,9.279267,13.3839035,18.919106,16.579859,14.642645,15.346081,14.847128,15.715675,12.3512125,16.008013,20.927647,16.443611,8.696884,6.1279054,9.338366,6.7691927,sad,2
-525.66516,85.39654,-14.27219,11.985148,-8.623858,-9.259898,-14.360037,-19.976057,-11.8217535,-1.2814183,-11.493668,-6.023871,-12.528106,-1.0403347,-12.480164,-5.6752815,-7.014996,-6.2799644,-6.9737062,-6.1473494,-3.6586213,-10.084176,-9.193061,-5.185432,-4.211274,-5.84865,0.51613224,3.1997926,7.2640796,11.75811,10.550211,20.746195,21.863977,20.800262,14.6221075,10.18652,-4.1351542,0.22031319,-0.02477978,5.807496,78.082504,57.57197,39.4498,26.482801,15.813552,16.17313,13.918983,10.957402,11.817313,12.141729,7.470479,10.078052,11.044633,5.904846,5.7251396,5.460264,7.1044874,6.0551367,7.435235,7.054944,7.59368,6.681284,7.7225785,7.99755,8.345425,10.545821,15.922574,16.44271,19.847063,17.028492,16.87906,15.665116,19.23358,17.132263,15.642789,10.159403,7.9664884,9.041336,8.6786585,6.26016,sad,2
-487.479,93.572266,-27.594593,6.9600224,-21.300623,-14.738154,-20.101276,-28.415861,-19.784826,-10.169367,-16.510855,-1.6836061,-17.770927,5.3793244,-11.820725,-13.439626,-7.1076617,-2.9084716,-8.041755,-0.2748682,2.5971038,1.3694599,2.2632298,9.082245,12.34735,11.033093,15.2524605,5.8219814,3.369316,-0.9271506,-7.2902794,3.707635,0.49555498,2.2105148,-4.8438888,-0.43605253,-4.5460215,-0.05937582,-4.468006,-1.9883025,69.21046,52.824917,41.12822,28.283579,22.65401,17.1636,17.793211,16.979076,12.88291,13.879757,8.561527,12.129031,10.942648,11.628565,10.337477,10.245099,11.039964,9.308676,9.612724,9.912579,10.3620825,15.071962,12.065124,9.338375,13.365275,16.333933,16.953335,13.273533,8.135915,6.467778,4.9691663,7.01784,7.9298835,7.026883,5.3071985,5.293877,4.201959,5.5022883,6.197752,4.1947417,sad,2
-506.19083,97.72306,-18.769688,12.557409,-14.066763,-11.09001,-20.961628,-22.910318,-18.077366,-5.330248,-12.9973,-5.3362703,-12.966831,-0.56973714,-10.313192,-6.969984,-5.114075,-0.9168247,-9.014056,-3.1187572,-3.945868,-3.3926735,-2.2526202,2.850974,4.5920954,3.1356757,9.443028,9.9454,9.899261,7.2557745,-0.38961956,2.164605,-1.8414111,2.310769,-1.2876202,0.8404156,-6.302151,-1.7075018,-2.9090152,1.0443876,89.984795,57.12283,34.190304,31.435577,21.264416,15.263481,17.458492,19.100939,12.376239,12.238795,9.030124,8.130818,11.902925,8.703117,8.172555,9.386031,8.612226,7.296405,8.883836,11.073294,8.7367525,8.336362,9.279669,10.481986,12.201863,9.43132,10.549731,13.670562,12.402307,10.0853405,9.907805,8.010688,5.1685867,6.0635877,5.753523,5.6748853,6.397331,5.510131,5.6858053,4.863851,sad,2
-484.5353,86.74631,-18.993813,5.1218724,-16.362654,-12.439626,-24.728878,-30.903177,-22.528475,-9.1498165,-17.121323,-6.842223,-18.807487,-1.1206547,-12.801863,-14.832007,-5.9826703,-7.176109,-15.49992,-4.3822026,-7.200452,-9.292062,-3.8835082,4.4718266,6.868528,4.5133314,7.6806583,5.3419776,5.8211675,8.966147,4.6496162,10.125723,1.8712643,1.8318312,-4.2920456,2.2612054,-3.082127,-2.0670512,-4.7519546,-1.1464645,76.0668,62.799854,44.85748,29.211576,19.570425,18.011923,15.198087,15.625314,14.655806,11.106788,8.477739,12.189999,11.159594,8.634607,8.258571,6.448547,9.138548,6.123708,6.477475,9.226086,7.3890586,9.726592,8.765606,11.321065,16.472214,17.053751,15.93827,14.91069,14.762989,16.214806,12.68584,10.305897,13.730679,9.31165,7.4578924,5.522532,4.996412,6.1073027,5.697916,6.994477,sad,2
-482.0306,81.61615,-12.361982,8.782644,-16.929344,-16.111506,-26.479286,-27.650126,-19.43988,-6.414648,-18.311829,-4.8402276,-17.467293,-1.5255594,-10.213242,-14.815617,-4.379609,-5.1818886,-14.262052,-3.332197,-4.8225927,-4.4722953,0.8511222,11.623339,11.981546,9.194025,9.4498625,3.3656766,-1.1529466,-0.22701538,-4.0626044,4.916197,-1.6714029,-1.170802,-7.044121,0.73730874,-5.874802,-2.4390748,-6.7729034,0.17539692,73.62022,70.16586,42.00027,31.753494,20.029465,16.95644,14.054387,13.47153,13.360499,11.9763775,9.297977,10.187515,14.037329,6.902993,8.634246,8.770988,8.908965,7.777032,8.5871,11.990344,8.960509,10.922228,11.510966,11.017014,13.805375,15.416328,14.668763,13.14165,7.2255335,7.6851625,7.5728836,7.477634,7.079215,6.9588885,8.894645,6.318331,5.1658134,6.254157,4.989961,6.9702663,sad,2
-384.36752,88.18687,-26.169802,9.701819,-16.625435,-12.879816,-8.941387,-22.707485,-11.34142,-6.539312,-7.220994,-5.3406734,-11.373096,1.0057691,-11.692621,-8.206155,-7.9818826,-4.84292,-4.5610895,2.3721714,4.5565324,1.1305139,-0.24227232,-2.598297,1.7419989,2.740212,7.1490912,5.789494,-0.25976774,0.7156317,-3.0688927,5.1723905,3.7243497,5.565927,0.31890225,2.644811,-2.3775437,2.437364,0.64202106,1.1314397,74.47778,62.7,30.304377,30.288788,18.546572,21.750317,23.914293,18.663963,15.442102,14.9134,11.097178,10.793304,12.581689,7.7710614,10.33997,7.806499,7.0897613,9.422268,8.382624,11.728206,10.32917,14.973111,12.623339,9.487238,13.546043,17.356583,16.305464,12.485175,10.283835,10.178224,12.030004,8.3171015,10.292351,10.969269,11.237005,10.603938,7.7364044,6.9573374,7.2380743,6.5416346,angry,2
-383.39044,73.65307,-33.561134,13.682804,-18.20546,-11.754229,-10.346833,-19.861874,-7.8408217,-4.82001,-4.7934146,-3.6161916,-9.289753,-0.2884439,-9.742898,-6.806839,-5.209768,-2.6483536,-2.7317057,5.7043204,2.147354,1.3214409,0.27744547,-0.28123325,1.200923,1.4320081,6.663214,2.974471,0.5744744,-0.0027619202,-1.5753573,5.6827474,4.1233535,5.52582,3.6593614,4.1786847,-1.6565759,2.5038724,-0.8798429,1.8243606,76.204346,59.207645,32.125294,32.812515,17.69193,17.091585,21.99913,16.388567,14.278061,13.982625,11.060464,10.2088785,10.889787,8.382558,10.6063795,9.806882,6.55186,9.597581,9.525312,13.757087,12.162556,16.52442,11.11595,11.118221,14.01624,18.00406,17.667204,13.608811,11.920125,9.978494,10.8966,8.75927,11.459288,12.631572,14.311841,11.62861,9.566071,7.75768,7.94872,5.9495893,angry,2
-373.51624,80.86489,-27.308783,5.3310456,-23.084782,-11.438794,-12.768917,-23.634253,-14.420703,-6.035419,-12.1707535,-5.1030407,-16.305527,-0.4777177,-12.438942,-9.540321,-6.8393745,-10.130734,-10.921159,-3.5036933,-3.2387788,-2.4241772,2.7155674,0.9192313,3.4012878,3.6452255,6.9538445,8.671043,6.6077967,7.400319,1.018384,4.5481887,0.28056726,3.7527723,1.3924627,3.5169373,-0.124654755,1.5131644,-2.06792,-3.6700656,75.04949,78.48661,46.180347,34.486298,25.390778,21.891125,15.160744,16.394434,15.6777315,13.905244,8.435515,11.495748,10.51966,7.4528284,8.405795,7.208554,7.238469,8.0296,7.1535897,8.007738,11.844193,11.720614,11.552155,14.466224,13.774194,19.203606,14.520946,12.885992,12.201149,14.391636,13.306176,10.195869,10.562651,10.417848,13.064912,13.9775715,10.867801,9.037921,7.784436,7.7129145,angry,2
-372.59344,77.42847,-28.798054,5.4648223,-24.574713,-14.808015,-11.018116,-26.055569,-15.076579,-9.198059,-12.789058,-4.750874,-19.778286,2.8967705,-12.630493,-8.507923,-6.6745214,-11.730304,-12.811696,-5.7030134,-5.8360186,-3.8079336,-0.6204929,0.546966,3.0479143,1.9775097,6.369526,8.281342,9.809251,10.234428,0.9824823,1.8345492,-1.7395242,3.7973459,3.108129,6.1643443,-1.574304,0.5337891,0.9353851,0.8636654,73.23801,67.708786,47.145653,33.960506,26.378778,23.261955,16.572897,17.311949,18.402359,12.632873,7.317871,12.854998,12.758519,7.4730515,8.581123,5.7493367,7.2600245,7.0087132,9.27657,7.8491206,9.956762,8.886312,11.643389,15.690183,12.629337,15.898302,15.865771,17.682367,13.6698675,11.976135,12.883257,9.495152,10.095464,7.812824,8.097084,10.999671,11.221459,10.27898,8.217853,6.701729,angry,2
-278.48282,59.109592,-49.179523,5.100991,-31.646997,-17.314987,-5.6906137,-28.179081,-5.6772795,-10.797239,-8.102424,-6.103279,-14.83217,-1.5156937,-8.216662,-1.3289281,1.2583545,5.9390965,3.7016056,7.713531,3.9214787,2.192754,-1.969423,0.99025,3.147753,6.763726,7.33194,1.344344,-3.0451446,-1.6930538,0.32130405,6.221971,-0.2897754,2.9804566,2.689769,0.12022741,-1.8470427,3.2965703,0.028449189,2.3027437,70.57864,54.90639,38.53822,36.69933,19.464518,24.688694,22.909391,20.122797,17.912678,15.865961,9.62827,12.747171,13.183795,10.676391,15.897998,18.62451,20.155504,17.777874,16.896194,20.231844,19.518015,12.2401705,14.159276,11.627351,16.100462,15.9128895,17.251005,10.560344,9.768099,12.008667,12.3808775,9.412726,9.06522,7.8766108,9.757079,6.391514,6.9954047,6.8822045,7.8126554,9.965567,angry,2
-291.70142,65.147804,-49.844646,5.166836,-31.514523,-15.098774,0.045892127,-26.326832,-9.010008,-11.687385,-8.534775,-4.0653753,-17.029549,0.6821582,-10.51516,-6.6021905,-1.8646088,2.2979488,0.4767704,5.4727836,0.96785736,0.89700335,0.7158872,3.9714792,5.882436,6.197397,5.20935,1.139525,1.5960954,3.1088347,-0.005854226,2.6532845,-3.3721611,0.1438956,3.2819355,3.6052678,0.5686253,2.3156743,-1.4755709,2.4729486,63.910088,58.122555,37.72117,37.16337,18.74893,26.099655,24.546484,20.951551,16.840273,16.703627,9.711749,12.031576,14.471259,7.695919,7.972046,11.625299,15.931481,18.94412,19.46105,16.856756,16.599392,15.62106,14.78555,19.332512,15.606008,13.813364,15.6701145,15.853017,10.638943,11.93206,8.246196,10.684045,9.416125,9.488432,6.4752283,6.0919623,6.686062,9.40439,7.2411733,6.1835365,angry,2
-235.431,48.215866,-64.949394,-9.218111,-38.1795,-26.097273,-6.320583,-35.976,-15.0788355,-15.681733,-16.468632,-8.858801,-24.25324,-7.7142005,-12.5464735,-3.879628,1.1530071,8.372674,7.045064,12.184287,10.921108,10.328886,6.5079746,1.4641085,-0.27811804,-1.1558187,0.45227027,-1.825205,-6.0284767,-1.2780497,-2.1450136,3.8902833,-2.3173907,0.26488578,3.0338612,2.7532115,-0.17484143,3.227531,2.4233065,7.1443505,79.38787,55.85983,53.6279,40.75189,25.090525,26.691381,22.757214,18.589514,18.560514,18.833513,9.396223,12.100861,10.298939,10.189982,16.67928,18.781824,22.968204,20.013165,19.14479,18.861128,23.766193,16.522741,17.683563,17.681612,13.745527,10.594199,11.03746,9.610621,10.465443,10.030448,10.680994,12.961354,12.767726,8.398975,8.508444,8.461912,10.536114,8.653397,6.6692433,9.73213,angry,2
-251.794,45.613323,-62.392487,-3.5721607,-38.95175,-23.498932,-6.59972,-33.954437,-13.122751,-15.010459,-16.785404,-8.526872,-23.124586,-5.3635826,-13.23144,-1.613404,3.0122967,4.169955,-1.7589977,6.647527,2.0636764,5.6096325,8.245659,6.741001,4.7267666,-1.1362191,1.1848763,-0.60761,0.3159523,1.1012173,-3.993438,1.1331371,0.68804455,3.7749896,0.61551577,-1.7369077,-2.2432451,2.5670273,-4.194083,-1.3711128,71.64315,54.296516,52.28619,37.616238,25.380503,24.247759,25.9099,14.744855,16.1311,18.050322,10.66159,12.912964,10.038242,11.848335,17.38601,17.371431,23.15475,20.756496,21.522408,17.115355,17.696589,16.380514,19.286741,17.185314,19.069668,18.505856,15.80568,9.963305,9.844379,13.395997,12.260222,11.871028,10.869805,8.959501,9.597211,9.075734,6.3242097,7.454507,9.951026,7.331476,angry,2
-432.91824,107.02571,-16.257437,16.98264,1.7431595,-9.738088,-29.1427,-14.557695,-7.1496267,-20.554195,-5.28024,-6.3112516,-11.424379,-3.1267138,-13.791894,-2.908329,-10.80933,-6.7276793,-3.350275,-9.682061,-8.23811,-9.123884,-8.198067,-6.1499977,-8.454172,-1.2788789,-6.338334,-3.789103,-4.975045,-2.853257,-2.5439951,-2.1968787,-2.0199091,2.7483509,1.5741017,-1.1862193,-4.266756,-2.8818893,-1.314256,6.511565,60.35264,57.561634,33.49106,31.452492,24.71886,14.1973715,16.38563,14.749234,13.478222,15.015251,11.154099,14.308174,9.107877,6.85206,7.282325,8.111078,9.003621,9.783799,6.1544094,8.661617,8.562151,6.3890395,7.8060265,4.9424114,4.776998,6.0644517,6.2420287,4.907968,6.3689475,5.4256153,5.5044837,7.429218,9.904632,10.653998,8.481786,9.375536,10.131681,11.137985,9.496823,10.66968,neutral,3
-441.2146,110.148766,-6.895351,17.037457,5.37167,-6.480577,-24.958515,-12.821794,-4.5783463,-16.415958,-2.7927308,-4.229188,-8.442683,0.26156962,-11.785946,2.3182664,-8.323585,-4.4131026,-0.03611805,-6.705676,-4.407118,-5.025915,-4.915608,-5.0732794,-5.560752,1.25321,-3.3923502,1.4286718,-0.09709703,1.5554714,0.9752496,0.58238417,-1.1457381,3.6214197,2.3125885,3.347765,0.43105906,2.4442441,0.7678529,2.4060738,65.49131,61.804497,28.980433,31.202383,26.719902,16.65762,16.901007,13.4628935,14.379774,13.796,11.819942,14.627715,7.0554376,9.487362,10.232844,5.81281,7.3822103,7.9202137,6.106492,8.342973,6.92756,5.7046347,7.971977,4.801179,5.047242,5.366053,5.2337275,6.993336,5.585917,9.776089,8.861954,11.9006,9.40724,7.422115,8.242999,10.153132,10.74085,10.643375,8.959167,8.436216,neutral,3
-425.64462,98.62276,-11.257598,16.555178,3.8502493,-6.1173987,-29.933329,-13.292489,-12.900093,-19.565489,0.0043144226,-8.588707,-10.01112,-0.8437987,-11.518908,-3.6891227,-8.816456,-7.6330795,-3.6006968,-7.3670936,-12.448934,-5.375142,-6.9077497,-9.348285,-9.039026,0.4178836,-8.997005,-2.1043928,-4.062376,-2.7607806,-4.2667427,-5.2956405,-6.778816,-2.3294175,-3.956945,-5.261145,-6.685938,-6.942834,-5.3153987,2.2836466,73.49299,71.61479,42.74055,32.259243,21.48721,14.337666,12.2836275,14.167,11.315094,16.128786,13.596425,13.182471,10.762909,6.984942,10.266823,7.1653666,6.9850025,8.985343,6.382789,5.503821,6.9566445,5.9899774,7.763201,5.1541862,5.5272913,4.1733413,6.4726186,4.46897,4.8810835,5.327123,4.5589523,5.200168,4.624683,4.371878,5.614164,6.05912,4.8713264,4.5858464,8.127209,9.842335,neutral,3
-417.31528,89.55637,-4.934261,17.027937,2.6479654,-3.8109996,-33.476826,-12.618626,-13.135537,-20.633526,-2.2868104,-5.5707626,-10.1409445,-2.3618546,-11.916972,-3.4393132,-9.827618,-8.450742,-2.8295941,-5.6623583,-10.738772,-5.8814993,-6.0226307,-9.544534,-9.349396,0.6244992,-8.313899,-0.6933307,-4.752527,-3.0146308,-4.4791894,-4.6441135,-6.3255286,-0.57588476,-2.1334677,-1.9930234,-3.3654265,-5.0202003,-3.1091986,-1.6219939,78.55115,69.27883,43.64294,23.105057,24.7016,11.9215975,12.421034,13.616028,10.85439,13.497454,11.908882,12.239587,10.104732,5.776719,9.931762,7.7726274,6.9226346,8.409894,8.908378,7.704728,6.565726,5.6759725,6.0792747,7.1006303,5.9224796,5.520954,5.3934793,4.8654513,5.8706837,4.2673655,6.3192325,5.180301,4.9325385,4.7801127,6.299016,6.7606936,9.352879,9.434665,11.636053,10.049438,neutral,3
-386.935,91.889366,-14.099442,13.896296,2.7384057,-6.6344438,-29.990622,-15.397675,-13.454661,-21.045628,2.9768136,-14.350525,-9.461922,-4.722112,-11.438733,-5.4294176,-11.262743,-5.7543254,-5.0028143,-7.642002,-7.182181,-5.824472,-6.8975725,-7.161065,-4.894841,-0.43581754,-9.334787,-3.1371198,-4.3224106,-3.288774,-1.7937489,0.61668813,4.1115685,9.208189,3.9470017,2.5060387,-3.688303,-6.2965446,-4.8850284,4.2576404,74.09912,56.63762,38.802505,26.33744,29.28159,18.858772,13.186745,14.120079,11.362623,17.552864,13.516825,10.633753,8.965808,9.482745,9.664015,7.9554815,10.644764,7.8664403,8.505152,9.657919,9.207418,6.8129153,7.770817,8.412165,7.666465,7.8041067,8.058304,9.229204,6.638195,8.937188,8.846432,11.547016,17.114836,15.297066,17.551308,8.795941,6.4357853,7.739246,6.6838713,9.511452,happy,3
-359.92532,84.93617,-19.52756,1.0711908,-9.360919,-5.617613,-31.22991,-20.451944,-14.02713,-24.856308,0.22985162,-16.301348,-13.067118,-7.479875,-12.151407,-9.046216,-14.014569,-7.400899,-4.3658924,-8.17471,-9.67743,-6.1413474,-7.691567,-2.662728,-2.4649048,4.319809,-2.1048017,2.0067055,9.537399,8.810516,8.187739,10.226291,7.5354333,8.057554,6.352604,5.7992234,-0.16279687,-0.47941428,-4.288371,5.476985,66.909584,55.103573,31.6413,21.817236,30.646944,19.009882,12.210013,13.319344,12.905485,14.791748,13.398655,13.897466,10.119933,7.326096,10.067774,7.1393456,12.094166,7.5654707,7.2929907,7.3533745,8.054205,10.178296,9.527416,10.088942,15.650558,14.13352,12.928659,13.425545,16.422178,17.388832,14.364337,11.512057,16.178436,16.761372,13.632069,7.8198547,8.033107,7.5671453,7.3448253,6.70295,happy,3
-360.42868,85.601746,-15.733394,3.8583267,-2.5978186,-6.2817717,-40.117344,-19.773823,-15.156862,-25.428022,-0.50481784,-18.840528,-10.714473,-7.0089426,-10.775405,-5.338381,-14.239176,-8.507349,-4.2142496,-10.515895,-10.640568,-4.381887,-10.732442,-6.022376,-9.675651,-2.8722968,-6.9932475,-0.7208467,-1.2468591,-1.7363192,-3.8268442,-3.2205284,-0.7523289,3.9796689,5.5371475,6.6181493,3.927069,0.7660919,-0.32086745,2.9971478,58.58717,58.11535,39.75806,23.256924,28.036701,17.928486,11.784849,15.29609,13.6553335,20.094007,11.439877,12.311776,10.157453,8.387906,9.755782,6.5010734,9.497316,9.784853,8.250999,6.7924833,5.9363003,6.45396,7.2257347,8.567447,8.252164,10.470035,8.888977,11.275055,10.243849,8.508884,8.742159,15.375318,15.717772,15.835147,13.611584,12.11761,17.184872,15.084884,11.650533,6.7189775,happy,3
-395.1893,88.629166,-6.0233407,6.320295,-7.130077,1.0366695,-37.18573,-17.686674,-12.229562,-26.322943,2.0518856,-15.993869,-8.305878,-8.587035,-10.271042,-6.74735,-16.155083,-7.176788,-3.592432,-9.682256,-13.834479,-6.675487,-11.126622,-9.005159,-12.113106,-5.320317,-9.546381,-4.0796638,-2.3826292,-2.224461,-1.4132625,-1.0199997,-2.5011694,0.44176564,3.080433,4.7151546,4.283882,-0.888635,-5.254232,-1.9355831,63.058056,66.60796,41.827206,26.625355,26.562765,17.557232,14.143754,14.681935,13.8255,18.952335,14.550571,13.798035,8.792795,8.600387,10.918459,6.5782213,9.726459,9.246281,6.453256,7.8951616,6.760899,7.318513,7.77181,6.3512774,6.5332155,6.0296025,5.189203,5.4564905,8.851596,14.036933,14.258363,15.069606,10.962718,8.913706,11.456032,12.445222,15.688261,10.777717,7.1319327,7.8195567,happy,3
-306.304,64.346825,-11.125103,-0.7535817,-13.386099,-6.0333147,-29.54258,-14.798092,-10.1657295,-24.109825,4.4336658,-14.646676,-13.634378,-3.8259072,-11.499929,-7.556591,-14.155745,-4.376403,-7.610539,-8.319016,-9.486795,-2.3738983,-4.7275076,8.810021,13.938341,23.41735,17.750572,14.362509,4.1449757,0.20697208,-0.9485857,5.707288,7.5576696,6.6829095,-1.848448,1.5020492,-0.8995465,4.1820517,-0.7632142,-2.1741679,78.098854,48.59744,32.72131,25.144278,34.644882,17.268816,18.19953,14.727425,13.998269,10.456761,9.981559,11.593251,8.71295,9.061818,10.002703,8.22832,9.245687,8.646308,9.429017,8.580749,13.63194,16.636663,15.040367,13.017472,17.038452,22.348629,20.387512,16.703472,12.491885,11.513521,10.310098,10.877989,10.756731,9.15857,8.228474,7.9335437,7.386626,8.424697,7.927446,7.059166,happy,3
-280.17294,53.21628,-25.279575,-0.9297769,-20.736546,-6.149808,-27.752888,-19.490759,-12.584213,-23.811646,5.24793,-15.022877,-12.950822,-2.1979718,-14.682216,-5.385417,-13.535241,-2.9969165,-5.6226315,-8.9764,-12.331907,-0.58400387,-8.966601,7.972202,10.258323,20.058874,18.72778,21.393303,14.164854,9.676958,0.39674693,2.7119727,2.0813391,3.667528,5.2454596,6.292888,0.10856523,1.9368894,-0.6872271,1.6756188,79.8107,51.963947,33.98027,29.822945,38.193584,17.153852,18.733288,12.532404,12.783773,13.64417,13.439024,13.780808,8.344484,9.554231,9.582769,7.8723927,10.728141,8.812352,10.6695385,10.0678215,8.241622,11.353162,13.760451,19.339705,24.031185,19.880222,20.276796,23.67063,21.649036,16.116068,16.235037,14.86215,9.77671,11.426402,9.732981,11.58841,9.729081,9.201292,10.369436,7.7863812,happy,3
-247.48575,46.826912,-11.710634,-5.7147036,-17.4957,-4.394433,-20.786676,-19.818148,-14.559809,-23.833109,-4.827342,-8.512588,-15.309193,-0.7989481,-3.336518,-4.9745584,-10.511804,-3.7720141,-4.784078,-2.1926785,2.3442602,8.635294,5.739012,7.1571317,5.6665816,6.880287,1.5471807,3.1481385,5.7805953,9.147354,4.8999586,3.9508076,0.22064453,0.14332694,2.8831854,7.7482414,2.359581,0.3949669,-1.4505624,3.3484077,122.96189,48.44254,26.31356,24.94698,38.690994,18.148159,14.983944,17.521149,13.455189,14.8398695,11.803699,10.353056,9.008831,12.774174,9.323424,11.185979,12.866422,10.778601,15.736324,9.650619,14.875987,15.481685,15.75999,15.700368,16.15525,11.165403,9.931208,9.11725,7.933828,9.504437,10.508423,7.3523893,8.423728,9.046618,6.548657,7.476284,5.161395,5.1523943,5.358408,6.1411095,happy,3
-283.39572,61.699673,-12.325379,-5.5870485,-8.973761,-4.153175,-30.298922,-16.74817,-13.028035,-25.913898,-0.2146495,-17.4168,-14.813251,-6.7614717,-10.765267,-6.048171,-13.082482,-3.1088357,-5.1731014,-9.489936,-11.690844,0.30959246,-1.8454021,6.419444,6.890805,9.585207,7.376183,9.139849,9.591458,7.599403,-0.103865966,-1.1376936,0.62178075,5.2067704,3.2195132,4.2608905,-0.8356771,-0.34641698,-4.412403,4.372133,56.0628,50.474842,36.308018,24.977547,35.20614,15.31529,15.80035,14.842169,16.48661,16.357138,12.6531105,14.214236,7.9632883,10.196769,8.966812,9.52598,12.724473,14.569117,13.769346,9.419074,8.458618,12.55394,15.741257,16.534616,16.737207,16.83411,16.804798,15.312466,14.29887,10.7108965,10.241045,8.496892,9.023201,8.780219,9.409112,7.6686673,6.8672132,8.288164,6.79775,7.29972,happy,3
-497.97174,111.654655,-2.1942725,15.185404,8.112491,-2.4218957,-23.753094,-11.1294365,-7.3448305,-19.02647,-1.9780563,-10.799113,-10.815864,-4.6890316,-12.733372,-6.9755216,-10.126575,-1.5157157,-6.7304974,-6.5609226,-5.702505,-7.950809,-7.278241,-5.3045473,-6.9075894,-2.8170116,-7.669953,-1.3282005,-4.4255333,-0.78730744,-4.3310323,-3.6402445,-3.853807,-1.9594607,-1.6879443,-0.9184521,-5.8317156,-4.7063,-4.7594533,-1.7748433,68.32975,54.8511,31.594116,30.06764,24.536016,13.171352,15.812912,10.231895,16.3767,16.85023,11.450573,15.605089,9.975641,8.708664,7.3795004,6.978267,9.423411,6.4016404,5.7653685,5.3047614,5.0720787,5.6722155,6.8509526,6.252344,5.25907,4.6297307,5.2513814,5.4807644,4.214554,4.9525795,4.859995,5.9928207,5.1066937,4.5940456,4.461817,4.2735248,5.4462876,5.039987,5.406656,5.088196,sad,3
-535.5123,105.83863,-2.4607673,11.918052,9.251965,-3.423232,-17.873869,-9.880213,-4.0729294,-11.25371,-3.446033,-7.1341662,-6.7969832,-3.3008332,-9.418053,-1.2977408,-6.5956616,-2.3545907,-6.5796328,-6.8686795,-5.241557,-6.9732904,-4.6752996,-4.0444655,-8.075026,-1.5381931,-6.774866,-0.3460387,-3.8214424,0.7678997,-6.4298496,-1.3293787,-4.0992823,-2.2646415,-1.6660601,-0.28536338,-3.3398411,-1.9831252,-1.8751374,-0.216734,105.67895,44.701096,31.203325,26.283138,21.951092,13.318508,17.751408,13.713374,13.92001,18.771776,9.830362,14.161184,13.672968,9.523557,9.170652,9.271768,11.859282,7.436739,7.2005997,4.6343746,5.7310863,6.5538244,6.711358,6.613883,6.9248643,5.5488133,7.8126993,6.9472265,5.8520513,5.4017425,5.668315,6.0845485,5.255651,4.5294957,5.5595765,4.1426115,5.2730317,8.24375,7.8851748,8.397302,sad,3
-491.2626,86.94492,-9.971023,16.091528,5.549207,-5.140735,-20.52773,-10.833105,-6.6858883,-14.142786,1.5477139,-8.32854,-8.929011,-1.1423222,-8.832534,-2.1110873,-6.1083198,-4.809516,-3.7919521,-6.3867474,-9.424976,-3.9390104,-2.2908487,-6.6993117,-8.887479,1.5030104,-5.515795,-0.74837697,-4.0497613,-0.6988195,-4.2638326,-1.4732317,-4.454733,-1.7844565,-2.358483,-1.6259625,-4.3487134,-4.270634,-4.6701403,2.505296,105.16315,56.412144,35.790894,23.964365,19.823082,11.949879,15.411645,12.156783,11.626541,19.833315,12.673102,14.403288,13.163587,8.887283,10.759554,10.899494,9.834166,7.3819923,7.827473,5.4309006,6.072111,9.276968,7.342599,5.2583666,7.9153285,6.1372004,8.651894,5.94308,5.249698,4.063439,7.0132933,4.678685,6.1055493,5.267115,6.342038,5.252145,6.5803733,6.0003114,6.764712,10.085749,sad,3
-487.83188,88.09755,-4.032307,16.6817,3.9695506,-1.2501113,-26.851547,-10.790155,-5.716569,-16.311106,1.1650332,-7.5053425,-9.953769,-2.8400276,-7.3971057,-3.3263924,-7.527026,-3.6675763,-6.335657,-5.644198,-9.570581,-5.0298014,-3.6684303,-4.867565,-9.815356,-0.52913177,-4.5224094,-1.0779737,-4.5744896,0.10675284,-4.4698043,-3.2773786,-4.813241,-3.5138028,-3.3422792,-1.5258793,-5.0167227,-5.057123,-3.6635904,4.121561,100.777794,60.334297,33.246925,22.169868,20.117586,11.504677,14.0368395,11.056166,12.555273,19.640293,11.229467,15.216913,14.944113,9.390533,9.299617,12.069675,10.938735,5.858058,8.13437,4.2423725,6.0911975,7.299541,8.193303,6.2038455,7.113543,7.3617587,6.9049797,6.504857,5.643491,3.801237,6.476075,6.31535,4.5067897,4.450082,5.4486103,5.826727,6.9207315,7.160716,7.7777243,11.019839,sad,3
-443.812,86.333015,-21.788132,-3.6609645,-3.7674367,-11.497434,-26.345196,-24.445322,-23.844065,-28.564045,-7.5943775,-13.006471,-14.566344,-9.4405155,-8.906632,-4.151232,-4.8695216,-5.784815,1.1139424,-2.2069461,-2.456112,-0.33242205,-2.5382488,-1.3725076,-4.996022,0.96147996,0.37820092,0.19195941,2.6704137,2.7891817,1.8735023,5.027639,1.2456906,7.720208,5.926588,4.159821,0.34089017,1.9075975,-4.4417586,0.5886778,135.45868,55.043625,34.200233,25.5064,28.11433,15.944779,14.719701,17.113205,16.705978,16.174688,11.504916,11.803123,11.991514,8.194011,8.326237,10.602094,9.699904,9.96497,10.200448,10.793698,7.81195,11.303833,8.61793,8.860844,6.535975,6.4281397,9.465328,8.767059,8.894642,9.111637,9.478509,8.356937,11.541838,13.917059,14.330152,9.372735,7.46548,7.586331,7.320141,5.705832,sad,3
-411.2419,65.0798,-13.335987,4.3958735,-2.0351255,-5.5160675,-20.699232,-19.369682,-13.48746,-18.082499,-4.363582,-13.73801,-13.269733,-7.473564,-9.532485,-4.6275687,-5.6072884,-4.0702844,0.13026203,0.96851456,-0.99111116,3.7008567,1.3907905,0.2222348,-2.0811272,3.7354577,-2.7948167,-1.2290789,2.7075546,3.3133054,4.8162327,5.9867797,0.42305517,4.7926164,3.3678012,3.524646,1.4124751,1.0543265,-1.1759287,1.9821868,159.15965,45.770416,26.759563,20.040346,25.218367,16.32099,17.172037,15.937939,12.292968,14.13749,8.4881115,12.65701,11.1041355,10.103692,9.539216,8.809143,9.496537,8.058711,13.114067,11.069324,11.576439,13.512109,15.712984,12.764612,8.723546,5.865208,9.858393,7.452445,6.8309145,9.568661,9.454338,10.504662,13.887454,11.415009,8.673093,8.625464,7.605924,6.885997,6.1651793,6.5969687,sad,3
-410.54883,55.008785,-10.787102,7.1895123,5.832283,-1.9911101,-13.297295,-14.641239,-13.346397,-12.481583,-2.4945412,-10.174277,-5.8716497,-3.9446347,-7.5058427,0.14276117,-2.0549345,-2.5744457,0.28000018,0.61725336,-5.0009193,-2.1357224,-0.5076791,-3.0501137,-5.4567633,2.9688988,-3.0903256,1.437376,2.1983852,3.3188176,3.0693343,3.1700068,3.1619797,7.8099465,7.0718794,7.5718765,7.4964757,6.237619,3.7621207,4.669354,155.79175,48.960995,32.08896,16.584787,20.28707,17.250622,16.630075,18.101889,14.318169,17.408966,9.734433,12.335056,10.909311,9.927527,9.210988,7.9328814,9.876334,8.43478,10.279238,7.332276,10.850971,9.0074415,7.384277,8.996468,7.23222,5.6138306,9.168891,5.1312284,5.3045115,5.710067,8.763922,8.382129,9.349064,10.092028,10.434289,10.571351,9.914181,9.691995,8.474794,7.1721516,sad,3
-321.54852,87.70698,-15.893831,7.1617227,-0.64697003,-4.798087,-22.149214,-19.509548,-20.991615,-19.189562,-7.302407,-13.29263,-10.749499,-5.6171722,-10.872817,-0.82069117,-9.296154,-7.289788,-1.2378651,-4.223412,-12.36971,-4.859961,-4.5248857,-7.0311413,-7.191981,1.4160388,-5.4943075,1.4743973,0.14290446,3.7308087,4.490313,4.729675,4.808474,10.572605,9.091447,11.4627905,10.773941,6.3420053,1.1590793,3.820606,89.13215,50.963673,35.95861,20.030743,27.13498,20.538921,13.837822,20.319578,11.901017,10.315323,10.187174,11.598069,11.055736,15.196331,8.052673,10.051466,14.177315,6.866306,8.185678,8.285365,7.294344,6.246086,9.745874,8.134609,6.8827667,7.7365923,9.435804,8.650653,8.351158,10.616456,10.997737,11.602343,11.091653,10.61987,9.682741,12.504007,12.603044,9.842047,8.087947,5.944073,sad,3
-476.99042,91.39751,9.392252,22.283325,3.7333891,-8.780501,-12.1962385,-9.50422,-5.684932,-5.109377,-4.4552712,-4.6183,-3.194272,-2.8607833,-9.424603,-1.8253042,-5.5843105,-5.701456,-3.2603757,-3.177398,-6.5383177,-5.7539005,-7.178785,-7.675863,-5.8641467,-3.7848935,-6.995965,-2.6467931,-2.5505364,-3.703416,-2.6264687,-1.6934412,-4.5913286,-1.4610804,-3.577826,-0.018571971,-5.3158183,-3.8070357,-6.122682,-2.398688,87.092766,54.2756,31.72751,31.279959,28.190372,17.312372,15.881322,13.123147,13.351662,17.131357,7.4313354,12.760628,10.49696,9.030222,10.907271,8.394691,10.043641,9.273454,8.178444,9.167457,6.1850166,7.771275,7.5546455,6.659049,5.9523883,5.139424,5.8546753,5.8276777,6.2293906,5.267241,6.143242,5.5018783,5.7586656,4.3958826,4.5694065,4.4688272,3.9403539,3.6834052,5.257833,3.989175,angry,3
-359.7965,87.74333,-13.245045,17.97714,-1.0708432,-11.227398,-15.406892,-14.177654,-4.1253047,-10.990107,-9.376624,-3.7505767,-6.342354,-3.2302842,-12.077194,-2.4455879,-7.17833,-4.1627865,-1.7897949,-6.7812166,-5.0098796,-6.769244,-8.656772,-4.313606,-7.595723,-1.9071664,-6.1981006,-2.5300074,-1.5716821,-0.73828274,-5.9092145,0.03214526,-6.944351,0.8160029,-0.96966165,2.8418188,-2.0336602,0.9327087,-4.0849233,2.3921518,93.785126,52.755806,39.8776,30.824125,31.16884,18.707344,19.717278,13.4974165,15.444856,13.02784,10.367187,12.077597,9.782941,10.745961,10.566149,8.485066,9.980686,9.375793,6.45705,11.046119,7.6687717,7.4654746,8.900661,5.071482,7.3237576,6.0860596,6.563101,6.448695,5.5347047,5.1811647,7.165861,5.555793,6.9724774,7.4145255,10.937322,11.900945,9.97771,8.880018,6.8161893,8.885448,angry,3
-373.18253,90.38578,-9.87056,14.690456,-1.7469827,-9.173082,-21.505974,-16.56644,-8.814754,-13.289598,-5.779203,-3.3209302,-4.9924264,-6.2582836,-13.140028,-4.828523,-10.525872,-3.2509804,-5.5306926,-5.762875,-6.049943,-5.50859,-7.794779,-7.5205116,-6.392796,-2.9858303,-7.1543326,-3.117939,-1.3837439,-2.7027566,-3.0573194,-4.9403157,-7.2831154,-4.591959,-3.888187,-3.9068882,-4.204422,-5.9674673,-6.7321935,-1.7925243,82.109505,65.04108,36.4846,30.780647,26.281076,14.906968,17.15655,13.985884,10.745456,16.226542,11.455466,11.978658,10.686988,12.02208,9.94393,6.826862,13.382832,7.9130173,6.044761,6.660372,6.72516,6.1021647,7.102195,6.7098746,7.498673,6.3670115,5.676466,5.3276634,6.4976377,6.1279755,6.0830665,5.5596933,4.139605,4.491986,4.605348,4.6903915,5.09018,7.5819473,6.711866,7.261284,angry,3
-331.30142,82.24469,-14.737252,8.428277,-4.9712133,-11.340739,-23.636213,-13.931789,-10.295379,-13.583513,-5.5602007,-5.598378,-6.5741196,-6.816363,-13.476828,-5.6092806,-10.163791,-6.6382093,-1.7119176,-6.487741,-7.5368547,-6.162954,-7.544714,-7.040366,-11.126538,-0.12105804,-8.899713,-4.300739,-1.5991493,-2.8201685,-6.7688007,-3.494098,-5.8665924,-1.3341221,-2.8679805,-0.76282084,-3.503291,-2.9784458,-3.3866198,4.313394,70.03748,63.57071,35.87852,33.114597,29.019398,16.707922,15.726574,14.6244755,11.004156,17.530842,11.670262,12.104776,7.4071517,13.706342,12.867912,7.619823,9.4116745,9.323085,9.541363,8.53555,4.930059,5.2009606,8.196931,6.629796,6.7724004,5.569539,5.9624696,5.9465227,5.318129,6.9389586,5.792747,6.798429,8.045476,9.016894,9.026184,7.993085,4.9452925,8.598193,10.761965,14.428568,angry,3
-185.3874,63.074226,-27.787882,9.595479,-24.446102,-8.594689,-8.67389,-21.709206,-5.418535,-11.577533,-12.616282,-2.5397592,-10.2249365,-4.700192,-11.10552,-0.65594506,-9.251871,-7.9869576,-2.4004602,-5.0936522,-3.944722,3.770929,0.34885582,7.7619905,6.6972632,11.186999,9.991805,10.045326,10.009506,9.549595,4.942974,6.695788,2.7809975,3.1294162,1.8123007,3.9429748,1.105121,3.452516,-2.5322773,1.4557973,99.697014,42.570553,33.208088,25.6258,39.12505,20.949286,18.76098,13.936223,10.079565,14.7184515,9.849915,12.20907,7.5969,8.54077,10.11245,9.226509,10.341897,7.3862243,8.606478,8.568913,13.138517,12.836839,14.796068,13.80462,16.050205,13.138447,12.207435,11.004531,13.901754,11.717825,10.131215,8.65002,7.6634865,6.166455,6.9693246,8.302375,5.7288375,6.995583,5.851002,6.181265,angry,3
-194.55869,64.2284,-20.410765,11.669298,-14.724326,-9.532085,-10.648992,-20.687721,-6.046894,-11.999207,-13.348645,-6.1888533,-8.549476,-4.6902704,-10.715641,-3.224894,-6.4868503,-7.4404464,-2.7318485,-3.0971448,-5.095654,1.2291987,1.7763926,8.438753,4.837913,9.563874,6.694846,6.4905696,6.94974,9.693114,5.621626,9.226045,2.2707767,2.658037,0.936667,4.2536654,2.9283602,4.514379,-1.1482722,0.30772716,101.978096,43.102676,33.18878,28.09638,34.6133,20.920332,17.139744,16.6596,10.666541,13.711445,10.545071,10.789292,7.0365486,8.385057,11.060616,10.36595,9.157619,8.387063,8.4608965,12.050334,9.171787,11.549202,12.586966,13.205298,13.509681,18.551865,12.722364,10.419458,11.6603155,11.917235,11.154849,8.883358,6.369856,6.021709,5.789184,4.868265,6.0250163,4.9401526,6.216157,5.505662,angry,3
-190.15454,68.39777,-25.23017,7.216838,-20.327137,-11.341842,-10.28497,-20.106136,-9.477085,-11.593916,-9.968837,-4.08832,-12.102235,-3.5399501,-14.25834,-2.4750822,-7.619939,-5.618637,-2.9439716,-0.075593784,-6.572989,-0.5760114,-2.5794306,1.2091863,1.8668505,6.782337,3.5342076,5.413733,5.883672,5.2759085,2.0926907,5.3249445,2.0247684,7.0972967,3.3525007,3.8314261,-0.10775746,1.612624,-0.4065367,1.9000013,103.467064,57.445644,36.04743,25.06838,36.467392,25.276152,19.395744,14.030942,11.228205,14.001992,11.211012,13.711099,8.648751,8.270621,8.4174595,9.608145,9.000512,8.71395,8.452487,8.044528,7.8586116,12.194399,9.616897,9.647963,9.371827,10.834467,10.001703,9.946668,7.965583,6.627294,8.069567,6.383877,7.927453,6.8393464,5.326737,6.487337,6.3667874,7.4826403,4.466826,4.772076,angry,3
-173.87871,60.97198,-24.003231,7.9487104,-23.365908,-8.672609,-7.46416,-18.25315,-13.29461,-10.581733,-7.7613015,-4.846922,-13.920951,-2.3232725,-13.504273,-5.3345137,-5.8812284,-3.2878203,-0.84003127,-2.7596717,-6.505145,1.317459,-1.2802339,2.9496634,4.60139,7.4237976,4.3093076,5.348739,8.024701,10.89095,5.2078905,7.1893234,-1.278266,3.1919215,1.2673842,4.6215878,1.1920102,1.5194268,-0.7930382,2.9700444,103.43346,47.19074,38.397747,25.36263,40.389523,23.486614,22.21503,15.569029,10.514591,15.153683,10.689492,9.734706,9.106637,9.217006,10.396857,11.087919,9.484833,9.206063,8.48788,10.393592,11.04708,14.291083,11.469395,13.8354845,14.276916,15.941304,12.195398,12.519567,12.2089815,11.033471,10.406935,8.914384,6.692817,9.5213995,6.80514,6.4790545,5.626968,5.535651,5.2154427,5.3678284,angry,3
-484.6513,86.397095,-26.377718,14.468594,-12.251169,-14.3453665,-15.140995,-28.892488,-15.532641,-6.820185,-5.1162543,-14.322237,-9.765237,1.25449,-14.670127,-7.3903365,-2.4540315,-0.991567,-0.7476892,10.736875,-2.9313304,2.9511678,-12.443215,-4.281272,-3.8338282,1.3949544,0.7776446,8.197386,3.4713352,6.7491603,-2.455391,0.49173295,-5.6681833,2.4298785,3.745405,4.1465964,0.6384404,0.11591987,7.12141,9.516568,68.74084,59.26614,34.199844,23.76417,19.802845,16.131216,18.303915,12.145238,12.248698,13.408162,7.953323,8.211415,8.994619,8.440996,8.216221,7.3004284,7.7656627,10.853904,18.049294,17.01448,14.129663,9.696797,8.490446,5.933418,7.332908,9.599864,11.851437,14.523665,18.500025,14.783504,6.3008437,10.053018,13.1186495,11.378653,10.171289,8.772791,7.673012,10.035527,11.165887,11.06114,neutral,4
-485.4162,85.990746,-27.600435,8.64046,-18.399586,-18.67105,-16.832232,-30.184559,-22.806763,-9.893217,-7.180179,-16.71164,-11.204479,-1.2724053,-17.137615,-9.713999,-10.479831,-10.136608,-9.951695,6.2690525,-3.4833322,6.248814,-4.991194,-1.8390428,-6.4964404,-2.149288,1.2705951,10.759873,5.75733,4.7671223,-0.61490965,5.945589,3.7821422,0.5190267,-3.5966713,-2.577813,0.26387998,-1.305643,3.2241993,10.384372,64.96327,59.977684,37.42939,23.70497,16.09272,15.411055,19.650164,12.580843,12.548629,13.254506,9.670278,9.209978,8.072486,8.024244,10.284072,7.829574,7.8203473,6.155089,6.8186965,12.2698965,17.047258,19.722782,15.40837,7.763472,7.3573503,9.772451,11.87812,14.042642,17.200788,18.189157,13.084995,13.112537,13.4629755,9.670445,12.854786,11.257253,7.421059,8.254202,13.226245,12.172953,neutral,4
-485.26758,95.56051,-24.81409,-0.28926063,-19.514864,-13.9894085,-23.634878,-34.043987,-19.884865,-12.708279,-9.322001,-19.332842,-11.681088,-2.4660506,-19.092642,-10.259828,-8.765218,-9.238256,-13.634903,1.4819888,-6.9266963,0.83385485,-9.920145,-2.1447523,-1.3860793,-0.11366624,-0.9994874,4.431798,-1.8860561,2.9707563,-1.9942527,6.0058384,4.4818025,6.1474175,4.233767,6.8824296,6.0653453,4.5573397,7.630263,6.6287136,60.77855,61.53632,47.663357,24.079454,28.049845,15.553988,19.035109,10.482921,11.487483,13.905036,8.10608,10.449221,5.4719715,8.900006,5.6048484,6.4946637,6.9228477,7.8749933,10.195443,11.159124,14.967623,13.54365,9.65946,11.282374,9.699418,12.7483015,8.637947,12.23205,10.903089,12.5375185,10.714656,13.05889,16.13178,12.887789,16.514593,15.799972,13.751208,11.173582,13.414431,13.647658,neutral,4
-490.55777,95.03956,-20.827045,2.5358436,-18.033682,-13.322843,-21.454441,-33.831085,-21.547592,-12.085053,-8.701845,-18.4595,-12.7547,-2.0837705,-19.62507,-13.31399,-8.032158,-9.218524,-16.177101,-0.080703504,-9.5019045,0.6588013,-8.832558,-2.717557,-4.8202877,-1.0523994,-5.1015396,3.7651653,-3.4108195,6.213744,0.5451939,6.9203396,4.646991,5.270939,-0.5825735,2.9305272,5.7922797,4.196923,8.879777,9.31851,63.434746,57.047916,46.27174,22.408348,25.632471,14.952263,18.489185,8.913236,13.175341,13.6456995,6.9424562,8.140598,6.760471,7.6818256,6.850743,5.9038486,6.392855,8.230864,7.017722,6.4870176,9.678636,12.414295,10.684729,10.313438,8.267689,10.599462,9.490543,9.194636,9.119894,9.782562,10.069441,12.873996,14.636324,13.114019,13.032024,11.39228,11.405052,10.020901,13.820946,14.372778,neutral,4
-431.5836,92.30215,-40.639744,10.199384,-20.98351,-21.933361,-16.821907,-31.382936,-18.153135,-9.955372,-15.245296,-16.555561,-12.960668,0.3853428,-16.31985,-1.9706154,-6.354362,-8.018992,-10.933942,-2.6600294,-7.313781,0.59004784,-7.329481,-2.18308,-2.0304275,-5.71521,-6.366056,-2.8288975,-3.8345912,7.701136,3.8865712,11.511001,6.951572,8.094044,2.8899155,2.1189435,1.9649531,1.710197,0.6156294,1.3872577,73.47651,54.56177,38.81661,24.817131,22.903307,18.62393,21.61637,17.079735,14.602781,13.024881,10.141727,8.423432,9.629445,10.30841,15.371726,17.310497,12.838141,8.139907,8.13828,8.754739,9.031748,11.151328,10.820059,13.767598,10.138367,10.353841,7.5250044,7.568,11.115228,14.547625,16.95424,15.285654,16.02254,13.736438,15.237878,11.57486,9.891663,9.576365,8.878003,6.817913,happy,4
-374.82547,80.19401,-49.740208,9.475222,-19.847878,-28.05451,-9.681581,-33.426727,-19.704681,-7.401834,-14.690702,-14.287638,-14.383189,-0.67173,-19.428453,-4.3489447,-2.779392,2.995526,1.7410555,10.052246,0.3314493,11.0041895,2.927148,4.6971245,3.620661,0.2754842,1.8599519,5.936226,1.5980935,2.6977088,-4.234027,2.0732627,1.6616344,3.8627079,-0.53497714,-0.21279171,-0.4743639,1.3744781,0.33559448,0.6366473,61.841003,49.21446,39.678654,31.45704,24.712229,22.00776,23.788355,14.446286,12.622903,13.558533,9.426909,9.599772,10.491964,8.644892,9.774652,11.265052,14.400781,16.290972,18.016024,16.16554,15.999848,16.965311,15.261765,16.19436,12.33274,16.245953,12.000703,14.56012,9.929787,9.463414,8.325217,8.074703,7.598102,8.759105,6.775278,5.823213,5.142038,6.441113,6.6992345,7.000877,happy,4
-403.33435,80.87291,-34.734703,13.534772,-14.853353,-20.96321,-8.836976,-27.518244,-16.565641,-13.848005,-7.8835673,-12.869262,-10.742024,-3.6239266,-14.222278,-7.611181,-12.764818,-6.8770347,-13.704842,-2.4203808,-8.288869,-1.1614691,0.060827002,6.57721,2.7020733,7.9348836,0.6194437,5.989962,2.4608796,1.0035143,1.5239698,2.4562461,5.053989,5.7148633,3.6427467,5.324271,-1.629056,-1.3896967,-4.864483,-1.7847241,63.407383,66.99142,47.97742,31.51406,26.118519,18.173107,23.550476,14.566297,11.718856,13.83571,7.0631585,8.358831,7.7654862,7.8953085,8.375386,6.6857786,7.202073,6.9592986,9.32329,6.9307866,8.301559,13.559315,17.31911,18.460056,13.871723,17.07988,13.330071,13.069056,17.392183,17.010979,12.049629,10.965224,10.816482,14.0092,13.532937,13.3010235,11.370667,8.1763315,8.453385,8.524631,happy,4
-386.27014,88.81906,-41.379093,7.4847217,-13.569996,-26.123981,-15.202623,-34.428253,-14.312468,-9.853014,-12.945646,-12.772039,-10.932447,-3.708454,-19.075111,-4.5322666,-6.3117433,-4.928967,-8.336237,1.6880351,-7.155777,3.7919652,-1.0109425,8.340047,5.3069434,4.0430484,2.7562635,-0.30347314,-0.65306187,3.2349982,1.2792388,3.8583713,-0.4529505,0.3062196,-0.41202578,6.076855,-1.5530806,-1.7370929,-3.7526417,0.40846345,61.534164,59.330727,51.13005,31.222054,24.606367,16.546343,21.794636,14.765117,12.569695,14.23036,7.586521,9.952567,8.142973,8.389788,8.340559,8.657773,11.446113,13.259136,13.035361,11.918183,10.565713,13.791837,13.526651,17.804663,18.071768,17.066011,16.565702,16.970089,16.660656,13.977228,13.828336,10.841124,11.700554,13.556885,12.421919,11.76509,10.22854,10.157771,8.583413,5.5595717,happy,4
-324.31046,54.028614,-41.627735,0.2022529,-18.726557,-24.116917,-9.360151,-28.555311,-16.266523,-8.131171,-11.61069,-13.885728,-5.8268147,7.7932057,0.3323253,2.5922213,-4.5492,-2.291753,-0.3157852,11.225673,1.026943,6.9369016,3.982976,9.540648,7.099938,4.7622185,-1.4834973,7.4878054,4.923356,1.521197,-1.2251191,0.5639981,-2.64822,-0.9370238,-2.8744009,0.39426917,-3.5103023,0.38196707,-0.82578504,1.1276128,77.05608,42.52312,41.465477,29.335604,24.164406,23.76015,20.651432,16.97091,13.241073,13.474639,12.216014,11.281787,19.17392,19.139366,25.879856,18.825832,13.589546,16.896893,14.088783,13.524829,15.223641,17.011879,21.751617,15.593563,13.453319,11.330359,9.153155,10.585725,9.399215,12.876935,11.20685,10.525069,6.1236677,7.3275566,8.144096,7.516406,4.2836137,7.612221,8.251123,7.095652,happy,4
-294.68732,43.56303,-48.386356,3.8824077,-21.603132,-25.432722,-4.766403,-31.28274,-12.129527,-8.712707,-15.025804,-14.38937,-13.577273,8.303778,-6.830509,11.557528,15.444996,13.902211,11.940367,11.274743,-2.6089234,6.7720985,-4.041808,4.653275,1.9459764,-0.06724561,-4.1440706,2.6327207,0.8612173,-1.9609742,-5.625358,2.899777,0.5836744,2.0333374,1.5729417,1.9556675,-1.3089192,-1.5082603,0.38254434,3.887299,65.19638,48.501385,37.419533,30.337767,20.778324,21.87539,20.594868,19.48342,11.347279,18.738161,10.820079,8.580817,18.131239,20.918587,24.056084,21.093504,23.292835,24.825035,17.838037,21.220568,17.689518,16.150362,16.963827,10.750799,14.789726,12.074089,10.0100155,11.634888,9.1145735,11.745906,11.327111,11.607748,10.362205,8.835281,10.451618,7.101514,6.1361413,7.638873,9.625692,7.7505026,happy,4
-322.4801,48.0066,-40.27699,2.366507,-21.439175,-25.803263,-16.02143,-34.793232,-18.123049,-11.176717,-15.479961,-12.776612,-14.752344,-4.5287337,-20.829287,-11.078769,-9.787363,-6.793615,2.791493,12.466629,5.078179,6.7004113,1.039057,2.382567,6.5155187,10.165297,3.85833,2.7249997,-4.962983,-0.4336685,-0.021707794,2.367439,-2.9163313,-2.723227,-0.23631883,2.9623606,-0.6396887,2.9259956,4.128424,1.9603019,61.74843,60.169468,51.96536,29.318007,21.64973,17.493877,20.145191,16.297712,11.310316,14.317171,7.724032,11.323491,7.7496104,7.0133038,9.273283,8.200443,10.557399,11.951466,18.160957,25.728668,18.304024,14.214595,20.472271,20.609879,15.627791,15.839624,19.621958,15.088615,14.46356,13.320496,10.592704,9.623081,12.03896,12.545432,10.202707,9.3965025,8.134091,7.9545045,12.002294,10.475299,happy,4
-258.49103,35.004875,-50.693947,-3.4464326,-26.359913,-28.395126,-18.156677,-33.261147,-13.859596,-14.543176,-17.457344,-19.722532,-15.232337,0.70292777,-10.796092,8.261748,6.0301404,9.156154,9.5496235,9.502688,4.6389976,5.3149357,0.17009021,1.555664,-2.5302982,0.5238704,-2.6116285,-0.500492,-1.5573244,-2.5830054,-3.3077857,-0.87494993,-3.6142695,-0.078385115,-2.3259764,1.9271722,-1.9534786,1.8707825,-2.2291424,0.97293276,65.66534,43.293427,53.06623,33.480236,25.769152,18.04566,20.126444,16.229973,10.922717,13.624148,8.912665,9.520365,13.154472,17.175097,16.499712,18.76852,20.440422,25.561768,19.001736,17.353088,14.971334,17.614515,13.856341,13.691728,9.8953285,10.164166,12.973035,10.307115,8.082211,9.257052,9.390812,9.785275,9.694311,9.05648,7.4462724,5.945942,5.8364863,8.538943,7.963836,8.306668,happy,4
-486.08755,81.06879,-14.235243,14.300532,-14.070132,-15.680922,-10.737916,-26.12715,-20.260307,-14.960165,-5.648191,-14.37933,-12.869412,-1.9136802,-12.155835,-10.059737,-8.988576,-3.290986,-12.1628065,-3.6021464,-8.912023,-0.030691486,-8.50287,-1.6149412,-2.2545302,1.8656623,-1.1371547,5.1976194,3.589378,9.821844,4.2740574,6.5118794,1.8248106,2.7336752,1.9087249,4.5280056,0.3824196,-2.5121267,-3.7873127,-0.17269024,67.669044,64.262695,34.20841,25.548088,21.95809,13.917819,19.704601,13.059467,10.421848,14.012231,9.255932,7.061535,8.653277,6.331396,8.044272,8.918198,6.902123,7.5209494,8.137241,6.041173,7.704446,7.6382136,10.626447,9.307049,14.146269,13.032123,9.509293,11.923968,15.865529,16.898,13.455469,12.418801,12.748684,12.677638,10.481659,8.669524,6.544574,6.7809505,6.6354136,6.296814,sad,4
-390.11517,63.358566,-22.350653,-0.58077586,-18.941298,-21.556501,-8.089377,-30.171429,-20.305092,-9.836256,-10.7126875,-12.715648,-18.559204,5.377902,-15.833427,-3.0386899,1.9127387,3.0516264,4.9946456,5.3037825,2.4559195,7.1746054,6.6279383,10.9839115,5.3318157,5.2025476,-6.648997,-1.4308705,3.95999,5.3198066,-1.1488855,-2.979397,-0.97462004,1.1121142,-2.6913445,0.71819603,-2.8403265,1.0580902,-4.678201,-0.13153239,63.244637,60.650867,29.508028,26.2251,19.476715,17.294409,20.059404,14.418872,11.656312,14.415429,11.112154,10.194573,10.5191765,7.8111534,9.55563,8.396295,13.089154,17.003075,18.784216,17.579033,14.400369,17.258766,19.4252,18.0984,13.955133,14.910882,12.150261,12.030058,11.777134,13.723537,16.34722,13.857707,10.344006,8.422785,7.799366,6.827069,7.8603215,8.111309,7.8480887,7.905556,sad,4
-390.98306,53.866737,-28.220947,-3.1510036,-16.096334,-30.372456,-14.0612335,-34.68339,-23.01659,-13.042244,-15.380609,-12.290939,-18.668802,1.9189819,-18.913504,-6.162367,-4.187588,-6.3986206,2.0315964,10.415436,14.212502,12.21964,5.796036,0.5495751,0.72079545,-0.03447343,0.9465703,5.143357,2.5360887,-1.893506,-6.0681925,-1.8622078,-2.5682983,0.41434768,-6.8602905,-2.0678115,-2.3517683,4.073321,-4.6424108,-0.17255506,67.1414,75.5722,46.893013,32.535294,19.821215,18.279085,19.08287,11.394269,10.586331,14.197259,10.359815,6.92721,10.001725,7.3063016,7.6938453,8.439258,9.662427,16.942642,15.147666,21.449625,21.102957,19.984955,18.868912,13.808668,14.391905,16.778408,15.251639,12.751746,14.08038,11.377767,13.341808,12.199426,8.477638,7.9962864,8.658829,8.334692,6.692813,6.768822,6.713023,9.140961,sad,4
-404.71933,39.76966,-22.13059,-7.963684,-18.344345,-34.028015,-13.302007,-37.8212,-21.085125,-11.621006,-16.945745,-11.573463,-15.139077,3.7301812,-15.504433,-1.4343734,0.12083375,2.1830106,8.471314,17.560398,11.610643,5.848707,-1.7978065,-1.4120349,-0.50291544,6.402786,1.8055478,-1.6867262,-6.505201,-5.786561,-2.5521793,3.2212007,-1.3729918,-3.0996535,-5.514973,1.9654522,-1.9141867,2.242618,3.1486473,3.593466,68.455574,72.0396,43.711197,33.722084,19.269522,16.357931,19.872559,12.214391,10.279646,14.142396,10.539081,8.364282,12.777215,9.222578,12.702052,13.919089,14.482409,14.5496235,19.584373,22.489084,20.233412,15.643892,13.761805,15.629276,15.532362,14.786606,15.20768,12.285849,11.521428,9.307788,8.869,8.452396,8.5437,11.742003,10.339435,5.1100135,6.5912046,6.305437,7.433574,13.388858,sad,4
-350.81662,42.547024,-44.18765,-5.3731713,-16.733734,-32.88527,-15.197126,-36.00194,-20.844925,-3.6220846,-11.521997,-6.156532,-5.9847884,17.653883,10.575831,12.9959345,9.397331,5.9711723,7.092496,5.4194613,-2.5806067,-2.8338027,-4.6647735,0.5477501,-2.391491,-2.1459405,-4.4975095,2.3360517,0.8483179,-1.0073153,-7.14043,3.812601,-2.0422056,4.36711,-5.8712893,6.8779554,-1.7803872,1.4307116,-0.14448932,3.3689127,74.75768,51.564697,35.771267,30.677052,19.370722,21.600708,19.226751,15.587091,12.72472,14.466283,13.522068,11.387981,17.116877,23.83412,23.264477,15.584936,22.029001,24.71545,17.414331,14.726223,11.245261,13.780424,13.007872,12.998754,8.715392,9.268548,9.181495,8.252845,10.384229,11.768563,7.875403,11.738733,10.048082,10.626611,7.3889112,8.2707,6.0183077,9.118235,9.916022,8.084294,sad,4
-328.4399,34.1188,-32.791454,-7.314231,-23.919506,-22.88471,-6.9317174,-25.437225,-17.807259,-3.0873997,-5.768548,2.1944134,4.28352,28.119589,18.51353,18.911503,5.0801897,1.6252612,2.4572573,3.645071,-5.762169,-0.18586984,-0.23597755,-0.8817384,-3.06329,3.3910446,0.26452392,6.58599,1.4092324,0.31153232,-2.059833,4.050048,0.83666074,4.021368,-3.897385,3.736834,-4.1618295,-0.2682863,0.08972183,4.7124066,77.64506,47.16723,32.274323,34.830917,21.749773,23.972565,24.99182,13.467825,12.381674,15.836041,16.509356,21.332441,23.323296,26.329187,18.3578,21.362642,21.906408,20.377527,13.664895,10.598473,10.597766,10.275007,15.741859,10.842428,10.23652,10.71372,9.136667,8.617679,14.772919,11.078529,12.234935,12.135565,7.79443,7.3267875,6.3381176,4.9663982,7.9379134,8.386896,5.6716704,8.366178,sad,4
-295.0836,5.1929955,-59.303524,-20.221888,-30.240067,-40.103916,-26.117714,-40.580368,-22.442326,-8.700277,-11.308431,5.252156,15.317934,39.318836,12.708824,3.438611,-6.298951,-13.372408,-0.45240885,-0.3409861,-8.709885,-7.364381,-1.2393677,7.1713424,2.9197817,3.539193,4.138572,1.235275,-7.3483114,-3.71644,-0.57071364,2.7983317,-9.915855,0.25443038,-2.8154383,6.734942,-1.0311166,5.9040904,-0.6198004,1.9135921,66.854,46.992092,49.128426,33.737408,20.784914,18.621021,20.114845,15.033896,13.081314,14.499696,15.37293,19.768744,20.165964,26.956982,19.008018,21.62916,19.89671,18.226576,16.793789,13.937415,16.082943,13.13744,16.51283,15.428479,10.414525,8.479731,6.985396,10.449289,13.635932,12.333278,10.549074,9.810893,8.507136,9.800857,8.282768,5.0333505,8.093192,9.459342,13.446936,8.969375,sad,4
-326.79175,15.764794,-47.690468,-5.9590063,-19.663652,-34.01058,-16.931921,-33.165733,-18.459856,-13.17301,-15.579393,-11.983812,-1.5636195,21.10405,14.328384,20.451445,11.193097,-2.2766411,-5.217681,-1.0099754,-5.8361225,-3.2210114,-6.666721,-1.3741555,-0.7390582,0.9220853,-3.257275,6.717297,5.2063427,-1.9490162,-8.760329,2.7608624,-0.15337767,1.0832412,-5.6362696,3.3609138,-2.8936753,-1.312796,-1.931955,1.9815309,77.45155,54.920418,48.30761,36.962276,25.10152,21.612028,15.359175,14.520328,15.25743,14.798654,9.939736,10.859633,16.583267,20.10278,23.658714,18.532104,24.0466,21.061037,14.290929,13.951514,9.932495,13.520626,13.097436,10.62048,13.149301,11.519086,8.671073,8.630104,10.89726,11.107019,11.242549,9.342494,8.607067,8.548888,6.8261127,5.29714,5.836635,6.791443,10.806143,7.1103015,sad,4
-393.1739,71.906494,-24.507742,6.0681043,-20.80293,-14.813687,-15.073759,-28.36108,-17.306328,-10.786861,-9.174304,-17.22169,-7.8653965,-5.428364,-20.687038,-8.330301,-7.581716,-4.312475,-6.785505,7.0831223,-0.7647448,6.6557565,1.4930592,2.6652246,2.1796095,0.81149143,-1.8604459,1.3498213,2.5692482,7.2780995,2.4559555,3.5849714,1.532785,-0.23575579,-2.1017113,0.3536995,-0.8696214,4.1205006,5.1114206,1.8539429,87.290405,62.604366,32.86214,29.325584,24.887136,19.614645,20.567274,13.450167,15.341017,12.965253,12.659946,9.090998,7.297725,10.894968,9.618659,8.801351,7.6175137,9.136726,13.694854,14.786171,14.95729,16.026325,19.398897,14.928369,10.629101,12.095591,14.587717,14.1943,14.256883,13.635932,14.571472,13.558093,14.070322,8.524262,9.391541,6.807332,8.897401,7.142111,8.67987,6.4404216,angry,4
-358.8837,60.74684,-28.23802,5.335059,-25.758337,-16.447035,-8.21936,-29.820595,-15.156072,-7.880323,-7.909551,-12.625352,-9.456935,5.134505,-12.678056,0.46484828,-2.1754618,-4.5503755,-4.8028464,3.1915371,-3.8032243,2.5176897,-2.8408992,2.6652792,1.7486407,2.8507273,-0.44631386,7.812296,6.7521596,2.8570163,-2.3333638,1.2250592,3.0856106,1.1286823,-3.713562,-2.8075588,-1.1950204,-0.13855982,-0.29107156,1.0337282,89.7907,59.483387,35.46235,27.287037,21.192558,20.928074,18.966166,16.65918,14.965326,14.713201,13.266782,9.913468,10.567494,13.71467,20.558332,13.085021,13.077202,11.883221,15.504416,13.572688,12.748917,16.1019,17.764566,11.825393,11.0706005,13.845905,16.697403,12.881891,11.570559,10.9481125,16.929544,12.92636,7.107174,6.220361,5.740239,5.882024,6.977396,6.9916487,6.2801104,11.023491,angry,4
-337.5984,55.973953,-26.842716,-4.7029843,-24.97084,-23.031527,-16.460201,-35.584084,-20.453342,-13.593575,-10.621965,-17.350422,-19.535135,-5.658893,-19.926495,2.541365,-0.106876194,6.6621494,-0.29942644,3.9509034,-7.3272576,2.7171936,3.5625026,9.770656,6.7377477,5.026005,-3.2865725,4.5060368,-1.8307157,-4.153869,-5.3220816,5.8649745,4.7278934,1.003279,-1.5931354,0.14411792,-1.9553396,-4.7814407,-2.2139428,2.769217,76.1256,72.82425,45.245674,28.513193,28.993105,16.585264,16.654177,13.709636,13.385085,17.22957,8.29414,9.568794,9.539325,8.852764,9.927739,13.827845,18.444256,19.681152,19.180445,11.62053,12.407276,12.959368,13.223809,17.759224,13.674139,17.485207,13.727791,13.32434,11.9642515,9.986962,10.069663,8.561487,9.912731,6.3732777,6.2865496,6.614134,4.543211,6.809931,7.324791,7.122127,angry,4
-386.0702,66.924774,-25.967737,3.038868,-25.662323,-17.282024,-17.603931,-32.352577,-18.13628,-8.624533,-7.025707,-15.670345,-9.582869,-3.479487,-14.7665825,-6.6250634,-9.178551,-8.653191,-8.4982395,2.1622338,-9.594236,4.8610473,-2.5808954,3.1206834,-0.7691262,3.6962419,3.9022284,9.110573,5.267791,7.311135,-0.9471391,1.6941962,-0.5660653,3.5229385,0.63146865,-1.5330185,-2.9197383,1.0667578,-1.2496245,-3.4979136,63.425823,75.56999,49.62126,32.28407,26.769306,18.522886,15.9579115,14.452465,13.875465,15.644066,8.509485,10.023104,6.8903975,10.1921835,9.1034,9.443352,7.8285356,11.2331915,17.062773,11.975207,12.50546,16.92385,16.01892,15.67195,10.585982,13.958648,18.429987,15.278145,13.801293,11.799967,13.375692,12.536633,11.398878,6.3636365,6.3770514,8.040386,6.1351914,9.027605,6.348921,8.358657,angry,4
-221.74518,29.354431,-39.986805,-2.7407515,-33.1783,-12.180944,-3.5484002,-32.00963,-6.050185,-16.819284,-8.964842,-11.8068,-5.7731185,12.19394,-2.655584,8.40089,3.716042,4.8085938,5.307593,0.12247213,1.9849504,11.847629,9.4627285,9.188291,-3.8250318,1.6294205,-2.2577512,0.9504686,-0.5907518,0.8071285,-0.9606891,1.6569552,0.4046876,3.1209247,1.515805,2.7941754,-0.908829,5.207129,-0.46730995,-1.2050811,85.07711,44.11018,35.301113,37.48661,23.953772,22.222422,18.049145,18.93447,18.22211,14.301266,15.348199,18.472975,26.792128,21.205128,20.391138,21.740826,17.72528,19.51454,16.11597,13.835042,15.057998,16.359974,16.754126,11.402285,12.010954,9.853798,8.427563,7.7629285,12.020488,8.149248,9.771296,8.324128,7.6799703,8.534773,6.4809957,8.112921,5.705844,6.1397624,7.196392,8.459445,angry,4
-248.83818,34.167923,-35.150345,-0.5158126,-32.90798,-14.141164,-9.465915,-34.07517,-11.338073,-10.379729,-7.1318746,-4.508366,-2.647213,12.940072,-9.814195,3.9037383,-3.6256227,-4.882191,-0.96104676,-0.21134782,-2.3243308,4.661427,0.101591185,8.702413,9.933305,12.126325,1.3093102,3.8835983,-1.1480992,-0.6633607,0.16124538,5.0917325,0.34210682,-0.95899713,-2.4796035,0.118051484,2.1716478,4.5985065,1.1646427,0.41499764,73.04425,49.910843,36.048782,32.85257,20.447931,19.347376,21.486938,18.43547,17.068148,16.525951,15.224133,18.371914,19.865372,18.55885,20.050991,19.417278,9.787162,11.074103,14.4363985,12.774531,12.889064,16.383608,15.434676,15.787378,14.486809,21.898436,19.000406,14.211255,11.040738,12.314756,9.395292,10.535095,9.331032,9.395522,7.520707,8.529629,8.652904,8.091617,7.757679,9.5321,angry,4
-217.518,21.505209,-36.596558,-4.5507193,-29.599339,-25.154945,-12.317338,-38.39316,-7.4241204,-11.949855,-5.6563168,-13.248786,-12.831545,-3.0781314,-19.532593,1.4015223,-5.5484967,6.537627,6.8580427,6.6095266,3.8341298,10.50121,10.047655,13.325611,2.9380505,-1.1421448,-3.956309,-1.010389,-4.7158675,-2.2540615,-4.374018,-1.603857,-1.730887,-0.19128484,-1.6716334,2.3834207,-1.8092401,-1.6997403,-3.9131877,3.4705577,87.151726,47.97474,40.34277,29.106405,27.853779,19.1979,21.422918,18.096798,15.234401,12.530717,11.984286,11.692707,12.445591,13.30303,14.6261,17.115965,15.98718,19.489426,20.477911,16.30895,19.280602,16.573689,14.91147,13.753143,15.2235985,13.944237,9.32015,9.517244,8.351389,11.20206,11.273889,9.381411,10.126635,9.489916,8.534825,8.696863,9.059058,7.7011843,7.2957044,8.50984,angry,4
-259.2141,19.8106,-38.936638,-15.814726,-42.353928,-19.251776,-17.165638,-37.90519,-12.188518,-19.927902,-7.266603,-9.0573635,-5.8385477,5.2298927,-11.497776,4.7183957,-6.553566,5.7584257,3.965454,3.598414,6.278837,7.5912423,10.566104,9.705185,-1.9517772,3.5581577,-6.9140306,0.123851046,0.50532186,-0.32409754,-3.5587265,1.5097148,-0.88396037,1.1200995,1.343126,-1.1566094,-3.8694851,1.9867432,1.3085852,3.964875,85.74407,54.806114,47.727386,33.9686,31.204414,16.180756,18.416595,18.076786,12.280794,17.156334,13.62843,18.513058,24.261202,20.518871,20.087854,17.58894,17.056664,19.685984,16.110456,15.830983,16.099546,16.10477,15.860136,13.606178,11.531044,6.694125,9.1796255,9.655408,9.763969,9.014122,9.108912,9.557964,8.590782,7.8802814,7.4684405,8.718624,6.511459,5.727927,7.136153,7.9667377,angry,4
-551.0647,122.336815,4.913633,24.84704,14.631514,-9.927139,-5.959043,-12.352809,-8.088279,-5.1586804,-3.082081,-2.0953743,-5.0715766,-3.8998919,-5.454826,3.970619,-9.393689,0.56311,-4.424707,-2.7878072,-4.7677994,0.06567633,-9.316391,-3.2215931,-3.0171342,-4.076294,-3.7926025,-1.9496313,-1.5501153,-2.9188774,-3.4327443,-1.3097739,-2.2781208,0.01869778,-2.3633494,1.6898265,-4.970977,-4.568209,-5.7684703,-1.1102402,68.2229,65.295364,30.69545,31.651274,27.067041,24.466795,13.113167,14.773599,13.862016,10.4102955,15.691553,9.809985,6.8847036,6.691591,9.971084,6.8269053,8.367426,4.894397,7.7101374,4.4669414,4.4103293,3.3286166,4.8466587,5.944945,4.4732327,5.2172723,4.4807396,4.826439,4.799221,4.74714,3.8390236,3.3060296,4.2556114,4.040771,3.684678,4.4485555,3.4016738,3.4256473,4.028952,4.144938,neutral,5
-565.1529,122.13561,1.8059376,33.40873,11.206664,-8.603994,-1.1798074,-8.818485,-2.574859,-2.8100433,-1.3573989,1.4480358,-1.9635612,-3.8262935,-1.5873576,1.053746,-7.226748,0.06412224,-3.2546084,1.047091,-7.16586,0.5697023,-7.9114943,-2.876835,-3.2412577,-1.6115394,-6.096413,-0.9971169,-2.1087153,-1.9196653,-2.5702052,-0.6174265,-3.2560732,2.055646,-1.6844078,2.8525813,-3.9847586,-2.7891507,-6.0064864,0.09926976,80.84232,62.55387,31.67309,32.77602,26.966751,21.905493,13.897755,14.231658,12.48227,8.907152,13.156062,11.712024,7.8801904,7.607351,10.338935,6.860762,5.450092,5.684612,7.365301,5.6024747,4.5609922,4.738545,5.5121226,6.021694,6.8522067,4.208326,4.4461613,3.7846532,5.5373826,5.063064,3.8551633,3.6126456,4.41124,3.6626563,4.6192365,3.4845333,4.015024,3.2608309,3.5850208,3.0127661,neutral,5
-501.64703,122.32565,-8.470524,29.507414,10.2976465,-15.777987,-0.82091063,-17.81602,-20.900429,-0.33766827,-6.2031207,-1.2868099,-4.146342,-4.7988214,-2.529867,1.5082867,-11.327131,-3.3608625,-1.6738412,-1.3815136,-11.206008,-0.583402,-9.24548,-5.4597464,-5.3084354,0.060515832,-4.4325852,-2.0572932,-3.7927673,1.4643946,-3.7947838,-1.4656192,-4.293437,-0.640888,-3.151841,1.2155193,-4.835966,-3.887171,-9.053064,-1.2342688,88.49775,66.13135,36.05269,21.177101,24.502705,25.717897,15.232304,16.013807,14.335089,9.8524065,12.731374,7.6419363,11.475993,5.9445367,7.701149,8.970008,6.6283,8.62036,5.973462,4.6405387,5.7543216,6.007228,4.8322744,3.5674994,4.3063507,4.0623283,5.340468,4.9176326,3.9551475,4.0583687,3.6830535,3.2793527,2.922967,3.6761794,4.453122,3.5348241,4.1605134,3.8107896,3.7038057,4.3717566,neutral,5
-531.5865,122.48806,6.929632,28.756802,8.279535,-10.227387,-1.0025556,-19.522738,-11.391128,-2.097712,-6.1341386,2.321804,-3.7971833,-5.726703,-2.4631233,2.169573,-10.34626,-0.31478408,-2.954919,-1.7079297,-10.093157,1.140653,-10.061666,-2.5549133,-6.24601,-1.6043222,-3.3346858,-1.3731354,-2.4561715,-0.37247398,-4.362132,-0.8038275,-3.9574163,-0.9333558,-3.4198017,1.2932516,-4.6645904,-2.466848,-6.740582,-2.1591063,82.93055,76.10869,32.59882,21.861645,21.809158,26.872076,13.945202,15.982486,14.995476,8.253898,10.979316,7.086883,6.650957,6.204262,5.924405,8.109734,6.257386,5.8184323,8.937862,5.1442657,4.4611487,4.8156457,5.0248065,4.704771,4.527321,5.1263123,6.3010464,6.0205946,5.1053944,3.6918447,4.065167,3.2662911,4.209896,3.3746197,3.478359,3.5613623,3.302612,3.2614348,2.8655248,3.1413898,neutral,5
-514.0605,104.28466,-2.3578415,24.059334,9.632946,-6.0321774,-7.9088397,-4.1216807,-23.110636,-11.901123,3.989531,-11.469382,-7.920877,0.08167668,-6.1472306,-1.0069005,-9.812755,-4.8466115,-4.2290745,-3.1895773,-6.7732725,-0.6414528,-7.5429993,-1.8124385,-5.9666944,0.93179774,-7.9271297,2.7433193,-5.042481,1.3115077,-4.2430973,-3.9277823,-4.6342607,-3.5449064,0.6656371,1.6515899,-1.0476209,2.5618994,-1.0103687,3.7747927,79.332794,59.876312,36.741222,26.706783,28.820667,26.23979,20.815311,17.205475,17.25884,9.235076,13.231816,10.497634,7.328758,11.495115,11.76071,8.033377,9.770749,8.705274,9.489014,7.4669127,6.2657223,6.1467266,7.3184447,6.4111414,5.507573,5.2682853,5.7080975,5.2197137,5.39813,4.9906507,5.438301,5.082104,4.7226367,5.8521857,6.601629,9.151914,11.042555,12.85592,10.698976,10.484749,happy,5
-475.396,125.83884,-11.610783,22.315205,12.28382,-8.880665,-8.727849,-5.8733788,-17.582554,-5.1337857,3.0874586,-8.937051,-9.304793,-1.3322535,-8.968979,-1.203829,-9.829239,-7.3838015,0.07458562,-3.208691,-10.103775,-0.38358384,-8.799746,-6.703491,-3.887248,-0.13680667,-6.911596,3.6483839,-6.893839,0.8701154,-4.723196,-3.6772308,-3.8217216,0.23411882,-1.5290946,2.3690057,-2.0321436,-5.0380917,0.67350876,-0.014082164,92.65777,56.952076,32.393,22.701748,26.375332,24.717691,19.314259,11.493762,16.878801,11.775533,15.797399,12.145218,8.470169,7.168772,8.562967,9.76213,7.710252,7.4939804,6.530652,6.223504,5.9768605,5.050839,4.863051,6.3082924,6.182142,4.1833725,6.5835,3.9938347,5.3917623,5.604193,4.171879,5.102147,3.0247746,3.8981292,4.2414684,5.3786616,7.0100985,8.999215,8.267891,8.275752,happy,5
-479.06992,108.18173,5.840056,25.691763,6.5656548,-8.590654,-8.259897,-14.74789,-14.914769,-7.561846,-3.507055,-8.481831,-8.502206,-5.6401396,-8.504363,1.1840923,-10.735148,-5.332206,1.653749,0.5925081,-7.788943,-0.5689541,-7.64391,-1.1738832,-6.7668076,5.3366575,-6.9748006,-0.070141114,-3.9256148,1.1012064,-4.324486,-2.1769834,-2.1841931,-1.7776829,-0.37947914,-0.8652457,-3.9244294,-6.1903257,-5.236453,-3.122704,82.48075,69.05197,27.693394,22.025087,26.663046,27.655476,19.432373,13.030949,13.308646,9.416,11.178717,8.044726,10.983884,7.0074315,5.7977214,7.328385,7.6417336,6.9975796,7.0083413,4.5426207,5.9210753,5.5327463,4.876956,5.918333,6.905424,4.4023495,4.9120226,4.2511716,4.3328776,4.3560476,3.8704748,4.6915054,5.0437922,4.006417,4.0210276,3.8593397,3.862051,3.329935,2.8739371,2.9106176,happy,5
-438.54865,112.70768,-14.0928,14.228359,-3.7856863,-13.56846,-13.011698,-14.964475,-21.720327,-7.8440237,-0.091097735,-9.69659,-4.8728843,-3.8708575,-6.7689276,-1.2129428,-11.618666,-3.7695572,0.06868905,-6.794508,-7.8496947,-1.597767,-12.0773735,-3.14243,-6.3891406,-0.76542413,-8.370119,0.69413966,-8.447374,-0.93357325,-6.986966,-4.3595886,-3.583024,-2.4386742,-1.3522173,1.5995574,-1.3906431,-0.65019685,-0.24923325,5.782014,75.59557,74.531944,41.936756,18.695919,24.856403,32.65585,21.769411,13.139964,15.675148,8.075514,11.675514,12.261148,11.4274845,10.558188,7.319671,9.48698,7.551607,8.133283,7.8724356,6.967212,7.044701,7.7823796,7.022494,6.048351,6.5755363,7.21233,5.918162,5.2326226,5.902543,5.9013243,5.7816424,5.235595,6.529222,6.3764844,8.8183775,11.931713,7.9169645,10.799712,13.218395,10.604838,happy,5
-486.15546,82.4997,-1.0162048,9.343013,-9.170859,-7.6253858,-13.760877,-9.006317,-19.32535,-16.203114,0.07730245,-12.936606,-10.634072,0.3457473,-4.250156,-5.2522345,-10.755831,-4.9902954,-6.4824433,-0.31626558,-8.203051,-1.2990425,-2.8368983,2.3763793,2.343849,9.795668,2.0480509,10.420497,3.582744,8.879214,7.467821,6.8363395,2.8283327,6.057362,5.139183,5.6764026,3.3840501,3.0697799,-1.5935996,1.5371668,79.058975,66.62073,25.692142,27.671108,28.404583,23.481848,21.717915,12.550121,14.881479,12.135419,8.885989,12.476682,6.7325954,11.379843,9.616057,8.277728,11.210621,6.8126245,7.8446255,9.155401,8.991655,8.456743,9.942406,12.422648,17.469519,15.734452,12.153663,15.635088,11.664638,12.948831,13.890098,13.127883,11.939865,12.1689005,12.085703,10.576233,7.8577375,6.0338693,6.370475,6.05687,happy,5
-382.5428,94.94573,-26.34981,-3.3069787,-5.058512,-11.581097,-18.04757,-7.2798085,-23.895447,-15.275674,5.5377564,-12.165583,-7.0417466,3.5604944,-9.571464,-4.954022,-9.432641,-5.478528,-10.053534,-3.42835,-10.25039,1.862577,-1.22333,3.223548,5.8216643,7.9313703,0.8499525,13.350984,5.301978,11.571976,8.462162,6.030003,1.375864,9.976239,9.738435,7.2105074,0.7280617,-3.4346993,-1.1564907,1.9341823,81.25997,64.02114,32.348488,34.03396,30.76708,25.280996,20.211807,14.907711,18.409609,12.372145,13.192813,11.14078,7.9187927,12.60224,9.047898,7.2933984,8.984344,9.9146,7.5299973,7.8610396,8.419713,10.494172,14.400201,15.190145,16.488672,16.964777,12.021682,14.13835,14.00826,11.385087,10.859235,12.468015,13.1877365,13.821372,10.226328,7.8472843,5.8074784,7.2261868,5.3827643,5.712576,happy,5
-406.66684,91.82778,-13.126617,6.9040103,-1.1949288,-10.829992,-15.976733,-11.67808,-30.087564,-12.084215,2.8392394,-12.571175,-10.57523,-0.19754587,-7.8939376,-2.51074,-10.588625,-7.3789296,-4.4241643,-4.3444815,-12.180162,-1.8466051,-10.053168,-7.418438,-5.045562,3.4620614,-4.2642627,8.50377,0.5293874,8.165268,2.198885,1.4016645,4.4697275,8.441787,10.498916,5.6298733,1.7008768,-2.310195,-2.7322016,2.6798148,89.39416,72.743774,41.06157,22.138638,26.95661,32.403473,15.155732,14.925767,16.484911,10.4184885,12.122043,8.447786,9.752874,10.162382,8.452063,8.8398075,6.932849,9.563178,7.7472754,7.721613,7.406182,6.566818,6.8689165,10.558383,9.304685,11.059604,13.851231,20.048416,17.399319,17.146564,15.3406315,14.564092,14.237769,15.692251,16.732653,11.008371,10.749787,8.797001,9.000657,7.7114143,happy,5
-388.8845,83.83738,-10.571401,2.9680755,-4.9917245,-7.709326,-17.764454,-12.428898,-24.568115,-20.975807,1.9139417,-13.892497,-12.786949,-0.5925421,-7.2003865,-3.2394276,-10.254225,-9.640244,-5.787376,-2.1051958,-16.60632,-3.5517309,-11.401725,-6.241339,-3.0793953,7.3260307,1.2512224,13.26318,8.549216,15.583736,8.997663,8.77917,5.417333,5.371993,3.8550665,1.2940426,1.4629222,1.1447175,0.44466808,3.89847,66.742,75.52482,34.74424,25.655329,25.192175,32.714092,17.643904,13.120563,13.962519,9.823175,13.251311,7.018947,8.971841,11.772159,7.091229,7.7186303,7.881291,8.24436,6.030212,5.7767262,6.328458,7.3297296,5.698321,8.322606,15.2617035,15.322789,18.699848,20.688936,16.392136,16.841883,16.575516,15.49701,15.416815,9.861875,8.672724,9.267329,6.7368364,6.697736,7.5471296,8.542844,happy,5
-643.70636,114.182205,16.167679,28.601435,13.538037,-1.9595755,1.0123636,-12.932225,0.69832164,0.90639937,-3.33515,5.3766108,-4.0654545,-5.0569882,1.9982963,-0.3855163,-3.5502248,0.08074332,-2.8998463,1.2079823,-7.1449895,0.05337331,-5.5415435,-0.19408056,-6.8550735,5.9726954,-6.6071095,0.88818735,-2.3279867,-0.3066137,-0.30450854,0.48309547,-3.3708596,2.117763,-1.2714508,-0.6932111,-3.5573366,-2.4440036,-6.1329093,2.2259643,120.18804,61.31276,18.458662,21.943335,18.298666,19.710205,15.451739,17.041796,13.725704,8.869045,11.237519,9.427689,9.0689945,9.579524,6.503121,7.2334313,7.1809845,6.3258214,5.9458265,4.5299783,6.169814,4.8521366,7.1878376,6.5692954,6.4070296,5.2526484,5.583917,3.2153525,4.3009477,4.307086,3.8711033,4.1810493,5.3140707,3.8242776,3.748643,3.6950305,4.7709455,4.895419,5.0548487,3.2579181,sad,5
-597.4768,110.85969,9.117285,35.302704,10.326649,-7.400974,-2.0831678,-9.31451,-4.9494576,0.36522266,-4.1141634,1.0770406,-5.61664,-4.464505,-3.9626422,-1.1445191,-6.1020217,-1.7089732,-1.9773962,0.3891268,-8.868354,1.601969,-9.769067,-0.6277951,-6.5865774,4.871762,-4.5971885,-2.7782946,-0.73551357,-1.8198538,-2.620112,1.1317469,-4.8405576,3.318689,-2.3571217,0.562835,-6.6496935,-2.4551947,-6.279276,0.9486525,71.606476,55.838085,21.47273,29.639536,21.338097,20.096561,13.117684,12.168931,14.775316,8.286705,10.719844,9.147366,6.855968,7.5921736,8.317049,7.560787,7.716037,6.224522,8.273872,6.7902017,4.3363686,4.570338,6.681698,8.261923,5.694087,4.543423,5.0708246,5.01939,4.717964,4.8138514,4.665606,5.1711226,4.9315543,3.608894,4.014351,3.605907,4.08728,2.8035479,3.9691231,3.037112,sad,5
-575.2658,119.51401,15.729406,31.373959,10.980922,-9.182089,-3.1463993,-19.216978,-14.10945,-1.0120603,-3.8761976,-3.5698423,-8.518545,-3.7132413,-3.011668,1.7061163,-11.983626,-0.91071874,-1.2620866,-0.5193825,-11.207353,-0.065474145,-10.051462,3.00824,-6.2621794,3.148016,-6.623672,-2.747521,-0.9475962,-0.62733173,-1.6158572,-1.075006,-4.852944,1.2823775,-3.212038,2.739173,-4.8242736,0.26958078,-7.040786,3.6863704,67.8025,56.5597,23.021933,28.468313,19.548222,21.565111,13.780986,12.463191,11.31585,10.081289,11.329767,7.77406,6.2979827,8.25969,10.049009,7.225511,5.461365,5.1480775,6.6805196,5.238864,5.440093,3.590428,4.7473426,6.4744387,5.226758,4.5748053,4.147663,5.9958935,5.497605,4.603093,4.182031,3.9200525,4.1119223,3.3887286,4.5860343,4.183399,3.880887,4.904364,6.089183,5.846612,sad,5
-588.35223,117.258385,18.060436,27.296051,6.900948,-9.111085,-2.6887057,-17.283783,-6.8509917,3.194563,-0.9303965,-2.0598829,-7.67393,-4.1426706,-2.8975596,-1.7706419,-9.384021,2.6504326,-2.7167926,0.058795556,-8.69802,0.17035836,-10.996931,0.59283864,-8.211759,4.1804156,-4.426615,-1.7194974,-0.52856284,-1.4749799,0.579874,-2.3714275,-2.6194012,0.8865101,-0.95045704,-0.37345055,-5.16789,-2.4116602,-7.3363824,0.8220709,76.03681,64.71083,21.472958,24.997208,19.81476,24.276525,14.387647,14.667026,11.427989,10.68933,11.609942,8.964188,7.1766973,9.182664,7.5689416,7.9749155,8.599327,6.2979956,8.067984,6.2036357,4.8269935,4.4692974,6.1553164,6.5763683,5.022674,5.058597,4.434527,4.698429,4.931672,5.616434,3.9868953,4.7828913,3.39932,4.1753955,4.026472,5.3163934,3.6998708,3.6510866,3.2463884,4.402345,sad,5
-563.94403,116.8208,10.34801,26.58668,5.277859,-10.110752,-9.655509,-8.928201,-9.092436,-6.948984,-4.064874,-6.176641,-9.139887,-0.40167084,-7.852237,2.3600037,-10.210178,-1.4178478,-4.5792503,-3.3910542,-6.039899,-4.4437046,-8.835985,-1.6632067,-7.0771594,3.963168,-6.941247,-2.5459003,-0.10969078,-2.5818765,-0.66705173,-2.501379,0.28458467,1.4413686,2.9885607,5.1676993,0.19404091,1.3319914,-5.253959,5.4713635,80.86414,61.48255,23.041754,24.279882,26.121914,19.116442,14.365859,11.589324,12.963036,8.397167,9.904887,7.75594,6.118656,7.4428267,7.19445,10.389502,9.203107,8.23758,9.103017,5.935737,3.5622745,5.0760455,5.30839,7.3935213,4.561637,4.174383,5.694314,3.9392796,4.5847106,3.5585246,3.7365718,5.5853887,3.9668567,5.847067,6.1821566,8.170221,7.825729,7.140413,7.0808973,6.5262985,sad,5
-588.4568,116.80354,0.1716538,40.91422,10.823205,-6.2489185,-14.430976,-4.2881055,-9.269373,-7.6777387,-3.660241,-6.170008,-8.116254,-1.837061,-8.872288,0.39848927,-7.0994654,-5.3848376,-1.5254267,-4.6217017,-5.033657,-5.5991983,-8.764411,-0.4793292,-9.379335,4.9105105,-6.7304068,-4.302421,-2.1115713,0.14580056,-0.502631,-3.4022398,-1.0456529,0.67264265,-0.25330675,2.7280428,-1.3890601,-0.7319033,-1.1385344,5.553676,70.640854,58.70881,22.56766,20.232176,24.340467,14.231739,17.274876,12.481963,14.630477,9.655763,9.773193,12.680027,7.635165,6.47432,7.8230104,7.606733,7.3890023,8.039839,7.366052,7.4105163,5.5837646,3.8521125,4.5240474,5.1698694,4.8182487,5.667229,4.478911,4.377118,3.841672,4.521744,4.3262405,4.495509,4.2729697,4.8650966,5.7524066,4.6085067,5.037335,7.1776915,8.195321,8.732966,sad,5
-531.046,111.64921,-3.8579936,29.43292,6.318659,-8.609712,-12.673828,-13.192417,-11.518194,-9.389162,-3.9408348,-9.438654,-12.172042,-2.2543156,-6.7720227,6.0998654,-11.778838,-3.6882064,-2.9210384,-2.0670743,-6.7951927,-4.258718,-7.7548847,-1.9994651,-10.277275,2.0260456,-5.9457517,-3.1956425,-0.5631858,-1.3875859,-0.58358425,-4.0414395,-1.4512615,-2.0819368,1.3006045,1.3213128,-1.2256727,1.0158513,0.5010398,4.53474,75.8881,69.025665,27.326292,17.31845,21.534765,21.088701,15.260495,21.268492,11.75061,7.8357973,10.384762,9.273211,8.878564,6.597588,10.3411255,8.964576,8.6210165,10.446083,5.385965,5.9010453,4.686554,5.2107587,5.087532,5.346119,6.124475,4.8355927,4.471452,4.9265175,5.434384,5.822955,5.180124,3.3629122,3.5079212,4.240443,3.741567,5.478207,7.2841163,8.643626,11.293234,10.008899,sad,5
-547.4016,129.60191,-5.8075433,30.009323,10.105674,-10.232095,-13.896011,-12.77261,-17.03162,-8.0868435,-2.6578872,-6.265175,-10.358167,-3.2869015,-8.07974,5.273991,-10.355189,-5.9830904,-4.3284693,-0.06839917,-9.359931,-3.3419511,-11.23434,2.232463,-11.082615,3.9120708,-4.743197,-2.7847798,0.12697668,-0.5490338,-0.69424534,-4.624313,-0.4763366,-2.9942613,2.0354743,1.5226415,-2.4003532,-1.752338,-1.1325747,5.161771,78.661896,54.417637,25.814928,17.947445,21.852388,19.778393,12.9297695,16.51496,11.593078,8.8706045,10.530037,9.015657,9.03688,6.7506924,10.508794,8.032516,4.599181,7.272334,5.211245,6.184064,4.6256127,4.053483,5.116888,5.621245,5.2901344,3.8604188,5.4415307,3.8954425,5.177805,4.604718,4.523146,3.5940387,4.2761464,3.9871533,3.6647806,3.7633796,5.16114,6.1928,6.508279,8.634425,sad,5
-347.3751,100.27593,-27.096167,10.765887,6.5887403,-29.446503,-10.650693,-7.476082,-17.660582,-13.076544,-0.5008106,-8.770292,-6.841232,-1.6097416,-12.556987,2.6855268,-12.246974,-6.6916604,-6.259173,-2.427732,-10.414572,-2.9223819,-11.272466,-3.4141405,-3.0992098,1.6059669,-0.21183364,3.5807524,1.4043324,3.4061046,0.5773828,1.9375992,-1.7509892,0.7392201,-2.0236697,4.201701,-1.6063356,-1.6934968,-5.219654,0.058130037,89.33304,65.101906,34.558815,32.990044,25.15879,28.214401,18.818857,16.399931,18.031809,12.041519,15.681325,10.26716,6.565533,11.415345,13.517806,8.150323,11.146544,7.7035837,6.6315055,8.45206,7.339066,6.8343506,8.297342,10.1580105,12.547751,12.251432,11.201625,13.413999,10.45779,12.063964,8.38069,7.0705943,6.267417,6.213032,6.2164626,7.41573,6.421581,6.498818,7.573631,7.600153,angry,5
-351.1032,93.931984,-14.37884,20.597576,8.922149,-24.307795,-11.492169,-2.3251388,-9.909928,-7.4106965,-0.29143342,-4.5079823,-4.4497333,1.1456916,-7.05544,1.4242495,-7.912028,-4.6911483,-3.633821,-2.9041095,-7.8012094,-1.8428576,-8.446594,-1.7871727,-6.511145,-0.2503116,-4.0657444,1.5943434,-2.4251833,2.2695923,-1.5818526,-0.07754482,1.7337698,3.7995641,1.6976959,5.45187,0.18554182,0.2813061,-2.834036,2.5199957,86.118286,68.82253,25.649878,30.362001,26.174835,30.223532,18.566504,12.961666,16.399193,10.732426,14.563037,10.692646,7.809466,11.378326,10.194918,7.2302136,8.075901,6.2893553,6.259805,6.221566,7.490522,6.699438,6.5311947,7.663119,7.8497114,6.751378,8.842248,7.0447793,8.95098,7.3107905,5.6063523,7.66942,5.938024,9.099756,9.951268,9.877346,8.422656,7.2616487,6.1944413,5.268313,angry,5
-477.66977,118.21207,5.739637,14.334132,10.674441,-17.764366,-3.9401364,-16.023315,-13.039307,-0.7500822,0.0057399883,-0.121130414,5.366092,-4.103462,-5.9181643,1.8237373,-12.303642,-3.5861018,-3.4154854,-2.6051617,-10.591891,-1.981676,-8.752125,-2.9919894,-5.8252454,1.6020682,-6.611174,0.16705917,-5.099426,2.3141024,-5.265929,-1.350038,-2.5306468,-1.2585399,-2.4530957,0.24463576,-3.3207855,-3.2278776,-7.1966214,-1.1095704,76.5491,82.02089,29.285583,28.514168,23.603416,34.54156,14.528704,16.81975,13.898484,9.730709,13.672606,8.456788,11.053356,12.330465,10.326131,6.6150584,9.671661,6.9385858,7.3666134,7.732441,6.5933475,5.8052816,5.395488,5.1341453,7.125757,6.407227,5.859526,4.631064,4.2941117,5.540964,4.0734253,3.7787666,4.376941,4.1011944,3.9280212,4.310107,3.3983922,3.4034956,3.8541214,3.2603405,angry,5
-430.63773,102.72804,-5.2777753,21.315445,2.879561,-22.997335,-1.9442116,-11.339044,-11.249558,-6.470334,-3.4808276,-0.07272615,-7.978713,1.4263622,-7.2117114,-2.5441954,-11.655582,-4.193635,-5.3082647,-3.5875044,-11.673259,2.5578396,-11.204844,-4.5734224,-3.891203,-1.4578122,-3.1464534,-0.039120764,-4.3030047,2.1973453,-3.9090958,-1.3412973,-0.88371986,-2.1295393,-0.46688995,1.4566442,-2.6807306,-4.7657833,-3.123149,-2.3281507,92.22909,85.928474,32.955406,27.938646,25.004303,40.005966,19.60906,13.522389,13.332417,9.477839,13.664708,10.272883,6.2324595,11.150943,8.514268,7.70845,7.7091174,7.089216,8.169965,6.5443816,7.188265,6.069994,6.346767,5.9189634,6.325886,5.8197117,7.4272265,6.5518756,5.0479875,5.35745,5.158961,4.2291994,3.9227753,4.9774528,4.1818023,5.140937,6.0841784,7.7193384,7.0032635,6.85215,angry,5
-181.80727,68.818474,-38.716736,2.2448244,-5.641537,-24.059307,-26.582275,-6.0061216,-22.727762,-11.637013,0.65181696,-8.41572,-8.1895,-2.7575214,-14.885074,-6.037073,-9.431769,-9.830129,0.35591903,-2.31803,-1.2732259,8.630661,5.6551857,5.101333,3.561088,7.3800855,-1.6025534,5.111273,0.2926652,7.4985237,-0.61466545,5.373129,0.83727455,4.6773233,0.9072368,4.781788,-0.5848545,-2.0723944,-2.8798342,-0.6697472,68.52227,51.89883,33.984077,23.33614,27.12225,20.825256,14.201071,20.15795,15.245751,7.5214953,13.030073,12.886827,8.479617,11.1845255,7.7089534,10.359149,8.947079,11.480913,9.970674,10.607056,12.748894,15.343844,14.3237705,12.981764,12.39872,11.078224,9.550613,8.482347,6.6638045,9.431517,6.745569,7.934501,6.4603195,6.2081394,5.114153,4.958164,6.3534827,5.5121007,4.746629,4.7568884,angry,5
-179.26321,70.01469,-26.724209,6.4017715,-7.0431504,-24.77931,-23.640812,-9.9064865,-17.76776,-13.808084,-0.68725336,-9.517009,-7.24179,-2.4390864,-14.243305,0.16569307,-6.879095,-9.725591,4.482395,1.0463604,1.3410614,10.488661,-0.13681349,6.5403967,0.29839647,11.572668,4.166256,5.4935946,3.605487,5.073163,3.913964,5.4348316,1.6072026,4.6840773,2.2607718,4.8539047,-1.4243836,1.1565886,-0.82948446,4.4204273,79.02734,59.680443,33.698677,22.135315,23.989855,20.774141,16.398958,12.328593,17.663279,7.8895164,13.41364,14.713103,10.267725,8.515311,8.678155,6.876249,8.175071,7.220514,8.886649,8.927842,11.244556,14.561214,11.203016,10.942702,9.097899,9.341422,7.735461,6.37597,7.9279866,7.0321484,5.1607304,6.5717177,6.0698566,5.943201,4.739617,4.530591,4.210628,4.6770334,6.447492,8.644634,angry,5
-174.77913,58.18948,-24.282707,-7.7394085,-1.1884401,-23.184273,-31.36765,-4.72803,-24.408302,-17.892784,7.197364,-3.5340786,-9.729302,-3.4921272,-9.765131,-7.8481345,-7.9595914,-2.5983026,2.950724,8.624015,0.39881158,3.691817,0.78894204,-2.0478354,-0.7402429,8.845252,0.024829414,2.4000502,-3.825214,4.952493,2.2466106,8.691257,0.6570349,1.1238748,0.52917415,4.4007916,4.297381,0.8307266,3.005155,3.7334187,79.200645,62.78432,40.833054,18.900003,25.56844,24.420498,20.030218,17.421585,13.430449,11.674404,11.383906,8.974177,8.84188,10.919353,9.616611,9.14956,8.783393,11.319087,16.762362,17.937756,12.263977,14.109285,11.448706,8.157542,12.899952,9.66742,10.167444,7.991941,8.679635,9.400815,5.3080883,8.788105,7.7027497,9.45322,7.093077,4.880344,5.9959364,4.8542027,6.9633,8.339609,angry,5
-154.8707,57.803684,-35.194153,-10.07901,-6.6689887,-24.723885,-28.7998,-0.50487655,-28.446127,-22.314482,8.254648,-6.1109056,-8.564722,-1.7753836,-7.26668,-12.296195,-4.3992715,2.8270261,2.5600636,9.803028,-1.1518312,0.24265596,2.2668605,2.958574,2.6227558,12.889987,-1.8815475,3.3003137,0.7809794,2.6554124,3.4410136,2.0571706,-3.0026057,1.8275405,3.1315722,3.8523831,2.6320462,3.7305799,1.5388484,0.5765393,73.53477,57.896744,39.395454,18.84302,27.603167,21.071283,21.476276,17.752052,14.637468,5.800895,11.690254,9.325979,9.261073,11.89255,9.149422,8.937505,11.47251,13.632555,17.182608,17.932024,13.7288265,13.491992,15.8358555,13.963211,10.960837,12.63216,12.665041,9.323565,9.988347,8.540976,6.9816113,9.33708,7.4567657,8.188989,8.012371,5.637728,7.5318995,8.363628,6.6172156,6.637245,angry,5
-538.94806,92.35441,-36.765778,7.182035,-6.9187074,-24.947737,-26.339396,-24.837408,-16.858921,-2.4466336,-16.812166,-6.5327272,-17.293818,-11.211926,-14.400962,-7.8145785,-10.034664,-8.192572,-11.606711,-14.976225,-1.4693621,2.8331997,2.8717391,6.116368,-0.40921584,2.00301,-4.0241437,3.938666,7.230652,15.68507,8.971593,12.769617,4.7413306,11.555043,7.1941657,8.70416,1.1554979,-0.19763385,-0.016627194,6.4854927,55.175907,63.62252,37.036884,33.850677,17.166357,19.323986,14.361589,12.023356,10.453111,16.690617,10.703532,11.093918,13.4133215,7.7337766,7.819004,9.0832405,7.9509397,7.746613,10.20155,6.354636,5.7512417,10.605589,17.675184,16.867002,12.062736,6.622772,8.787857,11.517767,14.0510845,16.695822,13.446353,14.855957,16.148876,14.832804,10.207292,7.5242953,10.888788,8.103512,6.906362,8.857253,neutral,6
-528.57416,91.62972,-36.276688,8.264258,-6.8138714,-26.171396,-19.901953,-21.640863,-12.461817,2.1792495,-14.025874,-1.8266883,-15.43302,-6.0047703,-8.677664,-8.248089,-8.869222,-8.511666,-9.38281,-11.481675,-3.037787,-1.0719385,-4.514348,3.7830188,-3.4525561,4.1848006,1.1701651,13.375708,9.331499,16.767233,4.8045692,9.676832,5.54991,15.515327,11.643892,13.093615,2.7688901,-0.021074245,1.9692069,11.144406,68.277374,54.391167,41.222137,36.360508,16.56078,20.326828,14.260283,13.346599,11.297956,14.650745,12.263821,10.381686,11.076647,8.988274,8.957226,7.96022,6.0525203,6.0588574,9.701003,5.521859,6.755432,6.7575393,11.010866,17.405798,10.313993,11.870406,14.051618,18.740187,19.523544,18.523808,10.903015,10.83804,15.503411,15.023902,11.91188,8.300878,8.748301,10.007663,9.889409,5.9023604,neutral,6
-518.92487,82.51997,-29.810211,6.1811843,-7.641238,-21.594353,-25.380213,-22.637056,-16.566229,0.85883,-14.73378,-3.2446866,-11.099424,-9.8561325,-7.1615577,-7.710098,-5.872744,-5.6229353,-7.4233766,-9.862148,-3.2686594,-5.2802734,-6.2570605,2.9632819,0.41543767,7.2083693,7.736181,14.062803,6.9209175,10.028677,2.5752857,14.293447,16.154758,20.068974,11.45239,10.857796,0.522802,4.0279465,4.750759,10.067235,59.409397,61.83814,49.060467,28.97897,19.030981,20.78554,18.798515,10.626679,10.450589,14.274363,8.909226,9.908037,12.984366,8.950745,9.613233,7.253051,7.9407945,5.994566,9.061928,7.7573457,6.7012405,6.1413994,6.234088,7.92915,13.918865,17.845825,20.944983,18.22117,15.191622,13.380597,17.305815,17.878935,13.293408,15.143421,15.887434,13.234757,10.80591,8.615436,10.895509,7.77747,neutral,6
-521.9668,85.72894,-34.008068,7.236599,-9.710923,-25.022812,-23.750393,-24.560255,-16.117714,-1.825976,-16.681417,-3.52349,-13.482438,-11.179488,-7.3767138,-8.814889,-6.60917,-7.4500957,-9.4648285,-10.937826,-3.326555,-3.523272,-7.7924986,-0.410033,-5.7077436,3.1073947,3.4992094,16.05719,10.758046,17.011427,4.856065,11.779358,9.430263,16.336845,10.798193,13.600625,6.270148,4.9397674,1.2512435,7.438566,65.99596,60.268353,49.18177,33.090748,18.400244,20.151423,18.655481,11.658875,9.901403,14.028173,7.4923444,8.836152,13.821358,9.026751,8.688348,6.859863,7.953493,5.6930585,8.785293,7.652639,5.085373,7.094879,5.98033,7.7251377,9.599133,12.2630205,14.583746,17.133636,17.648386,20.229572,16.321304,14.761928,13.044475,15.491211,15.239321,12.242913,10.543092,10.6742525,9.337353,10.068559,neutral,6
-485.49857,95.53468,-63.42116,8.302201,-11.370625,-33.930496,-19.14376,-27.839983,-8.033373,-0.18668081,-22.608639,-4.426035,-12.22644,-14.248502,-1.9486406,-14.616251,-15.603344,-2.8798761,-9.026449,-5.5983586,0.21248211,-3.2711003,-0.70858634,-1.8015431,-2.176702,3.780706,2.34313,12.454784,12.050519,15.993669,11.160793,14.924979,4.6435137,11.308029,3.6969125,8.232046,1.0912328,5.281807,5.958839,8.395353,57.324085,44.85071,42.893196,25.573702,19.08062,19.130651,13.600025,15.173625,10.81787,14.7537565,11.110232,12.588778,11.692456,7.693453,10.196131,8.989079,5.72175,8.4986315,9.834602,16.429943,12.186935,9.735972,14.07774,15.000829,13.631482,13.912408,16.562992,17.423155,18.928843,15.852086,17.316809,18.129282,14.2174,13.965655,11.066362,9.348519,11.589532,10.982605,9.686383,10.423114,happy,6
-454.18665,79.94001,-79.74694,5.7044096,-13.01065,-40.215843,-16.931746,-32.278717,-11.614395,2.504239,-25.44742,0.36807016,-13.455411,-21.014835,-2.390411,-14.223522,-13.866884,0.5358942,-4.9860344,-3.6614974,1.5334247,-4.66138,0.58959967,0.34045827,2.9688802,9.810192,11.280783,22.50534,13.24997,11.268946,1.1926455,8.623315,3.4515698,15.7269,3.541823,8.143604,0.16967009,1.1860706,1.605564,2.7279296,55.374123,38.9293,36.53557,29.415941,20.137535,19.328732,12.75319,18.115465,12.121773,16.563948,9.256058,11.010886,12.949708,11.758713,9.31431,9.244982,8.666933,14.239,16.239025,17.136946,14.657615,15.311319,16.636862,14.8902445,16.61673,18.249939,21.27067,18.095476,22.643692,18.942656,13.290114,12.132448,18.01318,13.997655,14.846921,12.265723,9.667172,10.985916,6.70372,9.804746,happy,6
-465.6738,76.618004,-60.68654,1.2950468,-15.660221,-35.098236,-25.424137,-33.347633,-19.034145,0.34358108,-26.511557,-2.4520822,-12.953636,-20.630476,-5.8940887,-14.370417,-16.976677,-1.4370056,-15.911318,-11.25078,-1.7759632,-7.6816444,1.4306498,7.6507354,5.611383,13.251577,3.7574606,9.1704645,0.32005918,5.3245363,4.082169,17.015888,9.123759,13.21676,-0.40647995,3.0063493,4.876452,9.621687,5.725474,4.218805,56.60508,55.45383,53.342422,30.560751,21.82491,20.258455,17.811148,14.561925,11.441694,16.503721,9.616196,10.815082,15.950836,11.093445,8.801912,8.635501,7.268452,6.463049,9.669939,7.3594832,10.841581,12.249411,14.108731,16.418716,17.840546,20.63497,21.210241,14.698421,11.1458645,13.865845,14.807046,15.597736,13.786356,12.101779,12.658354,12.629224,12.994611,11.634064,12.523226,11.893249,happy,6
-458.8429,80.137215,-54.749588,3.9309323,-9.031326,-37.583492,-18.597292,-30.870514,-19.085337,1.390834,-20.306189,-6.2698674,-12.806968,-17.623058,-5.3249583,-10.286074,-15.254693,-2.0764148,-12.710378,-15.497042,0.33561555,-1.45247,1.476542,10.335868,6.9730525,9.795938,4.7451754,7.483163,5.686882,9.311764,7.87966,16.6024,3.050967,5.111421,-1.111232,2.4835167,4.4183455,2.2630932,-2.502749,0.18070069,58.512413,54.770023,55.355606,31.775393,19.715202,19.381222,17.200237,12.808696,9.900759,15.728789,9.589217,10.707285,13.396061,9.143705,7.651097,7.5071225,8.624891,7.873721,7.980129,8.202918,11.497664,13.20896,15.758789,18.893408,19.918606,23.215343,16.808594,12.837214,16.449905,18.783777,16.95282,14.61558,11.268166,10.200566,10.91749,10.070216,9.624861,7.880418,8.307564,9.843188,happy,6
-311.8608,25.15298,-89.826775,-14.351976,-20.282501,-38.295864,-34.492085,-16.779446,-22.12065,14.744283,7.2470975,33.71944,34.419125,8.968242,0.3415427,-15.474352,0.38821104,9.420403,-3.7950053,-6.2294846,4.481314,12.824251,9.030667,2.5616248,-1.913915,2.9185312,-1.8203416,-0.46614933,-0.0018069214,8.578396,1.9233937,4.8190503,2.4391298,10.038609,4.1919274,4.750663,4.134287,4.9653354,2.8293009,9.115903,63.842705,24.816988,37.4416,25.293266,13.266337,19.355083,17.39459,16.134525,11.174537,19.552822,23.71762,24.553305,18.155119,24.83786,18.5497,17.163082,16.68104,9.603412,13.425012,18.61213,19.463911,18.09229,17.321878,16.02667,7.747929,7.475429,11.891962,11.725489,13.088779,8.2340975,13.094515,11.726224,13.874104,9.051908,5.5844994,5.630548,10.39222,9.202676,11.604508,8.806659,happy,6
-317.56836,26.433735,-90.1807,-17.864725,-20.698107,-34.601223,-26.484035,-22.359587,-30.288534,1.9039328,-16.9423,13.743295,27.744411,26.65071,26.060734,-10.541909,-7.894627,3.5794656,6.964552,-0.82957584,-8.067413,-10.277448,5.2472534,11.596278,3.59341,2.6005323,4.678221,6.6528964,-10.9295,2.1996498,3.9012604,7.1299133,-2.3020892,9.321921,3.104876,6.6139007,1.9972417,5.9219284,0.7579119,4.245367,57.69797,28.35248,39.38571,28.23032,14.689772,17.22458,18.285975,20.22313,16.013128,15.1855955,11.435512,19.717377,20.35227,26.527601,19.794844,24.006195,21.351957,14.864368,13.048341,12.684835,11.6216345,15.135954,14.784172,15.690752,12.251956,10.854229,10.698527,13.718242,13.613457,14.6722765,9.855307,13.548979,10.003969,10.8428135,5.5183554,6.7845874,7.454087,11.86093,10.963426,9.274747,happy,6
-315.28876,19.353018,-92.55484,-21.630392,-19.209642,-43.538795,-25.136219,-29.56803,-22.341803,0.47599545,-16.958336,18.897253,24.732985,30.086159,24.51526,-5.097008,-10.663726,-4.0198946,-1.8122091,5.222167,3.5789626,-6.2698298,1.2448585,9.799306,9.844521,2.460101,-2.9071968,12.094191,-1.384047,-2.0145378,-6.350945,8.64222,3.8290474,6.1127553,0.7225109,7.182753,-4.0177917,5.7392225,10.127144,3.9712443,61.98616,33.746857,45.15177,31.759115,19.917204,14.661545,17.11211,15.218444,14.398222,17.210537,16.863577,20.984476,19.35888,26.889902,20.436367,18.06291,20.650797,20.352032,16.000444,17.00144,12.395522,20.679955,20.795303,14.922868,10.0154295,8.716464,10.5477,15.0243845,13.186905,16.215157,8.485062,13.87079,9.95514,9.590506,5.573298,4.6503525,6.730482,11.024795,10.582211,9.63823,happy,6
-300.24252,26.686785,-87.72449,-23.452827,-18.364428,-45.882698,-24.11139,-26.12725,-22.077581,2.2960823,-18.737482,17.411379,21.320303,29.741158,23.790565,-4.046612,-11.241601,-5.179522,-3.2302797,2.3804011,0.49889627,-4.6890106,6.2521844,11.173581,9.40029,5.604574,-2.0636814,6.6948795,-3.1016376,2.6188612,-5.3018265,7.691823,2.502677,7.6909475,0.56451625,7.0653734,-0.8590054,1.1881595,4.0905976,4.940938,63.072998,34.57829,47.62982,25.794395,15.139318,15.659185,19.277538,17.351364,13.578297,16.92694,15.653114,19.79644,18.094053,23.618166,22.285227,19.316746,13.727282,18.617674,14.466163,12.569803,16.028303,19.59083,22.018919,12.91876,12.933791,8.896779,13.448676,15.544637,13.963097,13.063431,9.709977,10.732575,10.658825,9.913763,6.8526745,6.052865,9.394069,12.320019,10.163895,8.8352375,happy,6
-609.1672,82.951324,-4.729007,7.811472,1.4396564,-12.227611,-24.850224,-17.56247,-11.098933,-3.0692534,-8.883693,-6.537671,-10.68531,-6.8379297,-9.008542,-5.394146,-13.5147505,-0.866952,-10.682026,-10.161754,-5.792444,-4.1658454,-10.067514,1.5424609,-4.426242,2.8509188,1.9374164,7.205432,3.782563,13.2479725,9.166907,24.344198,17.662054,17.309862,4.995042,-0.09117976,0.16435397,3.902611,3.6566768,4.5625863,60.058144,53.313957,28.364325,31.241266,18.923702,13.964153,16.556547,9.69305,13.780127,12.72147,7.766765,7.7932553,10.827117,8.236167,6.944225,8.498844,5.4542584,8.295895,6.4274583,6.302233,7.82845,6.051513,5.902145,5.2961283,8.100318,11.055436,16.853619,14.714676,13.207167,14.07306,15.198963,17.792702,14.098431,13.175404,9.131505,8.092499,8.246466,7.1996574,7.13041,6.729446,sad,6
-613.38,86.47452,-11.126117,9.371925,-1.5753613,-18.849064,-23.468561,-15.871178,-13.926705,-5.202109,-12.016767,-7.3411903,-8.21961,-7.0444307,-6.7545443,-6.6026883,-14.01783,-2.8364494,-11.521177,-12.40869,-5.799266,-4.1707125,-5.7414627,0.6766875,-3.7970004,5.05911,5.0868254,14.0559025,7.002473,12.52439,5.853818,18.19993,12.55908,15.310767,6.5631742,2.3910093,0.23802614,2.8819475,0.8374548,3.740187,61.578487,54.418053,28.39347,27.772741,20.69627,17.221231,14.068421,12.731966,12.163068,12.213663,7.255988,9.1353245,9.525842,8.658542,7.072826,6.738137,6.384084,6.577547,6.86699,5.610476,5.903017,5.8401837,7.511445,7.2763367,11.476962,16.128372,18.479488,16.962914,14.614575,14.56382,13.846698,15.19715,13.957875,13.571508,11.572454,10.721383,7.6698475,8.709809,6.0181623,6.834678,sad,6
-556.7863,81.60259,-14.01817,-1.5132474,-8.537531,-23.999134,-25.469131,-27.974077,-17.957785,-7.0461464,-14.455747,-6.299773,-11.32463,-15.629,-5.96165,-9.787912,-13.132917,-3.6073623,-13.415219,-14.446216,-5.782736,-6.7453985,-9.105899,1.3892162,2.2076468,10.319921,5.983554,12.683168,0.73565584,7.1521444,2.4629824,17.534872,13.362652,17.269936,4.495603,1.8784653,-0.11407482,2.752702,2.7355618,2.1532953,62.93307,61.862415,43.082348,27.599556,19.299965,16.868341,16.48124,10.304259,9.417215,12.819397,7.4331346,10.871618,11.483804,10.780866,9.436852,7.5549455,6.94483,6.200531,6.785684,7.065454,5.338092,6.0132804,6.962219,9.985841,13.789807,21.408133,21.202803,18.872507,15.091142,14.520408,14.550582,17.594828,15.492419,15.03763,12.330868,10.143596,7.449374,7.478151,7.628036,8.268483,sad,6
-582.58185,84.98604,-10.952927,1.7734145,-1.3405128,-20.40311,-26.713034,-23.782248,-16.10103,-5.6509967,-14.516248,-6.1217155,-10.830492,-12.494588,-7.1463056,-7.959336,-14.480049,-3.3120143,-12.259582,-10.966955,-6.4702253,-5.8303094,-11.962898,-3.316671,-8.897365,0.7566819,3.17948,18.392332,13.282848,19.244585,8.876154,16.907328,10.836414,17.669216,11.667826,5.8818817,-0.11421324,1.6740639,5.0183387,10.44959,57.41769,58.91862,37.154003,27.660227,17.30706,15.881479,16.566776,11.229285,10.4724245,9.759554,7.9562755,9.165677,11.068066,7.356252,6.938336,6.63803,7.1686683,6.001874,7.775035,6.527283,4.4036617,5.887724,6.0412526,6.2965374,6.1451097,10.701596,17.763052,21.167345,21.221352,16.482546,14.55936,19.28246,19.475258,13.992831,8.905187,9.584096,11.123589,8.533723,8.48549,6.8493814,sad,6
-415.96613,20.890186,-59.607414,4.571548,-4.619881,-31.87027,-4.5449576,-19.280394,-12.556219,9.66628,-17.73381,4.834317,6.9537864,2.9005506,19.944803,12.963258,17.197424,14.828055,-4.803383,-15.619415,-11.423002,1.8081381,7.0257697,-1.3565513,-15.745887,-5.1119227,-2.3071964,3.3935678,-9.723014,2.1430085,10.705694,19.732777,5.1829143,5.846566,2.231226,4.8340697,-4.780634,0.92021835,4.5400968,2.324769,92.99257,32.814693,36.509808,25.12742,15.264705,19.261044,14.569851,19.036846,13.698344,16.353876,13.882977,21.962696,21.241804,20.288788,19.477814,25.189846,26.622484,19.227736,12.631458,13.63647,11.238255,10.718926,10.898145,11.871815,13.12307,12.147886,10.327312,10.39379,11.141158,12.633222,20.760763,18.157192,14.244723,9.059557,5.9102416,7.5561523,10.819615,11.604143,10.489327,11.7678995,sad,6
-584.90796,49.280807,-26.366014,2.8845303,-10.484731,-26.898853,-16.485203,-23.473238,-11.693901,5.4696207,-10.679268,-0.94688106,-1.5013254,-0.018694278,5.488791,3.7190397,1.1755731,9.068248,-4.591549,-5.5101275,-1.6018151,0.13513806,0.73318106,1.7564834,-5.45017,1.5575354,-0.584237,4.2698126,-1.9624361,4.4752016,0.57415414,8.448241,2.9388402,9.912969,3.0614963,6.2809258,-0.48436752,0.9764459,1.7709198,5.873797,97.04309,54.797676,30.414944,33.180126,17.081724,21.731873,14.412667,18.974287,13.0638,12.332317,12.950377,11.043767,10.60359,10.927646,11.779241,14.47404,13.625036,15.165764,10.374348,8.487822,9.82167,5.997108,7.8832636,6.73871,7.9236255,8.166015,5.952648,6.218674,7.5490003,7.773797,8.619021,9.703681,9.095556,5.040949,6.491232,5.0670843,6.429499,5.3178086,5.222902,5.4546022,sad,6
-401.3375,38.68003,-31.528728,-4.0721965,-12.718475,-26.086895,-8.200978,-20.422064,-11.195125,-0.0023701761,-19.958437,-6.0705395,3.655966,9.5245075,17.733763,14.147841,12.816701,7.8457627,-8.697879,-4.8393126,-1.3747942,-2.5081031,-4.773074,-1.7718734,-8.407736,1.2762474,-2.5438519,1.0007474,-3.474974,5.518574,-0.24924038,4.676754,-0.53931236,7.3390775,0.41789562,4.5216856,-0.7491933,1.9322467,0.4404727,4.3118806,115.20717,46.49741,39.731968,25.759726,21.683115,22.208622,17.392347,14.729947,9.530998,11.931722,14.720368,12.006738,12.206232,17.60495,21.960367,17.831675,20.42531,15.0104885,15.622073,9.280395,7.8944545,11.625138,9.700508,10.579488,11.420741,8.234416,7.715581,8.507741,9.663628,10.551524,10.171076,8.050305,6.384938,6.1220503,5.1636677,6.5332856,5.8664393,4.821614,6.4332,5.4705873,sad,6
-469.4159,35.428177,-45.334805,1.8318931,-10.5207815,-37.491573,-21.177582,-27.446333,-16.697014,10.034362,-22.103981,-1.185474,-2.5476289,-13.646287,1.9481616,-16.157743,-2.427776,5.5945783,0.1950984,6.1075573,13.656057,10.109852,9.39409,11.63958,0.7153685,-0.92526597,-4.8303185,1.2579929,-2.0570638,0.08287354,-4.713323,0.22819592,-0.14472723,6.9344816,-0.73134905,5.045077,-1.6203549,1.2239878,-3.481048,3.983411,73.50649,56.733612,36.955696,27.188421,16.937357,21.897491,15.183997,18.793777,13.872802,13.708631,9.163391,18.204115,17.75444,12.28283,10.147543,10.418549,11.60236,21.272144,15.917118,21.089626,20.481617,19.498102,16.942734,17.523184,16.292091,9.448718,10.445274,8.434804,6.665028,9.108038,9.043885,9.742611,9.717167,9.014501,9.184007,6.5151553,8.195822,7.549168,6.8780327,7.848883,sad,6
-469.8334,74.44601,-29.060675,6.210709,-11.230843,-19.318243,-15.52583,-16.401981,-14.272084,-2.6723933,-14.726152,-5.88194,-7.9454827,-12.313913,-5.144718,-10.3781595,-9.812574,-6.3282566,-7.4222,-6.5914717,2.0972211,-0.064111546,-1.5245606,-1.0422537,-7.3873444,3.3971457,2.0534844,12.089015,10.559155,13.781108,7.9769387,13.548724,3.894439,8.085791,0.99972785,3.7269433,-0.12505265,-0.48032174,0.59569466,5.7070913,82.20439,65.13128,42.628296,38.738625,19.08704,23.37491,14.214152,17.990656,9.796117,13.443691,9.8811655,8.472795,11.388311,11.187257,11.656059,11.181779,7.3771205,8.795155,9.759963,15.257423,15.501852,15.429482,13.216928,12.554727,9.779439,12.384098,14.257299,16.000584,14.933317,15.315162,14.53048,15.950764,13.032502,9.203865,6.808311,7.5334334,5.8065205,6.7543635,5.859036,8.062885,angry,6
-471.25693,80.78496,-22.544786,11.57915,-7.0790863,-17.771275,-13.140926,-18.472399,-13.802865,1.153653,-10.783416,-5.4046574,-9.740656,-8.059254,-3.0504456,-8.1173315,-7.234282,-4.167695,-5.019379,-1.5623313,4.232128,1.0903407,2.3883967,4.6996036,-0.22791347,9.158825,2.408904,10.066463,7.6189785,14.757416,9.8933935,11.758649,1.5741729,4.556019,2.5320222,7.494608,4.299954,0.97648376,0.0501989,5.2152867,87.26471,68.90736,43.426888,32.882637,18.815296,24.713821,12.976642,17.074326,9.090984,14.327954,9.555369,9.343998,11.881928,10.16295,11.422697,9.852867,7.787086,9.1185665,13.366228,16.028223,14.297341,13.59548,14.4307375,15.261412,15.290339,13.947344,10.226924,12.3990135,14.93987,15.605911,13.4739275,11.517502,10.239357,9.944455,6.9505806,8.646765,7.392303,7.343258,7.836884,7.9055104,angry,6
-447.22943,69.54264,-31.028128,-3.6345856,-16.1865,-31.925909,-16.224802,-22.471323,-17.486954,-2.0311713,-16.14151,-4.9757533,-11.999193,-11.33455,-6.231973,-11.842576,-8.562743,-9.167752,-8.9848995,-10.572905,-3.35739,-1.3540472,-0.11948731,6.501488,5.5936637,13.383098,7.622552,16.59475,8.26505,11.644698,-1.2383032,6.456183,1.0259172,8.372467,1.1437852,2.199591,-2.529334,-0.44855827,0.9883194,3.3762472,68.435814,71.227036,53.8163,37.304214,18.837059,28.262695,19.150394,15.4320135,8.409395,13.832911,10.099118,9.267678,9.873078,11.739459,11.794705,7.865558,6.4963145,6.618531,8.6564665,10.640678,10.660886,12.656685,16.51144,19.173285,20.74201,17.909128,17.432335,20.135595,20.495352,13.957235,10.694442,11.971258,10.088394,8.963403,9.894262,7.9314637,9.480811,8.054884,7.3657746,7.7432523,angry,6
-424.89874,59.83141,-24.3829,-0.9478386,-15.507527,-26.637777,-14.225673,-17.287128,-20.217453,-1.0959578,-12.602215,-6.072549,-10.562264,-10.246407,-5.0621223,-13.633268,-7.0286613,-8.475892,-14.064783,-12.455682,-6.100793,-5.2256837,0.38630638,6.5290375,10.35068,16.704224,11.853769,17.530325,4.1762924,6.942718,-3.9578297,4.3045115,-3.3780646,5.123679,-0.39890578,2.8297088,-5.104217,-4.0331326,-2.7532482,2.5901153,61.91666,66.581696,49.143883,37.35279,24.408232,26.48835,17.605839,13.9907675,9.471292,13.57882,12.583652,7.8171725,9.3157425,12.117405,10.855141,7.896187,8.81911,6.61144,7.8587155,12.18641,8.591422,10.556669,15.164278,19.760857,21.034344,17.077967,15.391851,22.104702,21.344818,11.067786,9.568819,12.453667,7.354882,8.842273,8.909037,7.63458,7.942676,5.649089,9.696089,6.897321,angry,6
-216.92612,46.02616,-79.06414,-23.52277,-24.45849,-34.07288,-11.520057,-23.919273,-15.956097,7.954729,-1.7068866,21.722525,17.076097,11.74527,-1.319738,-8.980552,-2.2323372,1.6458886,3.3755474,-5.7581425,-1.6934975,4.1064973,11.347188,5.2276855,4.865037,3.730644,1.0990123,2.4479163,-6.175745,6.769116,-1.9237254,2.106405,0.93045485,7.7450705,2.2159617,8.931263,1.7276444,3.0146403,-2.0877907,1.6325444,82.858444,41.35463,38.023872,31.71465,18.309189,22.597008,17.686686,14.846504,17.4397,17.219772,19.022766,22.95718,15.977876,18.296528,16.508982,17.188562,12.655605,9.870141,9.278783,13.340166,12.17785,14.423902,12.809367,11.73979,11.050351,8.698822,12.146911,10.424993,11.251123,8.731589,9.654758,8.799885,11.915265,8.566455,7.634665,4.8488755,10.796814,6.2744193,9.989919,7.8741674,angry,6
-222.2953,38.59183,-71.04507,-17.10816,-21.88961,-29.45262,-10.6505375,-19.72021,-16.024635,1.563021,-1.8534962,19.097704,16.109922,14.717518,3.5860202,-4.995878,-4.2652698,1.5701663,2.7523417,-6.509756,-2.0792885,1.643415,7.6109943,4.066772,3.9958744,3.8031583,2.0549345,3.451942,-4.94317,3.2453065,-1.8977792,1.7778815,0.071911186,9.915748,4.4773607,8.5468025,0.421533,2.9126992,1.2767658,4.670076,83.47124,46.829224,43.72782,32.474663,21.870499,23.00182,19.499323,11.885273,20.87679,19.543861,15.241821,21.849878,19.411531,20.038225,17.087612,15.047325,14.591976,12.654612,9.151347,12.41223,12.594215,14.014032,15.546709,10.752579,8.933992,7.767417,9.908602,10.220002,12.165626,8.91829,9.12044,9.366194,8.926684,9.0239315,5.4810066,5.7406282,8.106949,9.146435,8.047601,7.709976,angry,6
-255.00113,35.106667,-56.602684,-23.370113,-22.411636,-36.773148,-6.823477,-22.038296,-19.719643,1.7628,-16.833239,-0.39733922,1.0651339,10.0596285,17.458723,12.287054,6.9412208,-3.096511,-3.2831378,-8.997794,2.7348511,2.3783753,-0.70491517,-5.2450566,0.02637492,1.3760241,-1.0335455,5.3663263,1.394729,10.001143,-0.9919058,2.1767538,-3.2663999,5.4065475,-0.31177288,4.348712,-0.5514285,0.98608696,-2.4551783,4.0980678,76.58017,42.640526,50.380318,28.489702,21.214453,25.934517,21.7797,14.718973,15.346454,16.227337,13.909684,19.763956,19.480852,18.293545,20.791847,20.9066,19.523417,20.446972,13.66512,17.742039,10.955046,13.119314,15.749803,14.12657,13.931227,10.428446,7.3744297,12.802211,13.618746,15.561759,14.442922,14.236344,10.357572,8.034368,9.077846,7.1710043,8.022962,7.616428,12.506006,11.072305,angry,6
-278.06976,31.496843,-58.872883,-14.269132,-21.678282,-31.39075,-3.3465493,-22.305538,-20.03703,-3.2466173,-17.584631,1.5181292,10.213666,25.636478,24.898787,12.522607,-2.933658,-12.727171,-2.7730904,3.3962533,6.398792,-8.708481,-9.403758,0.9201675,8.715017,5.55265,2.3709512,11.136393,3.6361883,-1.761177,-5.911922,7.6410913,1.2734145,1.3594115,-1.8705155,4.5409994,-1.8383358,6.313017,6.2825465,1.9078873,77.5476,45.00778,52.409023,30.98102,24.431137,25.286892,21.755018,16.64282,13.0312805,14.475277,12.299082,16.72962,19.964808,25.251509,22.215816,19.651854,20.986622,17.743908,14.928118,11.975274,10.763563,15.479302,14.2841625,16.220797,13.0240755,9.141171,9.088915,11.870326,12.872307,17.730522,15.201092,12.331793,7.987539,7.653779,7.2511325,6.0755353,7.7161503,10.500177,13.828978,11.339773,angry,6
-501.64737,106.882515,2.5577705,24.392683,13.510365,-13.566291,-14.826036,-14.305824,1.51145,-9.050196,-7.1112566,-1.9704878,1.414243,-10.267697,0.08105452,-1.0424093,-12.460297,1.4172133,-6.6388206,-2.0767395,-12.59722,-0.57468396,-6.540551,-6.8906393,-4.417535,-0.70629996,-5.773104,0.47592473,-8.486108,-0.7141615,-8.614554,0.7585279,-4.5273943,-0.960519,-5.450468,-4.819525,-10.081161,-4.9350524,-4.5347786,0.6506895,75.58815,62.73613,31.478846,25.972116,28.934494,20.876959,16.515583,14.092103,8.96057,13.901146,8.387625,10.625104,9.110946,11.784049,7.0820537,8.109515,7.3725643,5.3057275,6.3408155,5.5351715,6.4955273,6.020639,6.205465,4.806092,5.604933,5.9828877,4.131325,4.432527,5.1592045,4.2802296,4.3307734,4.245206,3.8704832,4.040167,4.0721717,4.849671,3.946593,4.849758,4.477538,5.7369804,neutral,7
-496.88535,109.086685,3.6613615,22.779644,11.693791,-13.174733,-13.460872,-15.987589,1.7279685,-8.251525,-7.775125,-1.4095277,3.197633,-11.121746,2.6014175,-3.6273093,-11.575591,4.545808,-5.8961053,-2.727083,-10.670644,-1.2349286,-7.9614844,-6.4534,-5.6511097,3.1591215,-6.3568015,2.796628,-7.7477093,-0.7288872,-7.6521935,2.1507483,-2.1609247,0.53441226,-4.116909,-5.686569,-9.833466,-5.080266,-4.2272315,1.4863242,70.68072,60.59573,30.870304,28.104252,26.052305,21.752926,18.926165,13.152226,10.463152,12.817402,11.215488,10.782249,8.8330145,12.241307,8.230153,7.107718,7.282814,6.7130923,6.5339465,7.19343,5.813028,4.538177,5.1978064,5.432188,6.7287927,7.55203,5.7176194,4.3879724,5.4652805,4.745254,3.6734724,4.372109,4.350372,5.021286,3.7752836,4.1137114,4.018204,4.8003,4.6005745,4.5258636,neutral,7
-480.14346,96.90911,2.7287753,16.105188,14.228445,-12.345629,-18.83703,-20.57289,-3.162289,-11.049451,-9.077779,-4.8501744,-0.14869568,-12.370973,-4.078481,-1.6409574,-16.64714,0.056071155,-6.435142,-7.9090343,-11.592692,-3.747188,-9.65805,-7.129719,-9.46527,2.8525717,-9.407194,1.2795033,-11.45511,-3.2531748,-9.446209,-2.03651,-4.2495174,-0.8017818,-6.2665987,-7.037404,-6.1688476,-4.1251545,-1.6257083,-0.07808332,78.56162,70.75289,32.366585,23.888023,26.946814,27.222797,16.984905,16.139973,11.114425,14.10337,10.083102,10.978627,9.420646,12.034609,8.330835,8.653136,7.5375996,8.008175,6.6805677,6.210664,7.0776167,5.4139824,6.6201186,6.303081,5.5270324,5.8449683,5.760529,5.03546,4.477968,4.1974583,4.3988776,5.021523,4.782178,4.5622745,4.509256,5.622231,8.6179285,8.748318,8.275463,6.516804,neutral,7
-502.28036,108.65643,12.324403,18.149218,10.193506,-9.771957,-15.360301,-13.653283,4.6175747,-11.624057,-2.7024791,0.5110699,0.29458994,-7.0206885,3.7858746,-2.2914689,-10.104353,4.633351,-6.534852,-0.9650081,-11.774872,1.5591686,-7.1192527,-7.666562,-2.9070933,1.1154786,-6.5822597,-0.09074387,-8.720983,-1.5917687,-8.615272,-0.13727574,-4.397994,1.3576376,-5.910697,-4.509506,-9.685844,-4.27715,-3.46002,1.9395975,68.26141,66.480965,33.13686,23.675556,24.597553,22.550499,14.744375,14.3183775,9.916751,10.699147,10.154157,10.940524,8.433632,11.232783,6.7356253,6.4003253,7.810501,7.1183143,5.719433,7.5129347,7.781528,6.46926,6.8178425,5.3419127,5.2414174,5.0159435,4.1817527,3.8071284,4.919706,3.515254,4.6689715,4.1820316,4.084409,4.1830635,4.048309,4.029653,3.5539002,3.375184,3.6405737,3.983766,neutral,7
-489.47842,113.85704,-15.412976,25.502283,14.234439,-14.58603,-9.268519,-17.678965,-0.25155705,2.0324636,-8.277102,-0.783823,4.3948298,-8.610761,-2.819723,3.3067703,-11.652522,5.3111334,-1.8965274,-5.7668066,-7.713291,-1.0188631,-7.1343536,-2.728333,-6.714604,7.2640142,-8.470891,1.4485887,-7.212384,-2.4268568,-5.139902,3.957118,-1.5155331,-1.160244,-1.8082795,-6.1325088,-6.199104,-1.7933395,-0.58546865,-0.918853,67.33281,51.122757,28.254986,26.588837,28.35618,22.315853,20.133995,15.147848,12.744054,14.354487,11.351814,10.165433,7.701963,9.802072,9.25724,5.6430554,7.820837,7.101816,4.6485276,6.571655,5.9269385,4.969064,4.638533,4.0635333,4.1526837,7.0009747,4.1017327,4.84356,4.300714,4.4567337,4.513365,3.0306835,3.5010855,3.6225162,3.575865,3.8892922,4.3248863,4.041716,3.6542606,3.1407013,happy,7
-458.12732,112.7485,-17.60123,26.92405,8.400872,-16.443,-12.019087,-16.50516,-1.2687713,-7.6383634,-13.515225,-1.2933385,-0.8054441,-8.317242,0.12958172,-2.9492388,-12.137192,2.4317272,-9.292121,-3.5297272,-12.4985,-2.0927181,-5.3813124,-5.9590573,-5.689497,1.7330517,-8.342881,0.03903471,-8.791156,-3.3169272,-5.5080023,2.1052802,-2.5898113,-1.6478267,-5.305855,-6.767863,-7.5324945,-1.0742812,2.397589,7.0101295,64.86233,50.530804,29.733004,26.353046,27.217989,25.196634,18.894478,15.94977,12.71649,12.670984,13.08594,9.857284,8.735984,11.753394,9.051897,7.2895746,6.054059,8.013009,7.5559454,6.5081816,4.9622273,5.992077,6.3893933,5.119214,5.424555,5.083644,5.5456767,5.143795,5.279073,4.5853505,4.054109,4.1825714,4.354161,4.232909,3.688248,5.3146267,6.1230307,8.350764,10.544668,12.027479,happy,7
-437.7659,110.48505,-17.056084,15.059939,3.682306,-19.82132,-19.3584,-22.49661,-8.230139,-2.7936683,-15.996373,-1.2920588,0.836439,-11.790988,-1.1735291,-5.442322,-17.84882,1.4066947,-10.073955,-8.355626,-10.750754,-1.9409055,-8.770616,-7.0375404,-8.060678,2.9410608,-10.441277,-1.4127648,-7.0199275,-3.165827,-4.8208876,2.6702397,-3.3142393,0.71519107,0.894516,3.557662,7.674727,13.322384,13.159762,8.241802,70.12271,55.861526,31.172134,26.507229,27.019966,27.828577,19.58093,16.30054,11.660936,14.0474825,12.388761,11.990916,7.4300284,9.197124,7.895086,8.025309,8.848303,9.040211,10.28144,8.152404,6.2647,6.3215275,5.3380423,4.340932,6.401041,5.6869626,7.03335,5.609514,6.5453353,6.989044,9.933631,11.933079,11.495925,8.734222,9.838528,11.882008,13.565665,12.961598,12.040963,11.344555,happy,7
-437.7659,110.48505,-17.056084,15.059939,3.682306,-19.82132,-19.3584,-22.49661,-8.230139,-2.7936683,-15.996373,-1.2920588,0.836439,-11.790988,-1.1735291,-5.442322,-17.84882,1.4066947,-10.073955,-8.355626,-10.750754,-1.9409055,-8.770616,-7.0375404,-8.060678,2.9410608,-10.441277,-1.4127648,-7.0199275,-3.165827,-4.8208876,2.6702397,-3.3142393,0.71519107,0.894516,3.557662,7.674727,13.322384,13.159762,8.241802,70.12271,55.861526,31.172134,26.507229,27.019966,27.828577,19.58093,16.30054,11.660936,14.0474825,12.388761,11.990916,7.4300284,9.197124,7.895086,8.025309,8.848303,9.040211,10.28144,8.152404,6.2647,6.3215275,5.3380423,4.340932,6.401041,5.6869626,7.03335,5.609514,6.5453353,6.989044,9.933631,11.933079,11.495925,8.734222,9.838528,11.882008,13.565665,12.961598,12.040963,11.344555,happy,7
-347.1719,81.9066,-21.012623,11.639511,9.249154,-24.40223,-18.026224,-10.708742,-16.327042,-0.37863144,-9.658155,-6.1665,1.4058709,-9.354371,-4.8313375,0.7428997,-11.099958,2.205227,-2.1581988,-0.9574556,-6.7492104,-2.6706736,-4.0679517,-3.24373,1.9191885,6.824276,-0.2979428,7.319364,2.2209637,7.084075,7.6792064,13.657126,8.713358,13.423052,8.205239,8.581053,3.3108132,4.4167933,5.107511,7.094959,113.16468,44.350613,32.153946,28.96452,25.997269,28.637035,18.90134,18.14667,15.420033,16.197187,12.500542,12.27844,8.167593,12.799986,11.634493,8.63701,10.519895,8.663076,8.765443,7.8718395,7.364761,8.427171,6.8031435,12.515686,11.225008,11.300979,10.714868,10.934872,11.084392,11.776313,13.568119,12.442722,14.416958,14.066654,10.969819,9.38937,10.288862,10.956136,9.375283,7.414902,happy,7
-300.68857,79.624596,-18.137503,11.417249,4.289992,-24.921211,-20.289715,-7.0418286,-14.612518,-3.0036802,-13.4787855,-7.6244926,-3.8174732,-9.683561,-2.7664611,-3.4833357,-12.378345,2.1235907,-6.2972236,-1.194122,-9.235589,-2.0702093,-3.6226883,-1.4845108,4.4342265,10.877475,3.6084633,12.071953,7.589498,10.439542,7.080954,12.195813,5.8598504,7.3105483,2.7576237,3.269517,-0.18023317,3.5182536,0.3710946,2.6718502,72.155594,42.5429,28.576696,30.774775,27.639795,30.777822,20.055517,13.0442095,14.308421,14.840531,11.962462,12.830008,7.745292,13.352181,9.245153,9.065062,11.508488,7.913192,11.38127,11.230881,7.9693484,11.051248,6.721528,10.592463,14.598496,15.184305,14.452559,14.678307,11.25232,14.222863,14.150254,11.210692,11.475326,7.6292467,6.743364,6.1587276,5.9704976,5.0759325,7.1506734,6.7039,happy,7
-366.71643,87.1751,-32.317547,11.033825,8.729514,-27.294817,-14.158918,-17.612837,-17.751724,3.0937247,-15.628344,-5.8516607,-2.2847989,-8.939622,-9.818748,-3.2506495,-14.685376,-1.8560376,-4.582814,-8.42791,-8.986336,-4.255657,-4.442691,-4.9866095,-1.8430098,2.574836,-3.8396661,3.7602432,1.2314215,4.9461274,6.6876025,14.935555,12.554961,13.950843,6.9022603,2.40367,1.0127966,5.256892,7.2595935,6.2251396,105.46288,48.339645,37.827724,22.803743,27.738443,36.454304,23.100637,17.1545,12.503469,15.943734,11.055679,11.916656,10.3409395,9.872645,10.691829,8.265951,7.7722487,7.950065,7.5133057,7.4035025,7.9112544,8.153454,7.4757676,9.493335,8.798845,9.76474,12.110761,11.271116,11.697373,12.592821,15.378196,15.878515,16.183434,13.111092,11.879829,11.736911,8.276417,6.790961,6.607674,6.501962,happy,7
-313.771,69.84551,-21.530035,4.5881267,7.016184,-20.86501,-27.718119,-7.385611,-17.102736,-3.5904868,-12.840199,-12.866559,-0.86982584,-12.61132,-7.385073,-2.6545143,-18.423613,1.0290636,-7.438334,-5.4142685,-9.328927,-4.4355145,-4.743065,-2.6802597,10.027778,16.002981,14.875913,21.225306,8.551367,11.381821,2.584828,7.710121,2.3703585,8.868614,3.3862264,1.594256,-0.13327722,1.5657247,0.56518084,1.7553787,95.006226,50.456497,34.330574,26.301027,32.28844,33.289867,19.21473,13.087269,16.80392,13.918421,10.916907,11.714305,8.193329,13.742818,10.30902,8.5228,9.568808,7.0012374,8.600778,7.905115,7.9712706,9.145698,8.976429,12.452493,17.8134,15.201762,16.975616,17.12473,14.055545,13.716144,13.138512,9.620432,8.921913,7.7569537,8.090065,7.731613,5.35247,7.2858486,6.407921,6.0775776,happy,7
-554.4933,107.29295,-0.79648334,19.027561,10.269616,-10.35699,-8.841643,-18.77343,-11.7295475,-8.079716,-10.910456,-9.663286,-0.9729459,-7.580128,-5.4075255,-0.8099648,-12.652261,-2.8107338,-2.1685467,-5.8340282,-9.722323,-2.880583,-12.223672,-1.4269663,-9.982191,2.8971395,-10.170707,0.48845994,-5.689933,-3.8252466,-5.2091084,-1.5427111,-1.381431,-1.5227568,-1.0724741,-3.0963068,-6.9124036,-1.061661,-1.1987082,6.0166106,68.21807,63.32159,30.049427,27.4967,28.549683,21.427319,19.01051,16.012472,9.938019,10.160254,9.329247,10.319833,8.944473,10.419452,7.2509513,6.2551613,7.8729258,6.6035547,6.0624228,4.338115,6.3459115,6.240236,4.7143354,5.333162,4.9882174,4.934835,6.60424,6.2378807,5.04239,4.672907,4.567801,4.2652407,4.9742413,4.061104,4.9962344,4.7459583,5.442213,6.852279,9.468947,11.916159,sad,7
-539.13574,123.84915,2.3168125,24.928648,18.422184,-13.734503,-2.4821362,-18.595688,-10.3680315,-5.771048,-11.165943,-2.2788327,3.8473632,-8.546641,-3.1946297,3.7544365,-15.990032,1.585771,-0.6181434,-3.1692333,-5.9929247,-2.485897,-7.5543623,-5.0732865,-9.687395,3.8709953,-8.654242,2.0820198,-4.6414056,0.05304256,-5.745305,0.22892745,-0.7092414,-1.197836,0.0590174,-3.6307669,-7.4476285,-4.829646,-5.6801176,-0.9560702,80.84402,50.555073,31.608541,23.590347,30.255428,21.205248,15.697064,17.047739,10.94378,10.951299,7.5415864,14.136589,8.84155,9.637101,7.507962,8.2563505,8.730773,7.3163123,5.877049,5.298661,5.239833,5.6598363,6.103625,4.4912434,4.6123505,4.6957664,5.9515753,4.341093,3.6880178,4.1228533,4.7985506,3.8729606,3.2008965,3.3433554,3.6212568,4.1318245,3.7761889,4.132694,2.9557083,3.4129531,sad,7
-533.25476,115.07967,9.274876,15.17307,9.782368,-8.403266,-10.416096,-25.023323,-11.559868,-5.6735625,-12.563876,-8.682041,2.3060913,-12.299126,-3.270356,3.0806422,-17.39343,-1.0856228,-4.405189,-5.8853374,-7.927961,-3.7661045,-9.588433,-6.984953,-9.874436,3.6379378,-11.046569,2.6024146,-4.7248735,-3.8858142,-5.6273365,-3.3378377,-3.4327166,-1.3684261,-1.4192882,-5.0330524,-4.994055,-5.0702143,-4.3928266,3.059469,68.318085,64.85603,27.80165,25.063633,23.599346,22.650932,13.97275,16.653757,8.371465,10.3149395,12.285622,9.710654,8.302752,11.503866,5.558939,7.355852,6.866492,7.8862333,5.419703,6.263568,7.0091414,4.5634775,5.3312488,4.826591,5.500031,5.0227084,5.8898625,4.385748,2.9928408,4.5725064,4.137902,6.1144266,3.3333545,3.6798484,3.3193169,3.3655183,4.7904315,4.472208,6.4301047,9.522816,sad,7
-450.4703,106.30129,-9.807461,20.862577,6.6701627,-23.27668,-9.437762,-23.120985,-17.555666,-6.0189095,-13.876732,0.5089771,1.3223932,-15.511786,-6.5802,-1.1382095,-20.651592,1.3869799,-5.267899,-6.934621,-10.921821,-5.6024075,-9.334174,-7.2422967,-10.051851,4.2457223,-11.92178,0.97890794,-7.5509553,-4.3969355,-6.4173045,-0.5564281,-1.0337856,-0.67329067,-2.1487963,-3.2043302,-7.6570683,-4.2759705,-2.989496,-0.32019767,65.668625,66.792175,35.779606,30.054909,27.329128,29.633207,16.482409,13.951635,11.029634,8.559318,11.486567,11.24135,8.315948,12.983886,8.898679,10.730147,7.47719,7.8021946,8.640607,5.7380705,4.501774,5.7465854,6.694364,6.351206,6.17204,6.8060946,5.6484513,4.684195,6.4711056,6.0164638,3.582236,5.175006,4.325673,4.769558,3.5648398,4.117865,7.038731,7.3712306,7.812273,8.2649765,sad,7
-483.6601,111.629234,-10.8578825,16.712753,14.172377,-32.112133,-23.36496,-10.990607,-28.770578,-9.706799,-16.043344,-8.974781,-4.9837365,-14.052759,-11.660603,-3.2699285,-13.274297,-4.673343,-7.2629967,-4.2318153,-16.412348,-1.8590955,-6.018429,-10.145698,-3.5534098,-1.1170694,-6.1251163,1.2467635,-0.009984192,-1.7081785,0.0070494525,3.575409,2.187497,3.522572,1.12631,-2.0309308,0.73280156,2.0225031,4.1550026,4.7472124,82.466194,53.75695,31.845078,24.06141,31.298811,28.640535,18.823736,13.178255,15.821451,14.844632,9.826225,14.988499,11.284306,10.294542,11.8245325,9.055591,9.863834,8.445156,6.0288525,6.1545014,4.9602923,5.5184455,7.481144,4.831811,6.186752,7.2861724,4.9324403,6.1829515,5.0224705,5.545992,4.9906135,8.986674,10.142664,10.546009,9.167104,5.7030663,7.222646,9.601064,9.464039,9.430437,sad,7
-542.87384,82.4724,1.7677811,16.638403,13.922017,-14.808614,-12.666675,-6.0388017,-14.102624,-2.789352,-9.186715,-9.6246805,-0.4302912,-5.4423227,-5.8244715,-0.2275325,-7.4814754,1.8369163,0.1401084,0.333756,-3.8518188,-1.1740109,0.4177414,-4.4275317,4.382512,1.6434106,1.0019222,6.5939536,4.749576,5.0739856,3.5073168,6.85033,5.7284656,7.357309,4.97288,4.484917,5.294355,8.188711,8.558309,10.181863,127.01168,54.9968,29.312574,21.13625,26.929506,29.135456,22.09262,14.438351,15.825011,10.690663,10.360575,12.073863,11.231775,9.891511,8.661975,8.637657,11.129237,8.630209,6.7495117,5.549805,7.561585,6.6823244,6.941498,8.720614,6.3756933,5.940964,5.506708,4.9840536,7.822262,8.787664,7.893134,8.790257,6.690105,8.16398,6.7869635,8.151716,6.976377,8.956816,9.755781,10.781857,sad,7
-505.03174,71.52485,2.9515939,11.748586,8.852695,-5.414142,-19.490969,-12.482159,-14.803454,-8.958217,-11.884821,-9.044737,0.23084894,-8.572211,-5.484685,0.42124346,-12.489435,-1.7180673,0.18969299,-3.7147188,-6.2777367,-3.0769405,-0.67980295,-7.075234,-3.4998384,3.0825696,-3.518175,4.9801173,1.4356009,2.1694582,0.26482624,6.7521276,5.2060585,9.214748,8.615965,6.6629834,5.7746305,6.607527,7.6178946,7.8696766,117.1636,64.53179,25.360352,21.886179,22.337769,28.170921,18.687853,13.283953,15.534707,9.892382,8.50578,13.318623,10.316932,11.80789,10.713061,8.178609,12.75446,9.725577,7.261451,6.935585,7.129508,7.52502,5.6870794,8.643322,6.161606,6.745843,7.6132827,5.8851476,6.427412,5.941602,6.3310347,8.233877,7.894331,9.05531,7.986352,8.879414,8.3535385,9.719251,8.708323,7.343661,sad,7
-446.45795,93.4883,-7.4965196,12.833377,16.523476,-22.166348,-28.987675,-13.314084,-30.853432,-8.04941,-13.308275,-14.999901,-3.4449768,-10.489515,-15.674723,-0.48346275,-17.930964,-1.5587531,-0.7151728,-5.984389,-9.730889,-5.4595156,-4.499094,-10.876711,-2.4376318,2.004382,-5.3454814,2.5518744,-1.4048042,-0.8982499,0.21687205,4.235945,4.440381,5.9593234,2.365815,-2.7622328,-1.3087429,-1.9620334,4.4939404,6.684772,69.96672,70.763855,33.532745,30.375565,26.90245,32.05797,14.959877,15.411783,17.757936,8.312292,9.15113,12.759635,8.293419,10.240903,9.902744,7.3716717,9.777184,9.543806,6.650554,7.4188256,8.317261,8.61337,8.367961,8.627573,8.9031105,5.88015,6.5966945,6.3952246,5.8846416,9.513522,10.601036,15.1146755,13.720513,13.677515,10.161246,9.174197,5.6824155,7.4131217,9.977283,9.096922,sad,7
-323.9759,80.639656,-19.98547,21.139406,2.8507853,-23.73931,-1.7808565,-20.699026,-14.281883,0.005270154,-6.8893747,-8.883798,8.726329,-11.092096,-8.281434,6.067162,-17.445322,1.6658301,-4.846414,-5.2741866,-7.5174055,-1.4008567,-9.285397,0.35772935,-6.390075,3.9280953,-5.483277,4.41213,-1.6040031,-1.5409532,-0.32335925,-0.108938515,0.4333446,8.404942,10.51633,12.938908,4.574335,6.5408454,0.85504067,8.224447,73.55875,53.941563,34.32639,34.702408,24.60064,27.161646,20.834509,21.013601,10.9143305,15.975128,12.600639,11.657159,11.19826,10.556772,10.051486,7.7164392,8.501438,8.255496,9.07038,7.4230814,6.8248315,6.8036194,8.190885,7.394547,5.7642584,8.903975,7.47247,11.816767,10.385276,11.9702425,11.698467,10.986254,11.780019,13.392411,13.235275,13.121258,13.132305,11.080346,10.908233,10.219174,angry,7
-260.1038,65.576385,-25.56254,15.926306,3.8293576,-31.335484,-6.776045,-13.84173,-11.441757,0.043456376,-8.032473,-7.205567,3.843043,-11.275023,-6.2836514,1.8202877,-16.224756,-1.3871443,-4.2314844,-2.6152499,-7.276215,0.73797965,-2.1203783,2.1923826,1.5043042,12.886976,7.377302,24.402601,15.638466,15.251915,6.3896146,5.028592,3.5377605,8.554942,5.864014,6.3526773,0.31360862,2.9909794,0.6607489,2.689753,78.704025,45.49105,32.581696,34.713936,24.438862,27.393915,21.805765,16.620722,11.072544,14.465622,12.90944,9.387526,9.598864,13.257099,8.286524,8.737613,7.164521,8.064178,7.1984515,8.752458,11.188346,14.904026,13.94826,15.67637,15.573883,15.1421175,17.864754,18.624134,12.090525,15.632238,13.887722,12.293455,7.8935237,9.117861,6.4539237,7.7521996,7.9024644,6.07756,5.8821726,6.0403414,angry,7
-442.69412,89.815056,1.2251735,24.872948,7.4338737,-13.451087,-5.8533974,-18.402956,-11.815096,-1.1858122,-9.138109,-4.0726833,9.029006,-9.691609,-5.9325385,5.6136365,-16.77368,2.1251469,-1.1782714,-6.7414303,-9.336255,-0.5290558,-13.378101,-4.1414847,-10.369655,1.3113549,-7.648654,-0.48560455,-2.389824,-3.4391594,-5.5671234,-2.9859462,-3.8285413,-0.970744,-2.14966,-4.43696,-7.76253,-6.4758353,-8.062524,-1.5382295,89.94452,74.640755,37.00649,30.485271,26.446688,33.302795,20.141867,17.400618,11.278841,10.135397,12.0816345,8.641061,8.518482,12.770125,5.4500732,8.550372,9.9211445,7.958506,7.6058917,6.3463283,6.0286922,6.484802,9.363726,5.2129364,6.16583,6.8182983,5.9802313,3.9460714,5.51271,4.799138,4.353385,4.31321,3.9074333,3.7084167,4.361658,4.1210876,3.5073493,3.5533621,4.32656,3.8994188,angry,7
-353.0393,82.429306,-5.843093,23.996744,-1.9975116,-22.519783,-9.108221,-20.679516,-9.813053,-4.843041,-10.995425,-1.1203773,-0.33641377,-11.067736,-5.8498,-0.8109789,-19.46338,0.24168515,-6.308036,-2.499599,-13.437965,-3.3328447,-9.03578,-9.470172,-6.141272,-0.46192157,-9.531211,0.51277745,-4.497514,-0.9858662,-0.8376101,3.2231975,-0.22602127,4.6098895,1.5437113,2.0535204,-2.9539058,-2.2519417,-2.5837224,1.7616625,82.63816,65.49706,37.8265,34.855198,26.184628,32.548573,17.397104,16.26914,11.511162,13.557902,11.899802,8.849375,8.6601095,11.699042,8.581106,10.232433,8.555354,7.9070177,7.915963,6.7492533,7.984147,6.951054,6.852647,5.1852007,7.341868,7.3548613,7.126456,4.6229877,5.941769,6.3219504,11.183154,10.696627,9.509054,12.25338,8.715947,9.197729,8.909779,8.487417,7.4230742,6.8409414,angry,7
-234.17017,76.875595,-20.536732,20.861176,12.76454,-27.06947,-12.377813,-3.7389805,-16.267164,2.3510895,-8.105124,-5.5012426,2.9601188,-7.2298913,-7.4323163,4.7772245,-13.279108,0.396339,-2.2676926,-1.3581135,-3.8468163,-2.106322,-0.5666074,-2.5210955,-0.9243634,11.108865,-2.406358,12.702943,7.3265657,5.79083,6.8485603,7.748812,2.8214815,9.981246,8.076177,9.278484,3.8672802,3.6476429,2.946861,5.7851315,81.792816,45.24942,30.84903,32.951134,27.159986,28.636497,16.76124,14.623356,13.581269,16.052643,7.947558,9.407121,8.966808,11.712954,8.996372,5.7754593,6.9255934,6.804176,9.259329,6.782002,8.331821,9.932245,9.121754,6.6851892,8.239484,6.4161353,7.987041,10.375153,11.059752,12.466332,10.51283,8.041046,7.1800694,8.033478,8.663404,7.6300826,6.6508765,5.5808167,5.688363,4.636338,angry,7
-210.3546,57.961197,-26.680872,18.494848,7.402606,-33.42613,-9.867138,-1.2023884,-16.524681,1.7011243,-8.952011,-5.523023,1.3078523,-7.015163,-4.348793,4.5030904,-10.2127495,-1.596067,-1.9594345,-2.3029816,-5.5229173,1.954362,0.6914364,0.57304883,1.4454681,9.335308,3.8132064,15.870428,9.261112,8.839896,10.203272,10.137619,5.847462,9.40031,7.313194,5.8807864,3.0645006,1.266227,0.6732277,3.4638822,96.398705,46.509666,34.392902,30.487642,30.484056,33.441765,18.157764,12.600902,13.987533,13.297562,10.056963,9.866997,6.82725,9.746825,11.330924,12.694204,13.998884,10.78475,8.971645,11.341981,9.018317,10.418941,11.10133,12.270833,9.931659,13.706508,12.294997,11.735944,9.750878,10.276684,11.685568,8.930524,8.569995,7.997188,5.750673,6.6866117,5.272827,5.1285486,4.7428055,4.809212,angry,7
-162.62292,34.832237,-43.87392,3.9985898,-5.129317,-38.251812,-11.793135,-18.761282,-27.254395,1.2845314,-14.478846,-9.256221,-2.485666,-9.671404,-3.4963958,2.2155728,-3.389979,4.5302463,-0.2596429,2.4063778,3.4444892,9.214399,6.806881,7.14144,-2.5961921,6.5526633,1.1397682,6.193021,-0.09123893,4.976599,4.698709,9.2423115,3.3174713,3.2731774,1.6734651,5.944579,3.2738006,3.2095141,-3.808911,2.335122,67.530205,53.145924,37.142654,24.715118,24.154226,32.162422,21.06287,18.765532,11.429868,13.617128,10.472736,8.733658,10.669429,14.168405,13.283243,17.270754,17.57333,16.779118,14.832295,13.974941,16.435965,16.697218,15.718314,16.672201,17.657112,17.858427,7.1506186,8.97683,10.649037,11.382367,13.587468,11.856756,10.19835,6.5761433,7.893955,7.6832004,6.694424,7.4992595,9.291979,8.995867,angry,7
-210.31439,43.07951,-34.47741,8.292282,2.5202544,-30.554382,-10.156122,-12.8519745,-26.573586,3.1582491,-10.108803,-12.808439,-3.2584972,-4.8053317,-14.029596,-2.2251909,-15.565856,-4.8971624,0.09118259,1.248783,1.1555034,7.450048,-0.46581042,11.444945,6.375402,15.449473,12.066964,14.035578,5.0845895,9.284769,4.8971615,5.312762,-1.0297323,2.9727087,2.069399,6.4385815,1.755855,4.485592,0.0782351,3.4866612,103.42599,51.685474,40.907623,26.137037,28.467321,37.341846,22.300108,19.252417,14.118741,10.874509,13.453856,9.057554,9.629234,9.936403,8.132825,10.073572,9.80635,11.151101,12.002358,16.716482,21.896336,18.508907,19.078056,14.795421,17.031769,19.35983,13.407339,14.163753,14.707653,13.803849,8.898629,9.612801,8.514059,8.310974,8.956157,6.599166,7.7544208,7.743219,9.953643,11.232906,angry,7
-500.77856,93.945305,-12.978632,23.638035,-6.0476327,-15.266698,-0.05042546,-31.746195,-4.3109026,-13.393361,-2.3399575,-14.576275,-6.172104,0.103415236,-9.541439,-5.7227798,-6.627172,-0.117021844,-5.8358107,0.43240997,-9.097227,1.0112519,-6.9020004,2.5456076,-1.9600967,2.184039,4.455641,4.2918606,4.7885804,3.9986641,1.4836977,2.846057,4.947808,12.640038,10.774873,10.39725,5.91551,11.328096,6.928109,7.3150167,65.79474,56.00883,35.49181,35.760323,15.632776,14.973706,15.460369,16.017178,16.116262,14.833496,15.59101,10.500892,10.060068,7.5649076,8.7036,6.6266327,7.5950975,8.921486,8.8755865,6.2636228,5.917072,5.7679334,6.6358414,6.408478,8.655518,10.204826,14.345932,14.714159,14.137571,11.490613,10.235928,14.746664,13.62551,12.743728,8.93476,17.223722,16.38276,15.408084,8.928371,8.35653,neutral,8
-517.9228,101.9382,-17.045044,25.447258,-4.9288387,-14.563042,0.10430843,-25.680906,-5.248807,-12.348738,-4.4618874,-11.278177,-6.569179,-2.414876,-10.480747,-9.247376,-7.2203345,-0.20396748,-4.3485484,-2.9368174,-4.538244,-4.803861,-5.0514803,0.74052715,-3.4194784,-0.6365431,0.6122792,2.598914,6.4750156,7.303611,5.4244394,3.3414047,4.2242665,8.479165,8.805001,13.081274,8.166813,10.322028,2.3545458,7.8303742,78.984726,56.075974,37.44336,35.85233,20.488688,15.146941,16.94655,14.104989,13.79616,14.388915,11.057829,11.1257715,10.350212,9.094575,7.998032,8.5583515,8.417114,6.459593,7.958493,5.2177415,6.796983,4.6969256,6.756635,6.9534044,6.9744725,9.86147,10.077778,14.552133,16.7022,16.933018,13.516104,10.229351,10.045849,13.225297,13.463889,12.889243,14.326153,11.645744,11.365348,11.280354,neutral,8
-500.60886,98.43432,-8.64534,20.402473,-6.2770762,-12.7169285,-6.16798,-28.643044,-10.86811,-13.4532795,-6.1726875,-14.074791,-6.941759,-6.603855,-13.432878,-7.824664,-9.102648,1.020029,-6.6866183,-4.029154,-7.0660896,-3.0546904,-6.6121845,4.4490104,-5.006316,0.6198705,-1.7889417,-0.52937704,-1.1147406,4.782239,6.930423,13.9940195,13.151979,16.295979,10.91912,8.452051,1.1598009,5.4792247,3.4573293,9.722643,62.832638,68.754234,40.677902,36.77037,23.035688,20.829182,17.969957,14.291167,14.858443,15.1692295,14.96138,10.595609,9.506207,7.9774594,7.1807523,8.237054,6.862603,6.3646817,5.7561235,6.8354764,3.7060196,6.2762427,7.0574427,5.544401,5.361744,6.33215,7.1316376,10.898897,12.153578,14.4523,14.596734,17.416475,18.25251,19.129065,13.113371,14.60913,11.529407,9.451256,8.909744,8.584182,neutral,8
-497.51318,100.86028,-10.368699,22.648092,-7.622655,-10.190336,-7.048189,-25.23618,-11.991005,-11.095887,-2.3980896,-9.596254,-3.7097235,-6.3084106,-12.853266,-7.6936207,-8.415741,2.2684572,-7.3831534,-1.4256986,-6.221815,-4.671146,-5.272265,3.7765653,-3.1025765,-0.49408683,-3.4113536,0.10461527,-0.8238781,2.2450938,0.7476917,5.0509777,7.5005865,12.255131,10.381657,9.300568,6.275592,9.436502,4.428651,10.276886,69.27116,68.535286,43.27426,34.981213,17.690075,19.22776,17.71053,10.340802,11.377358,13.736993,13.831281,10.449158,8.5874,7.4335866,6.447955,8.873702,6.9614854,8.051726,6.305484,7.225286,6.084456,7.7906003,7.842462,7.405464,4.396184,4.993559,5.847699,7.6801744,10.387775,13.974833,15.233072,14.583419,13.941827,16.382866,14.126519,11.579324,13.675867,14.754086,13.397908,9.376564,neutral,8
-451.37762,103.57784,-37.80392,17.216354,-3.1136048,-17.094482,-5.3550916,-25.678072,-3.4986246,-10.957809,-5.7492003,-11.953503,-8.791083,-4.454807,-8.552367,-9.727903,-10.848064,-2.8650806,-6.9385386,0.11651146,-5.5236278,0.794506,-1.637702,6.519385,3.17612,6.912468,2.4283538,5.307127,3.4671338,5.940865,3.3752577,8.803017,7.414479,11.088961,5.2710986,5.5118923,4.356905,8.184735,5.8350215,8.751741,60.97105,59.067436,40.017696,27.629017,17.594875,18.115755,18.456633,12.69037,15.707898,14.67516,12.07457,10.900195,8.868818,8.222488,6.83806,6.6257997,6.2196283,6.767937,9.847396,6.9927945,6.3509407,6.5806136,13.588913,10.702152,16.342798,14.803652,14.553521,11.15014,12.21359,10.510509,13.38701,13.917925,15.846262,14.647334,11.000827,10.788441,12.29119,10.459206,9.606063,7.9011903,happy,8
-457.91257,98.8952,-34.059357,23.037249,0.5236787,-18.763151,-9.86152,-22.179394,-6.849995,-10.817739,-4.612484,-13.601046,-8.599799,-4.835169,-8.2267885,-11.986457,-10.659675,-2.5513139,-8.926957,-1.7938296,-6.496524,-2.1886866,-3.226575,4.3682613,-3.8429012,1.0249387,-3.2518687,3.577533,0.46014383,4.80159,0.22376682,6.2653866,5.947232,9.200916,5.965261,4.8614764,0.07146273,4.8796415,8.446881,12.622748,69.59552,45.54715,43.60549,28.133131,19.919346,14.897569,17.031843,15.323151,16.332687,12.473969,10.95015,12.177704,11.156411,7.972767,5.740021,9.036537,7.9510727,7.0914574,8.89258,7.102699,6.561531,8.755075,14.808458,8.5260315,10.239957,8.261835,10.731302,13.914606,12.360895,12.546617,11.508747,13.15527,16.562351,16.662441,13.268927,11.920735,12.687162,11.304922,12.090667,11.108791,happy,8
-462.541,99.66632,-21.84282,19.490139,1.9654769,-20.19791,-8.097399,-28.0603,-9.011129,-13.291783,-11.444984,-11.320094,-11.108495,-3.5681338,-8.774197,-12.818314,-11.917218,-1.1584487,-13.505038,-0.29609987,-5.764178,-3.8831422,-4.1348586,1.5485941,-7.358254,-1.7052964,-3.671969,6.727426,5.545079,14.853632,6.755747,9.639443,3.8881917,7.204691,9.050562,10.457927,6.5126953,3.9884543,1.5170722,6.870689,65.755486,59.1325,44.327244,25.108551,20.30998,19.393661,18.27937,16.79361,15.13976,15.918139,13.690522,13.170476,11.315388,7.543845,6.547425,6.49519,5.4967127,8.139757,8.596262,8.115735,5.762235,7.945267,6.5279784,5.51066,6.9389033,5.698311,7.526233,11.312897,16.377651,19.492815,16.009583,12.705593,11.636194,16.985199,15.560438,13.020395,10.506148,9.866702,10.843278,9.617115,happy,8
-432.96625,92.24538,-31.58139,16.045662,0.13393727,-21.064545,-15.175643,-29.274117,-9.209259,-15.188282,-10.007743,-8.164563,-9.72781,-4.869968,-9.174367,-11.782746,-10.4432,-2.677406,-9.899574,0.6108829,-5.0206723,-3.9423952,-6.275388,0.07264608,-4.9262376,1.5254676,1.7668098,11.054968,7.346325,11.13105,-0.41639137,6.412985,5.7817698,12.269707,8.763868,6.238832,1.9169925,4.41702,6.946445,9.311564,60.5582,57.596764,45.164845,27.14438,20.555994,19.645088,18.316746,12.959714,15.523465,18.512009,12.369014,14.93961,8.349118,7.603882,5.2055235,5.644596,6.3468146,8.002063,7.4734244,7.428679,6.3008747,7.6534142,7.7238445,8.181195,9.914933,11.585311,15.144095,18.573627,19.129253,15.630931,13.653545,12.451811,13.847931,17.743898,12.95269,10.731649,14.57596,14.989365,11.571848,9.269354,happy,8
-373.73798,83.76402,-45.47392,12.048431,-3.3994546,-26.587557,-2.8144958,-23.62617,-6.53214,-14.225966,-13.753246,-7.2397013,-10.954821,-3.901491,-8.3768635,-9.521027,-9.765542,-2.4222307,-8.3232,2.9533536,2.7498384,7.417368,12.259016,22.636267,9.287865,9.262082,3.9023902,9.747917,9.969842,10.620864,1.8315057,2.7794383,4.2282224,12.999774,9.353278,6.345763,1.8023403,3.303581,4.54668,7.1485023,63.69569,44.29171,48.572193,24.0598,23.317327,21.40516,20.89095,14.451037,15.162199,16.803778,12.516573,12.403221,11.699791,9.49077,9.423299,8.926869,10.41563,8.498532,9.745107,10.025678,12.32279,19.498281,21.461924,25.923185,18.385113,15.754054,14.944895,17.213963,14.68964,14.5380335,10.630158,11.304769,12.095814,13.997952,13.043974,14.453861,13.358722,10.406492,9.742096,10.390346,happy,8
-381.03165,82.300095,-43.13656,21.074377,-4.278763,-18.128408,2.2701344,-16.228151,-5.2154083,-11.108752,-11.870679,-5.816628,-10.210311,-1.0202427,-5.866203,-9.299634,-6.532777,-3.581092,-5.6798697,1.8154144,0.3526569,3.4936895,5.3751087,14.898492,8.330853,10.077542,6.335535,11.048456,4.103498,10.112619,4.3671217,10.014635,8.187326,10.41023,5.9289746,5.968169,4.797759,7.416651,7.0669746,10.10272,66.12333,43.34831,43.68012,27.94915,22.231249,21.810616,20.026112,17.022844,15.669051,11.74934,11.997337,12.355666,13.068932,11.750842,7.9599833,9.313386,7.6852994,7.789639,9.292307,9.575593,10.0310545,12.975599,16.72429,21.567593,17.188587,18.530735,19.67271,15.233193,12.315562,12.239834,13.388767,16.70729,14.39788,12.899472,12.623633,13.407723,11.873932,10.768651,12.284627,13.180891,happy,8
-362.0392,66.826164,-48.06522,11.506269,-3.5980372,-28.38305,-6.920271,-28.219498,-10.018395,-15.576533,-18.042044,-6.0643444,-14.002676,-6.9076166,-8.475009,-11.988046,-9.48432,-1.7888659,-10.16069,-1.6917388,-3.243288,-1.2626585,3.572612,19.60247,20.58825,24.417202,19.022398,14.801688,5.7719164,9.158455,5.5851674,10.03898,5.285909,6.3478045,2.1386487,4.048182,3.1908784,2.774284,-1.0845371,3.0606327,61.479874,53.70689,49.12738,29.266068,24.028776,20.979197,24.358692,18.949583,12.6113615,15.811838,13.880347,14.821259,11.933074,8.804501,8.454712,9.012538,9.856601,9.726479,8.710956,8.937517,11.642986,12.94248,16.266825,20.105042,20.303291,20.53092,18.906582,18.837173,14.899795,14.510409,16.67533,11.951258,11.635251,10.999732,8.575742,6.9603734,6.899736,5.3247833,8.319821,9.089993,happy,8
-393.3347,76.0944,-40.087196,10.115214,-2.6222825,-29.360672,-9.930895,-27.867203,-10.945693,-13.676459,-20.266384,-8.732509,-18.452906,-7.76287,-9.81661,-11.457759,-9.867334,-6.0334883,-10.698794,-2.532945,-3.2661772,0.11378899,6.783317,18.526941,17.50153,18.18679,10.238988,11.337727,4.007344,8.636938,1.9987206,7.996341,4.711307,7.3350983,2.1224806,2.2777805,1.2700924,2.262306,-0.46528244,1.9724932,67.18944,56.83734,46.70365,28.278564,22.165852,22.884012,22.162834,20.407053,13.331226,17.572193,14.133862,14.485563,11.750076,7.9966607,8.805779,8.9268265,8.91419,8.230577,6.9295354,8.021366,10.83242,14.977854,17.736639,20.79383,20.636301,22.75762,18.646637,14.58019,13.031978,11.848788,14.890974,13.492641,11.126456,11.193485,10.567484,6.5625734,8.606651,6.9364076,7.970199,7.75318,happy,8
-598.4268,79.48114,5.659788,20.727825,7.2839932,-6.476522,-4.526795,-16.269533,-8.690039,-10.14614,-3.7802565,-17.198912,-0.33184516,-5.975996,-3.8590243,-7.0727053,-8.4050045,0.414044,-2.737439,2.2970655,-1.4769722,-1.9394939,-3.7968411,5.145881,0.60648364,5.2693624,0.107167885,6.971291,3.5699236,11.559146,7.4155445,13.649574,15.195119,14.414211,10.544804,6.3824205,1.2707202,2.8952816,1.6725311,4.7122197,115.87031,51.62692,34.615993,30.809832,19.65872,17.949139,15.704085,13.136316,11.533307,12.269159,14.336071,12.851486,8.552979,7.818369,6.9096985,7.050127,9.177492,6.3054676,10.673213,5.727642,7.0025244,8.370444,6.397965,6.582875,8.532635,9.366282,9.344245,11.265698,13.052535,13.722662,14.932029,12.836799,14.014127,13.029021,11.797047,8.3750305,6.3884134,5.4017973,4.7332535,5.6919765,sad,8
-574.53986,98.55563,-3.775195,22.298258,3.2252407,-7.8211513,-3.8231606,-20.541433,-6.3295937,-13.955978,-4.437597,-14.136759,-2.0673342,-3.9977412,-5.7116942,-6.3503914,-5.3467607,-1.8284305,-2.750206,1.1637893,-6.8789935,1.0939381,-7.324232,3.1476588,-5.7260003,-1.4609503,-2.4680624,1.8487594,-1.0285131,4.8618245,-3.414005,3.371943,4.4829926,12.433883,15.832624,20.327915,12.335483,8.053629,4.7718964,4.3073983,84.28992,51.76812,33.961407,28.83292,21.412931,16.982729,16.001074,13.983135,12.909831,11.055258,12.165695,12.049706,7.991952,7.2085915,6.57174,6.1350822,7.227859,7.044801,7.089894,4.817292,7.01703,6.5470967,6.0604305,5.3173075,6.127295,6.400302,5.4940176,5.421024,10.26056,9.9897175,11.402698,9.17653,10.960727,13.19527,14.433908,12.315742,13.438401,13.651146,10.076885,7.0101924,sad,8
-553.49445,86.377205,5.046284,16.648294,2.3143895,-7.239219,-3.9658442,-28.275618,-10.92222,-5.829823,-8.094672,-12.596908,-5.7579103,-3.462122,-6.678803,-7.607748,-7.0821834,-2.2184048,-9.352249,0.14884014,-5.590803,0.28937095,-8.308283,9.094941,-3.0869324,3.1513362,-2.1746461,3.1373186,5.2415776,13.381036,10.856158,20.534157,15.795009,18.884771,6.3865757,7.868106,0.8386284,1.6752181,1.3452508,5.080199,58.876247,69.68495,31.894241,33.659477,12.066322,21.634922,16.166004,14.974935,11.200132,13.075942,11.208647,8.757212,7.1502585,6.0374703,7.062146,6.328125,7.995397,6.0082216,7.344372,5.1384873,5.9022017,8.467897,7.014956,4.9007773,6.324404,5.8167615,6.3276863,8.764594,9.950964,12.884965,13.534347,13.097939,14.264417,11.980324,11.95235,8.458721,7.9615355,4.913334,5.673945,5.6613364,sad,8
-544.2081,88.442505,2.8436732,18.953424,-1.3415171,-8.558215,-5.1239157,-22.107378,-11.994356,-7.7507653,-0.60552835,-20.01929,-1.7777352,-7.0073304,-6.3368926,-7.9275665,-9.0076065,2.1666844,-3.4852355,-2.8620083,-5.9542146,1.716266,-8.552874,9.328066,-2.1152725,2.5162396,-3.1089907,1.5405158,-0.510645,6.3543954,-0.17376854,14.305084,15.945787,23.99966,18.076727,15.582859,3.4080489,1.98752,-1.7568325,6.0850015,57.85187,70.43115,30.33487,34.02864,14.958821,21.69363,17.854198,14.479203,9.775949,11.347485,10.72389,8.756841,6.6408596,7.0125694,6.727939,5.486686,6.2896447,5.8957977,9.644078,6.1906805,5.3573794,9.378622,5.496618,5.6999607,7.9086933,6.1329165,5.5245066,6.2285886,9.374385,8.196983,9.736275,11.099062,13.770741,14.1652155,13.148326,12.207418,8.378372,6.17198,5.1677604,4.6433725,sad,8
-505.62848,98.06294,-15.281669,16.538248,3.2072835,-22.333046,-5.93364,-31.109465,-11.507477,-6.090819,-19.190985,-9.504459,-10.57972,-7.4893975,-8.270301,-13.071387,-11.524818,2.3845077,-1.9522833,3.3401334,2.668171,2.3436303,-0.026025072,11.216337,11.175581,19.511845,16.162056,18.731733,13.459323,8.185458,3.0544796,4.013787,2.9228532,4.6174183,0.7310561,3.8062122,-0.81218785,-1.039187,-1.4843545,2.4885302,65.82203,51.57409,31.983288,29.608212,17.92797,19.428478,20.951942,13.201001,11.557154,13.75789,9.070288,9.499778,10.945614,7.104904,7.995469,8.325349,6.93203,7.599288,12.09961,18.431412,16.2307,10.055201,10.526789,12.228547,13.223441,13.44751,17.504215,17.81489,15.748008,13.673575,13.923117,9.76775,9.697157,9.758172,6.3989305,6.3756747,6.0827994,4.726367,5.259544,7.5703907,sad,8
-590.1793,71.89315,-6.933246,16.304937,8.1514225,-9.433186,-4.2440557,-24.317844,-10.212596,2.460114,-10.0832405,-7.837251,-2.133335,-0.402676,-1.212836,-3.055101,-5.918074,4.702256,2.2506845,6.6770587,5.634231,6.139265,4.88047,12.8608675,8.901247,9.557161,4.321938,9.270271,7.260059,5.3785224,3.5592098,2.854163,0.59563464,3.0466204,1.125489,2.5129616,0.1885949,0.42649862,-1.7606487,-1.0878402,132.69734,48.41708,32.278687,21.700403,14.740248,23.206038,13.88761,20.450993,12.173146,11.651816,13.855683,8.878612,10.994041,9.83604,10.403666,9.789958,8.874407,7.638351,9.896991,9.037405,8.188896,9.912085,9.674352,12.178459,13.348317,13.684095,12.834591,12.5545025,11.068173,11.373894,10.14024,7.3515587,7.044124,6.1694283,6.4011583,5.4107547,5.828772,5.199439,4.842003,4.4180717,sad,8
-495.41968,91.701675,-17.698648,12.5996475,0.8666994,-19.714462,-9.191283,-31.58551,-16.789093,0.001764606,-20.967209,-9.082887,-9.199452,-3.6718118,-6.920314,-11.537449,-10.643586,2.0161037,-6.082397,-0.41102487,4.520283,6.3982453,4.367875,14.077599,11.608434,18.240227,14.85393,15.930249,9.246972,8.410711,1.8434244,5.652302,2.3102999,4.451075,-4.0103893,0.90521735,-0.3773731,0.87723947,-4.6472607,-4.15602,66.07847,64.72365,34.897358,25.689259,18.132088,26.314768,23.465837,17.686562,12.095437,11.214115,11.935284,10.683782,11.894391,7.793884,7.303082,7.3602066,7.7565126,5.668138,6.6685843,9.001879,9.413568,13.215862,11.383192,13.704444,16.62629,14.576073,16.713428,16.451984,15.434465,13.920515,13.517169,10.014992,8.312718,6.747396,7.721212,5.999564,6.0086923,5.5969157,5.466228,4.7143455,sad,8
-596.9811,81.59706,-1.5807406,14.958564,9.090156,-3.3678613,-3.084607,-27.504076,-10.501603,7.9112105,-9.445862,-6.3487945,-3.2102435,2.233459,0.8485342,-3.761794,-7.055524,5.2538342,0.48592263,4.5461884,4.8347983,6.1249323,6.8140883,12.532976,10.209223,12.296619,6.6163187,9.147747,5.6223154,4.5587673,2.3935626,3.359496,2.401439,3.949323,1.6304787,1.9182688,1.4804356,1.0508863,-2.9227772,0.2533015,138.12366,56.425392,34.185177,21.810837,20.699282,25.881517,19.349808,23.612207,14.327479,12.831796,17.732037,9.994563,12.444676,11.430433,11.413591,10.253256,9.847948,6.211724,11.273475,11.698743,11.084221,10.371992,12.589612,13.234462,14.327243,16.019547,13.708223,12.576386,10.348002,11.842858,10.3186245,7.9252524,6.562624,6.0132155,6.6213326,5.489575,5.8286324,5.2039657,5.8810344,4.9325757,sad,8
-371.95172,92.96511,-22.466496,11.681566,-12.736008,-14.746132,8.35737,-23.51215,-9.934693,-12.195884,-9.331941,-10.996091,-10.144377,0.0126307085,-7.637279,-8.401571,-2.9567664,-7.201109,-6.734798,-0.40695444,-8.432777,1.3676338,1.9071002,9.597496,5.230061,8.576196,5.0060678,10.230701,8.120577,16.066135,10.800054,14.916853,9.9506645,9.588957,3.0266817,2.773481,0.573398,6.1745534,3.7533755,4.259537,67.23555,60.419098,37.046864,37.486233,23.307869,22.130114,18.751614,15.716266,11.400738,14.212169,15.661919,8.348394,11.467317,8.779638,9.657111,9.269631,6.539358,6.346691,8.883426,7.5191283,8.853375,12.27691,17.236511,16.511486,17.332548,13.798546,13.193,11.146905,12.645819,15.210353,13.747945,15.979216,13.860909,11.533167,6.7447553,6.855233,5.1269803,6.4630823,5.351004,6.110987,angry,8
-375.95776,90.945854,-9.996878,20.13869,-18.697363,-14.936509,10.264222,-15.653656,-8.997155,-15.01624,-7.8270197,-10.029755,-7.7640634,-0.893784,-10.372142,-7.4721956,-4.730263,-5.772297,-6.250104,-0.24736126,-6.022891,-0.04649285,-0.6322626,3.2008376,-0.880112,2.0598688,6.040182,12.35575,9.128895,9.580905,-0.37266025,2.788341,6.325812,16.146133,13.805842,10.668001,2.3508227,3.2491202,0.64837253,4.2997956,66.63555,55.61387,38.94339,37.29278,21.463335,21.016323,15.51439,17.204704,12.40194,11.787253,15.00383,7.185075,12.261614,7.0100007,8.838511,10.3673935,7.4406023,7.582111,6.829644,6.809805,8.358062,9.333675,14.639309,13.964228,13.41678,13.664985,12.813985,15.702117,18.997717,14.570768,9.589187,9.2619705,12.153331,12.949691,14.445026,13.399184,8.899298,8.640841,7.5562687,7.077949,angry,8
-392.45795,82.01002,2.2115283,15.35058,-14.822893,-16.228748,7.451968,-22.737183,-15.9088125,-17.384436,-12.307664,-11.038056,-7.7593174,-6.1753545,-10.55055,-7.2243843,-6.5642967,-6.446991,-8.781551,-1.1091762,-10.181053,-4.4223967,-7.526216,-1.6721207,-4.919281,-2.2690349,-1.128718,5.821583,6.6245894,10.09924,2.4653265,3.0772614,-0.81068087,8.52866,10.961744,14.44035,9.127744,9.034504,0.84068656,4.2528644,69.98722,75.34604,34.366604,35.037075,22.471704,21.560848,18.483313,14.845804,11.993781,13.353879,13.814393,11.62356,13.02741,8.392855,7.126281,10.30428,5.7129436,5.8894043,5.280952,7.575913,7.2393665,8.0820055,5.3652153,8.670146,7.942927,9.207139,11.271854,13.932847,18.578114,18.554972,15.291786,13.493092,14.610883,14.561542,12.628838,12.949309,14.271669,13.054955,9.888104,5.82453,angry,8
-388.18448,79.5646,2.0806494,13.087275,-14.989459,-18.547205,5.8728538,-22.304544,-16.878527,-15.047125,-14.100697,-13.462014,-10.999455,-4.9531083,-15.192399,-5.6315665,-7.559305,-8.562791,-7.7390866,-2.5254893,-11.067833,-5.1080694,-7.7150087,-1.5405174,-0.1966157,4.4653606,2.1518102,6.722543,6.556066,9.485539,4.1430893,11.708712,7.3624206,13.9832325,6.494885,8.683812,3.4409294,3.337368,0.78155,4.4077334,66.166374,76.759895,34.282307,33.36245,25.120884,23.586586,17.636482,13.752703,13.267106,11.864038,14.870656,12.070092,12.100914,8.873853,8.665443,9.7205,5.8111253,7.205193,6.373123,7.341665,7.427442,8.76698,10.196237,10.651213,13.5241375,13.320947,15.277449,16.314617,16.131475,15.264428,18.33364,16.357756,14.418606,15.416663,13.458276,10.679648,9.278106,7.824055,7.542984,9.629106,angry,8
-310.9278,80.28143,-30.015347,8.819448,-21.923462,-19.48995,11.390117,-19.884665,-11.999105,-9.786226,-8.836044,-7.1641645,-9.517823,-2.6270583,-7.3124847,-5.849626,-4.047512,-1.6715941,0.7146489,12.053839,9.12173,13.787262,9.238043,13.392097,9.367393,12.137308,7.8451767,11.323798,6.5466404,8.563466,1.8159869,5.497022,3.6888528,7.454597,3.1037178,4.772359,0.75137013,4.8648586,1.4689562,3.115732,67.16118,60.852848,42.012455,39.977448,25.073385,26.538713,19.442116,20.774988,14.518941,11.049545,17.490429,9.233738,14.70446,9.690282,10.501161,9.374223,10.193563,12.831596,15.742768,22.52098,21.207216,21.899824,18.695753,16.419994,14.050247,13.465519,12.401249,13.740806,12.6704,15.088117,9.300281,10.777903,10.045953,8.852307,10.473177,8.021974,6.485136,6.143879,5.856476,9.503857,angry,8
-208.12183,58.548565,-43.903355,11.2969885,-27.702234,-23.648808,10.4529085,-15.3683,-12.990643,-10.451967,-10.408931,-7.9159875,-12.77052,-7.6452785,-11.763963,-3.295809,5.2753577,5.131457,5.8310657,15.257122,11.24883,17.412697,14.820093,12.753632,4.5377107,6.5514307,1.4680877,10.638471,3.0406976,3.085765,1.4215294,5.429934,3.2657819,5.592074,1.9133861,5.673345,2.545659,0.95364445,-2.593674,5.405433,77.87519,45.44385,44.606174,34.160137,26.869621,22.23725,18.922464,16.960964,14.356027,11.91626,15.274427,12.996791,12.568395,13.19566,15.381655,21.011845,17.60042,18.754547,19.68756,17.19192,18.485693,16.68572,14.082989,13.7696295,15.884648,12.538602,11.255481,7.9023123,6.9635906,9.152035,8.753334,8.651606,11.105657,8.6841545,8.913837,6.961461,6.9071074,6.5139313,7.0856514,8.631015,angry,8
-300.40158,59.717014,-16.91939,1.7277069,-24.815174,-21.420021,8.717184,-31.179308,-12.201493,-16.71695,-10.519139,-8.520609,-10.082246,-3.86378,-13.188085,-11.561334,-9.552955,-6.435729,-8.183364,6.4559817,0.3194977,11.542592,10.350127,14.217795,7.2290974,11.167289,13.517042,18.457355,14.38858,8.389273,-4.586566,0.041494634,1.0528476,7.782823,3.0020018,3.249128,-3.1924622,-1.3982135,0.6838943,5.473465,65.75892,62.80236,38.22103,38.787586,26.671387,21.50867,20.045324,15.140193,15.803479,12.554089,16.579617,12.018625,13.21731,8.781425,10.399729,9.393895,7.699952,10.298244,10.431344,13.532904,20.4517,24.889954,22.321077,20.27044,19.526672,18.513031,15.978097,16.306156,17.307707,14.069865,12.523063,9.073493,8.398206,7.609495,9.4310255,7.1620903,7.5675125,7.8492618,5.027317,8.028363,angry,8
-288.32593,67.03905,-20.865139,8.594712,-23.88724,-24.65568,12.057045,-29.67567,-14.093804,-17.596838,-12.658153,-8.092621,-9.503574,-8.555724,-10.478542,-9.903991,-4.8531165,-3.2184746,-0.7829362,10.860938,4.099114,10.275075,8.166807,12.795178,5.044382,8.00851,6.0990524,7.9147,6.2178235,4.257535,-1.4542751,3.33248,1.0806984,6.758965,4.3543515,1.2679942,-1.3120584,3.2134144,2.3966453,4.91742,73.915405,62.265285,44.1014,43.004757,25.713457,23.67633,23.625036,17.493454,14.089799,13.528385,17.280394,11.604136,11.333698,8.767291,9.582058,11.281231,14.717045,11.723544,17.867529,16.098291,21.165062,22.777924,22.856934,16.418987,14.602992,17.468712,16.036133,10.910889,10.258113,8.282913,9.873193,9.360931,9.211458,9.294903,8.744502,6.9873676,8.772198,5.7493377,5.13412,8.114156,angry,8
-694.38446,102.95778,21.966408,35.29517,24.73885,8.980341,4.053246,4.805059,7.117361,7.2021236,-0.77869457,10.445505,7.371564,3.5545402,6.1670227,3.5906336,5.4110565,6.285095,-1.4259841,9.2037945,2.7466016,3.22569,-2.6647286,3.8702304,0.064783305,4.0850573,1.1652353,1.5505099,1.441571,2.2547798,0.6938123,3.8808978,0.24424134,1.7279935,1.2665681,2.587329,-1.1788553,0.2454256,-3.0192022,0.8966621,156.5323,52.326405,23.379992,14.351352,15.21153,18.053131,14.806024,14.470405,12.319685,11.287121,12.3700695,8.519391,9.198527,10.950569,7.106103,9.398643,6.120192,6.25261,9.332986,8.032548,6.4148755,6.407739,9.341818,5.760361,5.695698,5.030499,5.3381677,4.934481,5.2643027,3.8162107,4.8395367,3.3842368,3.9592254,3.438167,3.9630406,3.797913,4.3518906,3.3882885,4.946062,4.1161804,neutral,9
-602.32874,131.44972,18.337618,29.384443,18.549303,-0.5745376,-7.082014,-12.120613,0.18693146,-2.6157217,-14.921255,5.55097,-0.75862086,-6.549166,1.4866396,-5.514559,-0.17499228,1.4653429,-13.227061,4.8887687,-3.162341,-3.939099,-7.6995296,-2.3389559,-5.563028,-3.0872586,-3.486202,-4.142639,-4.5517573,-1.778664,-5.580257,-0.4861841,-4.342762,-2.0092297,-4.349368,-0.03221395,-6.02278,-1.8065765,-8.709354,-3.469698,70.64249,44.72725,26.275387,16.23385,18.208666,19.749702,10.822394,11.075976,9.9019785,9.923233,9.430111,8.777334,10.1188,11.398274,5.0643344,7.3700047,5.3182836,5.7801037,5.724206,7.709925,6.482576,5.9217124,6.1154585,5.914268,4.6896944,5.1527443,4.329289,4.113838,5.083387,3.2601519,4.6602726,3.5931818,4.270977,4.301666,3.5264401,3.7093148,4.2243595,3.7321346,3.4366097,3.05258,neutral,9
-587.1542,115.71141,16.22882,31.441616,16.711788,4.2966657,-8.152351,-15.562389,-7.1751432,-1.1290131,-14.687718,0.20146906,-2.9375162,-5.2108836,-1.4305434,-0.95366377,-1.6676818,-0.31401637,-7.7558575,3.1061127,-3.93475,-5.0642715,-8.825205,-2.010054,-6.9547715,-4.4277034,-5.4971075,-4.1412344,-5.2402573,-2.3056068,-6.7593417,-2.1036692,-6.482399,-1.8299081,-3.2783165,-0.53559536,-4.49015,-2.4692588,-8.403528,-3.0269017,70.65967,74.30765,23.200132,25.1882,16.392717,14.44257,13.013459,12.869105,10.989442,11.652144,11.64644,12.943334,10.120408,9.259497,6.3633075,7.159114,5.7463207,5.7596517,4.5303764,7.1442466,6.015871,5.9155307,6.696884,4.478436,5.7961907,4.3623586,4.6238556,4.122118,3.9357889,3.5588095,2.9850051,3.2101688,3.529918,3.1890576,3.8703387,3.632074,4.545514,3.872329,2.7944832,3.3416576,neutral,9
-578.1092,127.66225,12.572934,33.707066,16.382553,-2.213263,-4.6740513,-13.543607,-5.5661893,-0.70282376,-12.530631,4.031022,-1.2582779,-0.97454834,-0.088748485,-2.4454532,0.917815,-1.5041902,-8.789741,6.0372987,-3.7971685,-3.768109,-10.260666,-1.9015718,-5.7905154,-2.678597,-6.512863,-3.7600033,-4.093469,-1.8505629,-6.966318,-1.1323235,-4.390347,-2.1750534,-3.6676989,-0.16520245,-5.1729593,-2.6615663,-6.2006783,-1.7264645,66.713,67.764046,25.106073,23.018948,19.08183,17.696623,11.987205,14.607825,11.235365,9.899199,10.667726,13.253556,11.13041,9.909357,7.6179957,9.590588,5.933207,6.026174,5.6255913,6.8807473,6.386925,5.617442,4.94588,5.841283,4.925545,5.2211843,6.886921,4.3235054,4.2179394,4.931719,4.522462,3.3120136,3.6136103,3.0540192,4.4809012,4.1480474,4.0145288,4.4720435,2.9939744,3.518871,neutral,9
-588.7687,135.30212,8.297707,19.277983,23.753208,1.9689004,-8.76133,-11.083825,-21.470686,-3.7061565,-2.875421,-1.8240896,1.0432376,-0.28334948,-9.042101,0.74217206,0.535965,-5.078997,-5.478326,-0.17918909,-8.1726465,-2.3221111,-10.229196,-2.4950926,-8.380226,-1.9953141,-5.2024326,-1.5489435,-5.570784,-1.1776206,-4.1595626,-0.17177686,-3.43264,-3.0989213,-5.5625668,0.062450334,-4.997387,-0.7745809,-3.164894,-3.5858662,102.64188,54.0205,32.967144,21.209118,16.133076,18.215818,12.299908,11.773431,12.48175,8.031641,7.6887765,9.926103,8.551363,11.390995,7.8664436,7.9183807,7.01902,7.6281304,6.0239534,7.89972,6.507357,3.9995894,5.353954,5.043905,4.8421946,4.1468673,4.1403923,3.8635967,4.8816104,3.5702353,3.3122861,3.5516572,3.4565122,3.147174,3.5281992,3.0644972,3.3376455,3.2177658,3.0658896,3.2035248,happy,9
-481.92062,130.97197,-14.502462,20.490614,25.261814,-11.959704,-15.264547,-13.407341,-11.579329,-1.1479632,-9.264616,-7.365004,-6.5925813,0.80403394,-8.155943,-2.1417215,-1.935761,-2.275653,-12.59467,4.3884864,-6.0811267,-3.7816312,-7.6573505,-1.4803491,-4.994858,0.057838064,-5.3520226,-2.53256,-2.3210912,-1.9882357,-2.8707402,-0.52208394,-5.2250113,-1.975821,-4.6288214,-1.5123433,-2.948004,-0.917314,-6.870511,-2.160986,65.94545,60.06659,35.100838,23.820324,23.346132,26.096378,11.906071,11.816064,14.46092,8.565561,8.650197,10.778549,9.702738,12.327365,8.583829,9.922381,8.718041,6.5304637,8.059189,6.572,6.376506,4.7357645,6.335087,4.852198,4.553063,4.806561,3.498305,4.2357225,4.4100633,4.7452993,4.4983416,3.5102084,4.6147513,4.0328298,3.2884808,3.3666408,3.8040154,2.9296043,4.1732407,5.0645757,happy,9
-504.55188,121.1459,-3.2312443,21.0619,25.75503,-0.1271551,-15.244363,-14.056506,-11.963806,3.2734852,-16.81667,-1.3668419,-3.2589896,-5.785183,-1.9363022,-1.6553192,-3.423414,-1.0002948,-11.2041,1.5975351,-5.4103866,-2.1740298,-11.603578,-0.26709485,-5.4101005,-3.9395976,-5.3002763,-1.1292006,-3.7939706,-0.7872472,-4.087924,-0.04301094,-3.7241611,-1.9197637,-5.7029805,-0.3953662,-3.5483286,-2.1575458,-4.961966,-2.7110581,64.945526,77.97674,30.652151,31.087397,18.136192,22.284658,12.7418375,12.600374,13.023784,11.998885,10.499177,10.209816,9.847573,12.364703,8.233772,8.889316,7.184748,6.5226426,6.910031,9.112194,6.8149066,4.8457394,6.271932,5.815309,5.119655,4.289823,7.015798,4.307774,3.2180662,3.8383305,3.03269,3.50181,4.146352,3.8547432,3.9321067,4.261134,3.5229964,3.217644,3.534785,3.2767394,happy,9
-466.8482,119.061676,-18.230154,24.404501,18.814407,-6.2128663,-12.696155,-23.092075,-19.569082,2.4299364,-13.000792,-11.561142,0.55478764,-3.3676736,-11.4618635,2.7128298,-4.099707,-2.2739918,-13.12828,-0.3132569,-5.647663,-6.3197284,-8.986238,0.9352749,-7.310158,-0.56581706,-8.324465,-1.9648826,-4.0965357,-1.6605538,-4.576856,0.20700867,-4.187331,-2.6068785,-3.6072025,-1.0548283,-2.1130733,-0.46313438,-6.275728,-4.0184855,58.989372,80.27977,43.435425,23.50696,20.841913,28.459087,16.69447,12.77586,17.31458,7.547441,9.311795,10.94684,13.008295,12.301802,7.9217663,8.986774,8.756923,6.5155935,8.011167,8.131103,4.8033485,5.110599,5.4814806,4.9363875,3.9436138,5.0893426,5.7388673,3.7498286,5.013393,5.0405235,4.462001,4.0117116,4.9476748,3.8155906,3.7793655,2.8621294,3.832315,3.110835,3.8612123,3.0875723,happy,9
-344.2472,92.55753,-34.180912,2.8259354,8.98693,-28.268024,-27.769932,-12.1210375,-28.150074,-6.9124084,-4.564589,-8.415333,-10.67943,2.0283961,-16.57446,1.275549,-7.3842335,-10.714812,-6.728224,-3.8774765,-8.714825,-13.244796,-11.31797,-6.289846,-9.44466,7.1461844,7.139142,16.838945,14.879901,11.963245,9.854968,7.077595,2.268098,5.9766855,4.4623218,6.1082153,4.025755,5.7853055,-0.065683156,0.5609316,64.0365,51.032696,38.47317,27.10976,20.248245,29.039568,14.153059,19.020102,13.894617,9.589097,11.382083,11.559356,8.868955,11.497259,8.986698,10.476364,6.937114,10.238088,9.897736,9.372267,8.368571,6.7229986,9.5240555,9.545451,16.936369,22.935184,20.0244,21.127165,16.623398,23.631323,18.510338,12.573999,9.327931,9.257425,10.35093,10.874329,8.086724,8.226814,7.091325,7.8010235,happy,9
-376.46588,109.85072,-33.185497,-3.4196022,2.9295783,-35.463165,-27.306805,-10.022598,-30.910818,-12.464952,-6.4991527,-10.820249,-10.296583,2.3233197,-13.7929945,-1.0511913,-9.739776,-13.138899,-7.52633,-2.2506964,-11.4334755,-12.76549,-10.216462,-5.7601585,-7.6108446,7.344044,7.1365232,16.978603,12.297482,10.912296,5.7032127,-0.38554233,-0.19976239,5.2518945,8.149596,8.005583,1.3117578,1.0392736,0.34560862,2.6538332,67.42355,50.082092,38.554672,22.638582,18.362797,27.483831,13.5234995,19.474377,15.463804,9.134792,9.570433,8.27863,9.413919,11.600968,9.819463,9.10289,9.250077,7.4867663,7.5956597,8.888129,6.537624,7.8912973,11.900338,15.495693,13.485284,15.68741,17.848671,21.015903,17.103409,17.689657,11.486718,9.6759815,11.063798,10.7421255,9.350223,9.586844,8.220032,9.034147,7.1406064,6.47114,happy,9
-271.37897,73.04679,-34.607006,7.877671,9.77291,-20.372143,-24.1069,-12.061394,-34.165592,-2.8893597,-14.832957,-6.7923837,-6.6161785,3.870748,-14.738344,0.78798413,-5.4997525,-14.920284,-11.050404,-0.5951502,-14.64358,-11.2677355,-15.353053,-2.2287405,-5.160763,5.2609067,4.2520523,18.246603,14.746064,15.501263,15.265528,10.232242,3.5038102,4.02622,2.8740468,6.8118467,6.774443,5.598989,1.6633676,1.5876431,56.01461,59.31992,39.84725,22.396772,17.973963,32.796375,13.5169325,18.50104,15.884714,9.457759,9.650332,11.637992,12.838182,9.193944,7.887388,9.203238,7.142379,8.649441,7.604481,8.342669,9.97036,10.048954,10.009499,12.65981,15.44968,17.994474,15.67977,19.080742,15.219265,15.31789,15.043536,11.115456,8.078486,8.384044,6.784866,6.142908,8.567144,6.131238,6.701593,7.7424636,happy,9
-353.253,99.99236,-23.66604,7.402332,9.965959,-16.210703,-18.274937,-17.03119,-32.916004,-7.3502903,-11.600733,-8.329149,-3.9905305,1.9524914,-18.00171,4.1938224,-11.989661,-12.428256,-3.2850707,-0.2094207,-7.783977,-7.8003893,-8.507079,-6.3952875,-12.689197,-7.554453,-8.235947,-0.23428898,-1.4713244,3.6654925,11.462863,12.7341,9.4370365,13.120268,9.806619,7.9960403,2.7373385,5.988122,2.8621767,3.6579847,67.2577,67.21162,40.95205,23.987492,18.668417,36.55889,15.987354,17.836384,13.522038,7.216235,9.635889,12.107633,11.880922,10.484911,8.520371,11.00648,9.374206,8.837668,6.714162,8.883691,8.5305,6.3151793,6.007026,8.164525,7.9252777,8.448126,7.736018,9.500378,12.381056,15.316154,17.440947,14.83688,14.217904,17.763689,16.98081,9.224471,7.4557023,7.3651257,6.7915964,8.19832,happy,9
-664.9824,121.68402,12.058872,29.586742,27.587358,10.943686,-7.306611,-19.61045,-6.6177344,-2.8059127,-4.1011877,1.09878,2.0972977,-7.262329,-3.2913349,0.8161902,-0.6899018,-2.3779566,-4.023463,-1.5312864,0.42798933,-2.7381735,-7.6553655,-0.54805934,-6.0745263,-0.18352744,-2.2306194,-2.2682736,-3.8853455,-1.5555328,-1.0406672,-0.50184536,-4.988468,-0.66524756,-3.8502126,1.1986997,-0.10487103,-0.084360756,-4.9647455,-2.0086915,68.24001,35.556995,23.10333,20.909412,16.652046,14.5959,10.83719,11.576563,7.3841257,9.307437,9.231609,8.570868,10.302003,7.206283,5.4460287,7.4340277,6.236881,6.2495465,5.0358987,6.5126457,5.1385207,5.333602,4.8321576,5.2316513,6.052855,4.5622277,5.0732727,4.066036,4.014652,4.311623,2.702818,4.864379,4.794227,3.9898324,3.9126995,3.103554,4.215339,2.8852906,4.0520153,4.3756456,sad,9
-645.22766,100.154076,6.940161,33.949,25.098772,9.052811,-10.690603,-18.141607,-4.313177,0.7199718,-3.219115,0.040923595,1.8055303,-4.43666,-4.9117947,-0.05916069,-0.027520258,-5.9297967,-1.4960909,3.3156323,-5.074741,-3.347726,-11.933343,0.11701141,-8.812584,0.73346096,-5.620551,-0.25849888,-4.5825524,-0.82174176,-4.8368616,-1.8003652,-5.5759883,-1.9849243,-3.3157713,0.6321727,-3.600438,-1.9244025,-7.302453,-3.3107789,67.36901,42.289803,25.592667,21.718246,17.449564,15.409047,11.025688,13.712279,10.655926,8.61008,11.080404,11.005699,10.931285,8.560147,7.2116175,6.277909,5.2158427,5.492637,6.5758576,6.0615215,6.553977,5.400783,4.1229873,3.7393632,6.033321,3.141768,4.948135,3.7067559,4.412073,4.10115,2.742209,4.42491,4.556996,3.057025,2.5076158,3.937579,3.935722,3.1741378,3.2449641,2.8849404,sad,9
-602.51105,93.163734,13.649072,35.562992,20.210217,15.005645,-0.9013677,-20.12524,-9.073008,-0.040185362,-5.4340887,-6.136909,3.8460536,-8.784708,-6.1668983,2.6343398,0.52686316,-9.159295,-0.99747413,-0.7181477,-3.3507757,-1.8945152,-13.942206,0.33536983,-5.698477,-2.445909,-3.9644551,-2.187719,-5.843349,-0.4828328,-3.7568753,-1.2460527,-4.464957,-0.17811657,-3.7654843,2.0686793,-3.1461442,0.30549282,-5.3274055,-1.5618514,66.88044,74.63799,26.45309,26.306288,16.48436,16.77835,12.418987,10.197912,11.984606,8.76699,6.5032687,9.182991,10.115662,9.6188,8.090471,8.130662,5.4769692,4.9990993,5.5312886,6.7634487,7.0482574,4.5663013,5.5177855,5.506129,3.771197,4.5956044,4.466283,3.384797,2.7202823,3.6753466,3.8477116,2.9704268,3.798435,3.5108554,3.2420335,2.9468033,3.068143,3.3189085,4.060999,2.9110043,sad,9
-667.9077,100.91011,26.144026,34.055782,21.180973,16.693556,0.47316927,-15.31673,-3.680766,7.605599,-2.8657398,0.40322763,4.322239,-6.99898,-4.1630406,1.4787139,-0.22450778,-2.4101598,-0.74639106,-0.113272384,-1.5456991,-1.7981915,-11.048843,-0.21592915,-7.7894897,-0.97202635,-6.6584888,-2.406366,-4.250222,-1.001077,-3.9722738,-2.9187932,-3.9814126,-0.28151995,-3.3872576,1.0260663,-2.7395532,-1.0051855,-4.100907,-0.08368311,65.84224,61.927174,14.072923,29.154892,11.610678,9.109447,10.446253,11.820401,9.033846,9.16035,8.228703,9.74912,8.049665,5.5857425,5.684028,8.4665985,5.7473793,6.274208,5.834605,6.4300075,6.0092473,4.7425327,5.1477127,6.1183352,4.0466285,3.659991,3.2961793,3.9028153,3.1302166,4.528511,4.0999756,3.9647877,3.0993888,3.0844784,4.3104253,3.0278814,3.168974,3.5012097,3.911064,3.5811582,sad,9
-618.62646,102.98737,2.9406645,28.850817,19.902952,1.7253826,-13.656531,-13.277723,-13.968625,-4.544124,-1.8489965,-12.443489,-1.0675254,0.3000857,-6.412891,0.5203065,-1.7102089,-2.882181,-4.9585967,0.064564146,-6.191069,0.8054996,-8.9623165,0.88841003,-5.9935074,1.1086692,-5.6207824,0.7693337,-3.7300963,0.55863065,-2.3265305,1.361102,-3.1775153,-1.2287376,-2.4164565,0.68056387,-1.2162951,-1.3970642,-5.5102997,-2.3512228,88.33165,57.759853,28.811628,18.252766,15.177719,25.504173,12.427976,15.09847,14.763876,9.764807,7.687017,10.700988,9.758841,10.822873,7.662111,8.364366,5.8957877,7.916699,7.9042315,4.7835393,5.192795,8.099242,6.2610393,4.666714,7.112132,5.0344534,5.6258545,4.720519,5.555654,4.7374735,3.7887323,3.7695696,5.3793454,3.9260042,4.333661,5.628118,3.403065,3.9432998,3.732856,3.2821088,sad,9
-608.37213,90.919,0.080371,26.41027,20.433865,-1.7270937,-15.821294,-8.149681,-9.64307,-4.433935,-4.3537245,-10.311561,-4.994401,-3.660476,-4.1148543,-1.0456842,-2.2374337,-4.1745625,-6.0220356,0.6056411,-4.327689,-3.0258443,-5.4760036,2.049002,-5.325327,0.47562078,-3.757206,0.8070328,-3.8658772,1.5092276,-2.5713177,1.5279348,-3.7140532,-0.28045177,-1.8359908,1.7986574,-1.5714936,-0.922056,-4.5399137,-2.3298795,112.64335,54.336422,33.26093,14.757755,15.885508,22.957827,12.602543,12.027081,14.356781,7.8906207,6.2732697,7.817754,10.264838,8.838121,8.552675,7.8394003,6.154734,7.4339585,10.20313,5.225895,4.7829585,7.671853,6.696488,4.144452,5.8499155,5.9541225,5.463404,4.8718333,5.0263205,5.052361,5.5058374,4.7533684,4.4073257,4.1101527,5.348293,4.5755653,3.5548148,4.675855,4.027446,4.071126,sad,9
-601.42377,90.46651,0.4470771,27.60622,17.425201,1.816031,-15.867345,-13.624296,-15.698216,-2.2732587,-6.469181,-16.473888,-6.427327,-1.0487735,-10.07401,1.3258712,-1.5529705,-7.428892,-8.377469,3.139835,-5.5657783,-4.213469,-7.1169744,-1.4549804,-4.3567386,-1.2563272,-7.6966343,-0.85251105,-5.516496,-0.108416215,-3.4679914,0.48463407,-5.9937634,-2.251848,-1.8849628,0.64582235,-0.49434042,-1.221361,-2.9011354,2.394947,94.51518,73.19679,24.773697,18.917942,17.512888,24.89211,9.387079,12.396891,15.786295,9.833145,6.759952,9.644355,9.980815,9.678556,9.911127,7.3573766,6.29654,7.490239,8.604642,7.5109253,5.007742,6.405387,7.675082,6.1269546,5.619642,5.6427584,6.504647,5.1472096,7.154864,5.361682,5.130902,5.593343,4.609077,4.390898,5.062655,5.596557,4.4127164,5.6474485,6.1201224,7.684545,sad,9
-565.90466,108.55496,0.76079786,36.263466,20.37032,1.7412636,-11.852201,-15.836619,-18.38778,-2.5465312,-7.2115393,-18.990347,-3.5619097,-3.0538442,-12.446396,-0.45907786,-2.181513,-8.805819,-10.3775015,1.4300275,-6.4943027,-5.1083474,-9.322513,-1.5134851,-6.1429443,-2.8725643,-7.67401,-0.5106009,-5.3894577,-0.46345818,-2.4224532,1.8170139,-2.6056142,-1.3433361,-1.5248932,1.8688515,0.13604353,-1.8050183,-4.6443458,-2.1910822,82.88007,65.2455,25.813747,18.22541,17.73428,24.801,12.069111,12.53064,13.580846,7.642657,6.819166,10.277119,8.449051,9.95243,7.897196,6.96935,5.8392277,4.7049146,5.115482,6.540706,6.349284,6.1026864,6.420338,5.985173,5.0676208,4.1820345,5.4558706,4.0283456,5.210625,4.0133505,5.626801,5.7529683,6.890001,6.550514,6.6452723,6.2844615,5.974504,3.9424005,4.859044,4.8498693,sad,9
-548.38367,113.234795,-3.8039382,30.638721,31.40058,-0.8753556,-7.940923,-6.748876,-12.020551,-0.3735379,-0.9274001,-5.836772,3.6842384,-4.7450123,-4.8453555,-1.4506828,0.70571923,-3.6723068,-5.0246987,4.1472626,-2.7392807,-2.7571862,-10.844816,2.1356373,-6.489375,-4.203943,-4.5524817,-0.43180957,-6.207235,-1.806592,-3.4077032,0.052230522,-4.3246503,-0.30833605,-3.6034434,2.5101726,-3.1489372,0.56762713,-6.4082804,-2.2394488,79.83964,51.7136,31.69958,23.091267,17.992693,23.320671,11.693741,15.884272,10.357749,11.31667,11.927164,10.598168,12.015011,10.333289,7.8542404,7.7842445,8.215392,4.897866,7.1297026,6.2373967,6.91432,6.58648,5.136477,5.072867,5.4701967,4.104175,4.248364,4.6766424,5.2937717,4.25539,4.320701,3.910472,4.496759,4.3546796,3.7125509,3.5745327,4.6261063,3.4267716,3.631957,3.413093,angry,9
-493.23422,110.18853,-10.903335,29.278488,29.830643,-2.3614678,-8.428581,-10.702319,-10.077785,-0.7150132,-5.5121083,-4.855353,3.2515476,-5.328575,-5.8371882,-2.6147854,0.48179704,-1.7834752,-6.643463,-0.46995658,-0.7967127,-3.1540017,-10.642129,1.7671871,-5.163208,0.24330139,-6.7901516,0.4158189,-2.242557,-1.5013484,-1.3714751,2.022602,-2.026162,-0.29637918,-1.9113181,3.3617795,-3.5471783,1.5098114,-4.3683267,-3.6397698,90.48221,61.182716,27.495855,20.147928,19.645985,24.294436,11.794522,15.721854,13.138391,11.162332,11.0373125,10.632677,10.478813,9.876372,7.5043764,7.656747,7.906408,7.644579,6.7052317,5.3901386,4.947959,5.661349,6.0343676,5.515328,4.511508,4.9013305,4.624842,5.111696,4.4045,3.9411087,3.5691173,3.2346556,3.9657207,3.7889352,3.9300337,4.361597,4.0875144,4.300383,3.534297,2.919258,angry,9
-409.21585,102.35061,-26.74547,18.478489,27.27165,-11.64724,-8.0262,-15.10938,-26.67733,-4.1419873,-3.7942712,-13.594072,0.10988762,4.113363,-11.233034,-6.30036,4.238629,-0.1606426,-16.566002,5.9312425,-6.7856493,-0.06321894,-12.906027,1.5596021,-5.0168743,-2.0969455,-6.634785,1.0152944,-6.825801,-1.1952515,-2.2539525,-0.019662017,-2.5734437,1.7169086,-7.1094174,-1.411378,-3.2629538,-2.2521648,-5.4277596,-5.0443797,52.594734,80.36889,36.38789,26.07871,22.30893,31.099834,12.346377,16.515453,17.406548,8.95628,10.220963,10.425179,10.894436,11.233319,10.186753,12.104365,8.29783,6.421911,9.338268,8.830627,5.856727,6.1158195,6.0493846,5.0107827,4.1808333,3.5477405,5.588076,4.962416,4.471677,3.5496802,4.4119425,5.930893,4.4941173,4.226337,4.232478,4.152626,5.028359,4.1237183,5.000657,5.5867996,angry,9
-432.18668,103.564064,-17.923492,22.309803,26.453249,-11.544087,-8.768286,-14.745263,-22.827585,-3.1138065,-7.4075017,-14.625818,1.643026,-1.8164434,-11.597821,-4.553504,3.5651996,-2.591378,-12.282206,0.7705971,-4.082203,-0.7971314,-15.092185,0.57321703,-8.559892,-0.4009717,-9.062954,1.7629917,-5.332708,-1.7362478,-2.041895,-2.0719435,-4.015942,0.36386466,-7.0166464,-1.2682713,-5.513337,-0.7823501,-8.570779,-2.2370236,73.48747,78.82634,33.606358,21.97854,21.224056,29.448437,12.756025,15.814863,16.040016,9.644669,10.264869,10.69253,9.030101,7.3356323,9.74714,13.746968,7.18916,8.037016,6.1746697,7.309379,5.306728,5.5735283,6.6067424,4.5560346,5.661398,3.7778258,5.1137443,5.2834067,4.2098904,3.2745838,5.402593,3.8667438,3.7824564,3.8508313,3.9315014,4.01112,4.217071,4.022775,4.0369463,4.1642785,angry,9
-155.94193,86.28768,-38.897503,2.9402368,0.31727043,-24.612667,-17.823473,-8.65172,-14.928865,-4.956189,-1.9438856,-3.4156308,-3.3391864,-6.2743216,-6.6322355,-2.2309904,-3.544082,2.6386447,3.1893349,11.255149,6.196311,5.738662,5.9444995,5.394505,-2.2579782,5.6212287,-0.7722261,3.3179224,-0.039495718,3.355192,3.9377673,4.492023,-1.3133775,4.4242783,1.000255,3.5085242,3.7196126,5.080907,0.18479854,3.0751483,92.73831,45.53037,33.726974,22.664448,26.413548,25.400797,15.2918215,17.973362,11.82394,9.137164,12.764199,11.576173,10.36502,8.923531,10.125987,12.421533,8.962745,11.469007,14.797993,12.123976,8.390406,11.891558,10.705265,6.6767154,8.424807,8.06867,6.7044287,5.7091107,7.5570426,5.726542,5.8219647,5.8616724,6.1621704,5.4121933,6.8031363,4.3007164,4.566249,4.348926,4.1652846,4.710117,angry,9
-162.74353,94.37304,-41.811916,0.12914723,-2.3492792,-26.454407,-15.784518,-11.789618,-14.270343,-7.2633963,-2.3256695,-2.0236814,-6.597001,-3.3107674,-8.056171,-4.7077394,-5.7747464,-4.0696597,-1.667506,5.5224414,-2.390248,4.3988686,2.101046,6.8341503,3.3333287,6.9330196,0.041658744,2.7623663,0.537715,6.99751,2.6246903,5.4748816,1.0658288,3.6185708,2.6071517,5.2024508,1.3443357,3.5786376,0.13236879,3.2271583,83.23412,49.269173,33.449696,19.791626,22.012594,25.07957,14.242605,19.879824,12.532551,9.08432,10.84837,11.983062,9.435077,7.155436,8.311616,10.446617,9.122027,8.435209,11.157576,9.598174,8.479708,8.4606,9.721012,8.684052,8.445876,7.351241,7.0945525,8.75968,8.431897,5.642128,6.506709,5.2548075,4.8158665,4.971692,4.862201,4.8461742,3.9003406,4.288612,4.663209,4.992926,angry,9
-176.57405,72.60872,-32.519783,-0.99752223,-4.882312,-24.258266,-22.080265,-11.318681,-9.426362,-12.845316,-2.4705439,-2.7074232,-2.561601,-2.034342,-11.07157,-0.7278562,-4.3546324,-3.7945988,2.047992,9.3059025,2.7042742,3.4695969,0.7974164,9.081489,-2.0900013,4.572629,1.5391825,3.2096047,0.31689867,2.232562,0.10011224,3.7516253,0.87690544,3.8159404,1.1673756,4.356345,1.3762075,3.6903164,1.0557063,2.3560393,108.31413,54.777393,37.427174,21.460478,23.923845,32.08293,19.791529,18.203875,17.783142,10.932715,11.84533,13.249349,12.01607,11.852433,10.247907,14.473682,11.296516,10.871026,14.589081,12.963666,15.201613,10.624445,11.856002,11.124385,8.336142,8.284564,8.376605,8.89097,5.889259,5.45343,7.466818,5.9740233,7.0789514,6.786128,6.4145412,5.460562,6.218727,5.4662986,5.129309,6.2038918,angry,9
-160.87912,75.605934,-36.79939,-6.0173116,-9.0371275,-22.138783,-13.21716,-14.65249,-5.248654,-10.407357,-0.30537492,-2.4708705,-5.647272,-0.14994448,-13.396758,3.4520326,-2.964807,2.015114,9.062669,14.688328,6.140434,10.054666,4.3399777,3.626523,-1.1171805,5.4828815,-1.1633539,2.2901428,1.8584113,5.8076353,1.8835247,4.824709,-0.36196336,5.457892,2.929593,4.0543356,1.6633118,6.4480605,0.118494466,3.733497,82.8777,67.33568,38.408043,20.32219,17.629875,31.298613,15.865172,18.799677,12.105799,9.572829,12.670186,11.409755,9.69152,9.305918,14.004841,11.879054,10.471995,14.014974,15.517782,11.8948145,11.635102,12.809424,11.850833,8.735684,7.537675,6.9550014,6.1807117,7.054334,6.4794784,4.7059813,5.1709,5.5732517,6.3342805,7.00529,5.5288115,5.4237742,4.2477193,5.205778,5.7545924,5.663342,angry,9
-389.2747,90.27106,-13.01769,-2.6443655,0.5611774,-15.590429,-21.226784,-21.215496,-13.017457,-8.6257105,-18.21939,-12.056787,-6.1851273,-15.188914,-6.0478354,-5.6608486,-8.490071,-10.575793,-0.83125186,-11.429222,-7.9986887,-3.2563934,-8.851969,3.320123,-6.5523157,9.06577,-2.456681,14.75501,4.1082344,7.1984057,5.7042212,5.6422806,9.836693,6.6666336,9.841025,3.595519,1.8001974,2.5844996,-0.8708078,6.2533717,66.09048,51.33534,27.13023,25.545198,22.65112,16.618551,16.128216,14.905728,13.674214,11.994696,11.102072,11.4868145,8.178494,10.86379,7.6222205,9.786196,7.4411273,9.02994,8.105065,7.5970063,8.9835,6.7837343,11.643816,12.636259,15.2925205,14.241612,16.529985,21.539457,17.216232,16.592897,14.228885,13.185979,16.61238,14.291279,16.246258,14.627946,14.60707,9.0104685,10.8544855,8.353415,neutral,10
-400.83038,85.071754,-3.9104595,1.0674963,-0.14388469,-15.857536,-19.49969,-22.17352,-11.954748,-8.0866785,-14.871147,-11.855187,-6.6101155,-13.154256,-6.894204,-5.1338396,-8.834362,-9.69327,-0.33053485,-14.014028,-5.250847,-2.9605675,-10.201372,1.2874259,-10.388052,6.697633,-8.357591,9.193691,1.6402103,6.177552,1.1454973,1.2137437,5.109392,6.5713487,14.114255,12.209414,10.790394,3.3440645,0.21010296,1.9647831,67.64344,62.681126,28.758572,29.651327,18.808851,15.121457,15.766704,14.639848,12.519646,11.524517,10.349665,11.394486,8.000938,8.798332,8.856268,7.369296,9.025439,9.819501,7.86521,8.494314,6.7993417,6.285663,9.321393,12.27682,15.429605,12.700679,12.281359,14.85127,14.792248,14.634741,13.587978,9.8595915,8.887985,11.352574,15.935042,13.8906555,14.692943,9.371029,7.87756,8.015317,neutral,10
-392.32364,81.04249,-4.781818,1.8929051,-2.300532,-18.977304,-19.260706,-26.481535,-14.407801,-5.731859,-16.67141,-13.5424595,-8.528236,-13.411198,-3.4849968,-9.292237,-7.6358232,-9.4020815,-1.3206993,-16.122217,-10.176244,-5.2590885,-11.745894,7.9723186,-0.9122246,14.31941,1.9503987,18.966627,10.078923,13.851412,13.617414,11.669949,6.4889817,-0.054384697,0.37670472,0.5898597,2.0083413,3.4381833,-3.4105613,0.82008606,57.46492,58.959145,31.572678,25.147049,26.496881,19.868038,12.798276,16.981283,13.541819,8.98077,10.167836,10.635253,8.674718,10.165172,7.1009297,7.1585493,7.3478503,9.737233,8.884161,6.62911,7.496419,8.692047,11.718331,16.98087,17.927576,21.330715,18.941837,16.791868,20.660336,18.839077,17.986122,14.348454,12.427644,12.501691,11.839709,10.131183,11.0143385,7.558266,10.190021,8.738671,neutral,10
-414.5836,85.796196,7.2900143,7.446074,-0.82188493,-10.187463,-20.218561,-23.05508,-12.929526,-7.5885215,-16.67341,-13.010981,-8.505519,-8.594895,-3.3295863,-5.748625,-9.871287,-5.2196555,-0.4816122,-16.41391,-9.532732,-4.213386,-15.01858,-2.1998727,-11.476952,3.6056173,-7.9920545,9.582187,5.0852857,5.823833,6.661649,5.6955724,11.183281,8.431276,13.4746895,3.5223334,2.278248,3.7655137,6.2814674,9.8778715,71.46213,59.01527,30.53588,22.293642,22.391201,14.972334,14.950964,16.246094,13.835584,11.361075,9.36075,11.341662,9.145977,8.605262,6.6345067,6.851659,8.53727,9.800642,9.548536,7.135744,7.0371246,7.0138783,6.131217,4.881391,8.557596,6.838233,12.231175,19.444632,17.69058,16.03133,14.870644,19.863216,16.928513,14.641631,13.447439,13.445613,11.063785,13.07096,13.355022,13.349402,neutral,10
-325.58054,98.36237,-35.989136,2.021663,2.039873,-23.84648,-14.60922,-35.342426,-18.840973,-7.7684593,-15.110274,-12.860605,-9.487357,-14.640812,-6.411877,-10.974964,-7.4582443,-9.704233,-6.494144,-4.8017273,-13.085934,5.298109,-6.596168,0.13368823,-1.4666344,2.6126637,2.4781663,10.185217,7.3933864,6.980307,6.1174593,12.849716,6.041967,8.410992,-3.9074545,2.857433,-4.065936,6.1865015,2.6154525,2.2562053,70.82489,44.725292,32.55635,20.83987,22.620977,17.410364,15.521824,16.996159,12.698199,11.219145,12.692406,9.753854,12.718576,12.283667,10.791162,8.1713085,11.400895,9.477149,8.342327,6.6040664,11.688644,11.097189,14.564442,17.16224,13.169927,9.937457,19.82624,21.726583,15.977756,13.399771,18.240547,20.359144,16.171255,11.309221,10.254131,8.591901,10.22513,9.619458,7.8791714,7.9363713,happy,10
-315.91232,96.31936,-26.924692,0.9099179,-2.6691947,-27.846197,-17.452806,-31.738424,-17.64545,-5.194914,-24.513695,-18.004704,-6.6763406,-21.361248,-8.24825,-10.712254,-16.345787,-11.06777,-8.481602,-5.443035,3.0722933,19.401564,13.546118,21.977304,6.2039075,7.5201654,-4.393279,4.418135,3.8821316,-2.9001,-0.49920258,-1.1087728,-2.1671438,0.6502998,-2.3654542,0.3146953,-4.414012,0.9672152,-5.5160227,-2.5283449,62.947807,54.20302,29.64516,24.74403,24.32173,21.481976,16.433249,17.681168,13.575198,12.585294,9.408851,9.032753,10.885042,10.675167,7.179517,8.401467,9.495104,9.9779215,8.5731735,15.017179,16.560448,20.43411,18.405323,16.492483,12.9278755,19.325804,12.672621,8.895313,7.996848,8.766001,9.35737,9.383112,7.2921424,7.4933276,7.988044,7.57032,9.684048,8.545158,5.9673343,8.595224,happy,10
-340.3063,83.59153,-38.83983,2.5952177,-9.664109,-25.422482,-27.842396,-37.748566,-12.823527,-8.827251,-26.474825,-12.809356,-7.7216897,-25.330355,1.765384,-8.784306,-16.816456,9.449585,7.1492863,4.8447633,9.230269,11.934272,14.551678,16.262974,10.527447,4.940086,-6.9035115,0.072452694,0.17066632,-0.46033767,-6.305297,-2.266314,-5.1858788,6.0052114,3.802136,4.4728184,-0.37213826,1.9391497,-1.5618984,-5.8713875,69.29861,44.50076,36.88527,19.745094,22.52968,16.278559,13.961769,12.2337475,12.856405,7.5994215,9.907406,8.67924,8.988507,13.337409,10.97637,8.710496,15.091212,14.799174,23.3788,20.870237,13.566068,17.206116,19.050295,19.702354,16.41449,12.515034,10.102609,8.912923,9.530146,10.6404085,11.050286,11.516742,7.1873665,13.83192,12.039904,11.312249,12.270411,10.295339,6.5198874,9.148451,happy,10
-308.31967,85.961876,-33.48857,3.0483155,-4.187864,-28.417807,-23.945967,-39.88209,-15.671635,-2.5315583,-26.598661,-12.770206,-11.279306,-20.03511,-4.535748,-13.811256,-15.915687,-5.7098427,-5.6171665,-8.97564,-0.1771975,12.643196,8.426157,24.70551,11.956257,17.21648,2.169347,1.1838675,0.71366113,-4.943455,4.305243,2.997004,0.80646825,0.9446136,1.8493167,4.5010347,-0.97677356,-0.46646428,-4.1399007,1.2130566,94.53482,55.212944,44.285583,20.28813,19.991951,19.541895,10.377437,13.016438,12.819369,10.449295,11.203825,12.111868,12.467518,12.292069,8.032588,6.6195617,7.675577,8.332616,10.675494,8.350495,11.219853,15.131651,13.760901,18.887074,18.041187,17.044212,13.045478,11.429219,12.073812,8.236118,11.937902,7.490609,10.331053,10.527041,11.192024,11.317578,12.175507,8.3419075,7.8961883,7.4273343,happy,10
-216.25876,63.406685,-51.977577,-8.337866,-11.555475,-43.531136,-18.419264,-35.438908,-30.635828,-1.9249061,-27.406796,-17.991302,-7.3303337,-18.802313,-0.16416934,7.5936003,5.732815,22.069351,14.573215,7.7549233,0.2963473,4.817586,-6.346134,-2.520074,-5.7584686,-2.4295895,-4.4145827,-4.600018,-2.7916362,-3.2020042,1.0824172,4.3300047,-5.7102757,6.6616354,0.6734878,5.0471334,0.6485083,5.6337385,-1.1834593,-1.3897731,59.470345,41.5743,34.56296,26.493858,20.784292,22.89704,13.606988,19.61693,14.0993595,13.299714,11.277208,13.69441,11.366985,13.709029,17.37427,20.528633,17.771172,21.102001,22.105974,18.841085,15.018496,13.357829,12.976873,10.724634,11.955426,11.671513,7.9809303,8.297597,9.6470995,11.199028,16.430418,12.795116,10.909053,8.276338,7.97681,7.641457,9.286561,9.071774,10.328571,10.519977,happy,10
-212.54843,60.931396,-43.180923,-9.735861,-9.172239,-36.140663,-20.733257,-33.678993,-29.362534,-4.1689425,-24.71748,-18.311802,-4.6959295,-11.947814,11.2075405,19.340553,14.179388,19.690113,2.3593664,-5.3419437,-10.184583,7.4798694,-9.279101,-1.2021769,-11.500408,-5.0279922,-2.4755986,2.0966485,2.9667242,0.5407221,4.7628736,8.632757,0.02200222,7.812689,-4.800871,1.0921816,-2.5829656,-0.98210436,-4.0580425,-1.070443,61.185406,40.127544,33.5644,25.865145,19.881447,20.564281,17.314001,17.963495,16.321589,13.852673,11.525408,10.965878,11.302783,21.298693,17.987368,20.861507,18.902845,18.037394,17.841656,12.707452,10.192956,12.650949,9.065579,11.211999,11.382635,11.099111,10.779061,11.405825,13.337779,11.469061,13.978137,11.321475,11.119552,10.272861,6.006495,5.718165,7.897839,7.5040665,7.9827175,8.226002,happy,10
-194.19647,45.536465,-41.29919,-8.394867,-12.029289,-35.678925,-20.342894,-28.508997,-31.756369,-7.682755,-23.569761,-20.308167,-0.49071607,2.9733307,24.188995,22.924276,6.123446,9.061048,-11.841119,-9.873087,1.1995707,6.014608,-10.083502,-10.055589,-6.289283,1.6236514,1.039467,2.7973173,1.7065264,9.328148,1.0484174,-3.6994278,-8.44247,0.8408006,-2.231803,-4.3899627,-2.4525192,-0.3871908,-5.845072,-0.83448,58.21126,42.762856,34.87105,22.131899,17.490242,22.275251,16.691952,16.356358,17.390707,12.253262,10.42452,11.198272,12.343755,17.537945,21.35467,20.549511,19.510496,16.925274,16.28243,15.601559,11.9109125,14.712449,14.0829735,13.946703,13.915686,8.966055,10.57581,12.289661,10.442734,14.158627,14.000984,10.420261,7.8181906,7.3923097,9.423769,6.9455433,8.774591,5.7532516,10.881779,8.634072,happy,10
-197.04056,53.62912,-59.05387,-5.049853,-7.210364,-36.24276,-18.006107,-31.719076,-33.923256,-0.8082798,-26.799244,-16.457642,-3.365942,-8.676696,5.2400837,14.80083,-0.879546,20.699379,12.723135,4.0589542,7.965599,9.592829,2.8433433,1.4681959,-1.5161139,2.0327177,-6.826866,1.6888033,-5.8688116,-0.27577835,-1.4459623,1.9639717,-6.2957354,-0.9693907,0.004787469,0.37741145,-0.52250975,3.6750653,-3.5199294,3.3092742,75.9021,48.674896,42.851227,25.379835,25.136839,24.2534,18.126257,15.160575,14.703221,13.336629,9.901951,10.737411,13.136283,16.73894,16.755327,22.921446,17.130867,19.858618,17.048693,19.47188,14.561432,13.850034,16.076538,13.976013,12.899059,10.6015215,10.000119,8.508121,7.7105937,8.956896,10.124091,9.240135,8.51658,6.5434203,6.408451,6.339647,6.073475,10.181658,9.019095,8.820533,happy,10
-452.42715,103.655304,-7.2912073,11.726713,1.2071261,-17.657545,-10.4537325,-35.333878,-10.486758,-10.379378,-14.581437,-15.077032,-4.034459,-7.776975,-6.4688225,-3.5649493,-6.916138,-8.985898,-1.734015,-9.493865,-8.727676,-2.2522926,-8.353984,2.5216072,-5.754051,1.405312,-5.2070394,0.593656,-1.1770698,-2.371689,0.8035345,8.339805,10.532278,19.233772,19.79872,16.13857,7.82575,6.279868,-3.9493682,2.3257575,71.96167,50.096233,28.721766,26.906788,19.768198,17.767933,12.348457,14.711347,12.831087,13.614425,8.457466,10.408219,9.919602,8.634692,8.508977,8.168901,7.692904,8.888933,9.147845,8.482231,7.6323943,6.6089005,8.10622,12.758032,11.547269,10.429099,8.48711,6.0693693,6.9488277,8.051786,10.040572,10.874803,9.96655,16.186607,13.648563,13.195984,11.443504,6.0635796,4.4774146,5.7620726,sad,10
-435.93054,85.21493,-0.1849768,9.128318,-0.1481982,-14.564921,-9.416903,-25.943745,-7.6913204,-8.330691,-11.735554,-13.17621,-7.005813,-5.8796763,-5.1405816,-4.196032,-6.4399543,-7.8099413,1.3076835,-13.333567,-7.01421,-2.8486195,-12.544878,-1.6370505,-12.615194,-1.6967714,-8.000133,-4.5775456,-1.9964515,-3.9667313,-1.1241051,1.7653581,4.0523624,5.087277,10.60927,11.29787,8.275644,11.604425,4.8617167,11.237222,67.19598,50.983986,28.510748,20.99845,18.58339,14.83407,15.899208,14.373092,12.050914,13.737511,8.466842,11.158951,6.8300138,11.200033,9.019446,9.125991,7.261613,10.712278,9.99769,7.2852616,6.248496,4.6916223,7.06784,5.276582,5.5954857,4.804232,5.449058,7.874577,6.6500497,10.867247,9.771373,12.308095,11.785318,11.33112,9.783314,13.8192005,11.280471,10.467025,7.5502963,10.506662,sad,10
-454.98837,99.70514,1.6421856,8.851445,4.838389,-13.379945,-14.784996,-34.699474,-8.904766,-6.910176,-19.745693,-10.926191,-3.779581,-9.936664,-3.1562262,-6.508676,-9.691856,-5.4238243,-4.551426,-12.9809475,-8.615566,-4.5447173,-6.4400783,-3.8576367,-7.064756,1.4355423,-7.5989285,4.98847,0.40178034,8.29165,9.343799,15.9610195,14.010952,12.850318,9.75576,5.4679484,1.7821498,4.105347,2.5711815,3.244036,68.62733,71.163704,27.436937,21.001686,18.236961,17.21538,13.455404,11.988142,12.787523,12.792658,8.957241,8.151727,8.89781,9.159667,6.629545,9.16113,6.445243,8.976748,8.426033,8.775148,5.831732,7.671827,5.9542265,5.1906567,5.7512846,7.8015957,7.4319615,10.764979,16.159966,17.036236,16.20004,14.333569,19.615833,16.815416,11.651938,11.380729,10.84457,11.481621,8.389181,7.964429,sad,10
-469.25415,105.44383,6.0004807,0.14352001,-3.844905,-10.936478,-15.610189,-29.430742,-3.2009966,-4.279513,-17.011995,-9.626712,-2.4034376,-12.543672,2.1496036,-7.629885,-5.987625,-2.9594097,-4.149391,-7.425014,-7.527681,-3.5235236,-5.8128347,-6.565424,-4.834065,-2.3764076,-8.298651,0.4787138,-3.4350274,-2.4786162,-4.047942,2.0487032,1.4267402,5.838896,9.999165,13.768727,13.828558,14.070981,5.4596934,7.0554385,69.80537,65.18405,25.592266,19.617767,19.950209,20.366411,13.170565,13.525184,13.373576,9.492717,9.317907,11.082863,9.732282,10.859658,7.964594,8.946429,7.7742295,7.759317,8.370388,7.9845643,7.5562167,6.0417156,6.1609216,6.7555823,7.35473,7.6684074,6.403662,6.8331556,4.8656282,8.183848,7.0389934,8.618246,9.6711035,10.397428,12.168528,12.560044,11.984621,13.770074,12.193351,9.708103,sad,10
-349.05026,102.37623,-21.738205,9.453258,4.4341164,-29.675041,-11.671351,-37.057644,-16.110256,-8.048425,-15.41994,-8.902907,-2.9866815,-13.324402,-6.521601,-6.899408,-13.444333,-3.2598574,-10.203012,-5.7141604,-12.691207,1.6092424,-3.6007557,1.7954485,-1.5839764,6.4780006,-0.024581539,11.935461,3.9609542,4.5803695,1.7668601,3.2925923,-0.626065,6.4046273,3.3940747,8.393232,0.84045106,-0.7821978,-1.2716839,-0.87958544,68.091095,56.63483,28.273241,22.239214,21.852806,22.544945,16.608341,17.215427,12.341728,8.683622,11.928245,9.048415,12.265726,9.314536,8.68443,9.254093,8.407228,8.194721,8.34174,7.993255,7.727521,10.578215,8.416759,20.439005,18.223211,14.138778,15.714306,19.226856,21.10218,14.213794,12.262237,8.469043,11.315821,11.980725,9.999153,10.344099,11.238718,11.035192,9.8494215,6.1772327,sad,10
-412.065,94.09563,-11.144246,13.815424,9.526631,-24.351643,-14.135241,-37.063583,-9.811382,-6.7425537,-18.190523,-7.2215834,-3.5575929,-14.440186,-5.357993,-5.8919563,-9.540002,-5.6362357,-9.364961,-5.487075,-9.183906,2.325175,-3.0470877,-2.9334676,-5.0548725,3.9041648,-3.138626,13.306867,4.8919516,7.029604,2.8846226,7.434894,8.032459,7.723656,7.9909368,4.7477994,-0.62793636,2.5051317,-0.11191371,1.1570258,73.96361,57.91266,26.963278,20.894495,21.097948,17.288563,18.598722,17.74831,14.223978,11.693618,12.359838,10.529363,10.771001,10.107517,10.221207,6.69366,8.1303215,7.459583,7.4448752,8.930311,11.690971,13.287279,10.352825,14.248167,11.470385,11.431403,12.916102,14.018044,17.736902,12.837497,12.969777,9.294894,9.757388,8.460778,8.571756,6.2296796,7.9257565,6.254077,5.468546,4.990199,sad,10
-440.4703,86.504944,9.0251875,15.555464,1.5784642,-11.027402,-18.879572,-32.014187,-4.4357023,-7.3906975,-18.34892,-6.3209867,-1.9025861,-10.902975,0.86045015,-7.288314,-8.316483,-6.3252277,-5.977409,-6.1047616,-11.204745,-0.4976533,-6.8769865,-6.3901606,-4.8009796,-0.7916658,-9.816782,5.7578373,-5.7296057,2.0922945,0.010510642,7.9758115,4.4573154,4.77208,4.1256166,4.473681,6.403945,9.804043,7.3408685,7.041142,71.13706,78.85763,29.743013,21.490845,16.511562,19.466911,18.669367,17.118086,12.490514,12.183992,8.60117,7.099714,6.983591,9.682232,6.8289075,6.61989,6.607914,8.445521,6.2279305,7.7557774,7.2894697,7.5411377,6.2835684,5.302656,5.4557734,7.0465813,6.2242165,6.5797615,7.076077,8.444678,14.76079,14.662993,15.720784,10.639612,8.771453,10.876401,9.993992,11.191104,10.569137,7.845934,sad,10
-437.0472,96.13353,3.0502727,15.919665,6.584058,-13.24273,-16.540497,-41.309464,-9.812001,-13.038946,-23.021408,-5.843676,-6.6151543,-12.824651,3.0979612,-5.528627,-11.031469,-3.3880866,-8.421302,-6.887821,-12.629537,0.69242513,-7.41026,-4.393678,1.6660646,0.22609338,-4.8670254,5.141141,-6.2391295,-0.96375996,-4.847012,6.628266,4.066454,9.985262,10.937311,15.34892,10.720267,8.784305,1.5360825,1.1665347,71.24053,59.31149,29.431345,20.442928,16.219988,19.51604,17.081509,17.213203,15.743584,9.898808,8.976071,9.409675,10.934765,9.207768,9.821825,9.36354,8.787041,8.14685,6.4049625,7.5289974,7.8506966,9.188331,6.8313723,11.3050165,12.196001,17.900686,9.862851,8.559267,7.5133996,8.88139,10.132818,14.219998,12.11951,15.010317,12.540435,16.047035,11.963936,11.409613,10.712921,7.537993,sad,10
-389.52277,102.434425,-12.683841,6.54031,1.1827375,-16.043852,-17.728186,-28.981937,-8.76514,-9.459696,-12.272838,-10.511119,-3.9122674,-8.734059,-7.267894,-5.246652,-8.576437,-8.293346,-2.1333823,-13.934939,-6.8183265,-3.994304,-14.401592,-3.4899101,-9.826556,-2.319908,-7.613542,1.5934924,-1.4239148,-4.6015387,-2.7854257,-2.779425,1.5529938,2.4094121,8.9318075,8.232836,8.545292,8.738755,3.5425274,10.290102,76.51083,63.34601,39.568825,33.935257,20.542118,17.830793,15.610532,15.773457,14.344277,11.894583,10.050296,9.156665,9.397117,7.3746986,9.204012,7.451245,9.3984995,11.267933,8.609655,8.538496,6.7401824,7.5243826,7.5560765,6.0520005,7.500243,7.698326,11.716909,11.767499,8.763636,12.034486,8.300491,7.773092,8.538492,11.104677,16.433758,15.302961,15.712747,10.812351,11.87788,12.677086,angry,10
-316.15186,97.64278,-30.15295,7.5239186,-11.016702,-18.190695,-16.111963,-29.82196,-10.316908,-9.867402,-13.70539,-13.365015,-8.235121,-10.560585,-10.649145,-12.357663,-7.078366,-8.764153,-3.146577,-4.4615245,-4.465754,5.9968214,-3.1536517,2.375533,-2.2222114,-2.9238503,-6.2697234,1.6887212,-1.2977275,0.7964724,3.3492386,6.4176025,9.355261,9.950118,2.3923614,4.796526,-2.8459828,5.1514025,1.3529681,3.7553115,66.38094,69.92393,40.14942,26.11009,22.760324,22.250175,17.083141,17.068357,10.598526,10.170535,12.81858,10.615847,10.469395,11.312142,9.150571,11.803085,13.315773,17.064272,13.48342,11.449474,12.601106,14.778223,18.35367,12.23586,10.75337,8.3552065,8.287304,7.8215017,9.407444,6.912287,13.447091,14.2141075,14.739995,10.891825,10.361793,8.960258,9.713631,8.760047,9.606905,8.122554,angry,10
-342.05002,96.250534,-22.470766,2.0625238,-9.083057,-14.705218,-19.852371,-28.42682,-12.94796,-8.442499,-18.484602,-4.2446117,-4.4792056,-14.340143,-5.5706215,-8.156325,-12.133389,-9.171165,-6.232234,-12.999475,-10.162542,-3.3636389,-9.135988,-6.700947,-7.48528,-2.682444,-7.9460216,2.970942,0.09662793,1.356837,2.8010943,4.2559175,5.3042183,8.7458315,9.773096,10.267681,8.040616,7.6841087,5.0142,6.688978,56.004295,71.87804,37.15798,32.083492,20.244093,19.23154,17.04253,17.497217,13.910894,12.068311,8.142559,11.57795,11.268262,10.290753,7.5538406,6.3290153,8.155527,10.022809,9.039202,6.88204,8.018096,5.954805,5.8872004,6.9751983,8.389068,7.701391,11.346178,15.076091,15.759441,14.318237,15.188601,14.540935,15.351255,13.492616,12.338454,15.08589,15.108204,14.350424,11.346672,10.573784,angry,10
-339.58896,102.72254,-31.167248,6.651686,-13.091606,-16.468424,-17.263926,-33.177685,0.11876577,-12.428949,-15.76535,-2.3585134,-10.865685,-12.059611,-4.5454297,-13.384876,-8.242725,-10.745946,-5.393957,-9.760672,-11.72841,-2.8468204,-9.805327,-10.521928,-4.323246,-8.256717,-7.6930513,4.488992,-0.41418755,3.7687938,4.4620113,7.1680803,9.004743,14.251151,11.608828,13.282189,7.5253434,5.312947,1.5727564,1.0603968,76.40423,77.53242,49.43962,26.268663,22.296556,21.636465,21.991484,18.569326,12.828372,10.76825,8.468156,8.747044,7.0945997,8.112239,7.7477713,8.418998,8.519451,11.165318,6.948515,8.667957,6.9171243,7.077864,4.9150267,5.998608,7.416707,7.8836617,11.83011,13.653483,15.354674,15.639309,16.928707,14.805827,13.609301,12.970111,14.613141,14.731594,11.71151,9.9294195,5.921683,6.2468696,angry,10
-218.88242,74.600716,-40.176533,9.489721,-18.529993,-26.165623,-14.020352,-26.830484,-14.0501,-9.084387,-16.177736,-10.387558,-6.783313,-13.232028,-4.9946237,-11.197421,-8.8229265,-5.674342,-6.861152,0.8587853,-3.1956425,5.5635443,2.4092758,1.4574864,6.867491,4.41643,4.1369123,12.676604,4.5124373,3.969628,1.5757693,-2.4084556,0.019083587,4.653029,-0.6744639,3.177816,-3.7382193,0.39436275,0.9897253,-2.5585933,61.169018,52.49706,39.18842,32.792614,26.433681,29.477814,18.234724,21.752777,13.627943,14.788042,16.018764,12.481516,9.884166,11.743717,9.412289,10.913462,7.806753,11.138402,13.615598,16.311094,15.52747,15.828167,16.758516,13.089791,13.811442,16.867903,10.323618,13.340856,13.898883,12.857018,10.712333,12.4087,10.186324,6.9273105,7.8277974,8.9658575,6.582588,8.351333,6.0433874,8.129236,angry,10
-225.44467,72.08846,-45.4185,-5.475838,-25.330418,-25.1753,-13.70236,-18.667665,-24.666067,-11.421902,-16.153236,-16.138689,-13.267172,-14.498724,2.7417562,-9.526163,-2.0110908,12.738181,4.873606,8.089986,2.6402197,7.89057,1.1769584,5.859821,2.5069425,2.1572826,-2.5523658,3.081137,-2.21197,-3.1679163,-1.7297295,-1.8772197,0.9912366,2.052659,-2.9267118,2.8376765,0.5185038,0.40946892,-2.3559432,0.706558,85.74628,48.562622,38.06306,29.429472,31.335684,28.073555,18.360226,18.670374,15.832151,15.737119,15.5825,14.929596,9.916863,12.746144,14.472432,17.693773,15.471586,20.82204,19.757793,20.458563,17.279463,15.1052885,11.541214,15.914669,14.172525,15.330682,10.341991,8.455633,9.165556,8.38336,8.779515,10.448749,7.990269,9.240743,6.8476095,7.2751827,8.438223,5.932557,8.678905,8.242361,angry,10
-206.22806,64.331505,-36.547623,-7.3609447,-22.977953,-25.178505,-17.531996,-22.182838,-24.596457,-10.002862,-14.759141,-12.981649,-12.662826,-8.151296,0.6716933,-6.4884834,4.235824,4.747165,-5.369736,1.7136704,-2.6852107,8.679953,3.2309804,0.5350011,-6.8807497,-3.366903,-5.693098,4.468038,-2.5030649,-2.7620127,-0.83538526,4.0699396,5.9573336,3.7442627,-3.1801927,1.3931304,-1.091779,1.6368899,-4.312546,-1.3366356,77.055695,63.02888,41.9482,30.327984,29.348284,29.362814,18.018387,16.348211,16.75787,11.293417,10.6138735,13.040785,12.7996025,12.0713215,14.858002,12.831749,23.817884,21.200651,17.030102,12.505941,17.338652,17.25589,12.342212,10.582231,10.231195,12.208047,9.853414,8.377912,9.408301,9.587117,13.369462,11.022086,11.007377,8.027259,9.264148,7.435798,8.883854,7.569124,8.566971,9.745104,angry,10
-220.54807,57.478123,-41.608994,-1.9290975,-28.842522,-23.470911,-18.474104,-22.971315,-22.421713,-10.084266,-15.458424,-10.657091,-12.235857,-11.783919,-3.4072564,-15.160326,-0.7115453,3.9131129,-1.0253141,5.686417,-3.8138227,1.6638315,-7.367689,4.4697423,10.375331,9.189889,3.7706623,3.13565,2.5605097,2.5862544,2.8376114,-2.8553703,-2.6481209,2.231847,-5.1080246,3.842415,-3.5728142,3.4197946,-0.8522649,-0.3929689,70.25536,55.050255,46.448704,29.311045,35.106194,29.33658,16.35633,18.18159,14.128456,12.873138,13.989695,10.559695,12.335472,8.394866,9.048476,8.812593,12.138678,19.3733,19.092056,25.280998,18.382376,17.310984,13.874158,18.014822,18.533745,15.750083,17.545156,16.746702,18.182934,13.108131,10.621468,14.908531,9.960673,11.596026,12.406123,8.293101,8.9714,11.361599,11.736251,10.867174,angry,10
-529.66864,112.73933,33.671024,19.664883,12.156146,-2.604588,-0.5894498,-6.0125356,-10.346141,-7.3243294,-0.3104579,-6.2287364,-8.254989,-3.77271,-2.7906086,-0.98023844,-7.6051636,-2.484292,-4.6813307,1.1107765,-11.263404,-0.970182,-4.8944845,-3.4139326,-8.168292,-0.8096219,-6.701381,1.3119705,-7.4566555,0.53627974,-1.0106598,-0.72701365,0.10146062,1.3613487,-4.374547,-2.9826922,-4.342372,-3.6465104,-5.324449,-1.5413262,92.56121,59.642693,22.436436,27.033907,21.087326,17.26521,14.911661,12.736806,9.814292,12.224263,11.844145,7.4128094,7.4875026,9.251232,7.9099846,6.5825033,8.6448,8.687147,6.87414,6.438186,6.4399595,5.2935925,4.2518077,5.1199093,4.5155573,4.303489,5.9560533,3.9833632,4.2503014,4.4950643,3.6269896,4.0315123,4.1111484,3.3209903,3.6275015,3.5492787,3.9453113,3.750214,3.7263274,4.226412,neutral,11
-491.97983,110.8916,22.663723,17.198942,5.5315185,-3.3658454,0.32868385,-10.258014,-15.253561,-7.5955505,-2.2539742,-6.2309375,-11.31887,-4.8494735,-2.968263,-0.6202184,-5.0903206,-4.0132375,-6.5024667,-2.7728903,-12.58229,-0.75832385,-2.7347336,-2.1462364,-9.276289,1.3039953,-9.000383,1.9872245,-6.5840993,-0.6485563,-2.2753878,-1.4031669,-0.6037297,0.47953293,-4.3668733,-1.9359714,-5.4163127,-4.592524,-6.6954923,-4.4464755,72.82264,57.19168,22.334488,28.587994,21.70114,16.838455,13.266277,10.747066,11.8720875,9.741127,10.799187,9.157639,9.738609,8.290966,8.377383,7.7173033,9.8031025,8.732492,9.084056,5.429954,4.949937,5.3802757,4.7115045,6.916873,4.6565294,5.206183,5.866452,3.5451617,4.373945,4.351204,3.81773,4.0902495,3.7336512,4.675381,3.0493116,4.1547685,3.5247526,4.337329,3.468418,4.6657095,neutral,11
-511.94342,98.9255,26.741583,26.61863,8.226721,-1.559298,-1.4943202,-8.084791,-12.942084,-5.616406,-1.7996601,-9.015197,-9.012273,-6.705733,-3.7632196,1.453938,-8.187939,-5.231174,-4.4672184,-4.0034213,-10.856507,-3.0974405,-3.493533,-2.5879204,-8.343821,-0.44999585,-7.9303184,-0.17195943,-5.0052295,-0.19789185,-3.118379,-0.43690968,-3.287472,0.2975156,-4.799078,-3.045243,-5.395841,-1.7451761,-6.5698733,-2.339765,98.00129,72.79106,20.821676,33.16064,21.446192,20.999573,13.548354,12.248354,10.156646,9.462417,13.775014,7.5238824,7.0630393,8.7808275,8.110992,6.6134415,7.408715,7.25214,6.329259,5.7599387,5.8819366,5.617247,5.9736767,7.5654144,4.5401177,4.936969,4.8157353,4.0962353,4.7435107,4.2704186,4.1624613,3.6120746,5.186339,3.9074433,3.2442331,3.5710583,3.5386233,3.7142165,3.4757574,3.0569565,neutral,11
-498.4645,104.60526,27.648184,25.113787,9.735365,-0.9643965,-5.2438273,-5.713653,-14.314418,-5.588702,1.1741712,-7.1188436,-10.281398,-8.814989,-4.377411,0.66692466,-5.235852,-5.008447,-5.380754,-1.6464401,-12.972697,-3.1252158,-4.4178557,-3.2621791,-6.9261065,-0.26277024,-7.2966933,-0.77407306,-5.670043,1.2178456,-1.6965468,2.0492353,-3.303,0.16405764,-5.213985,-2.0473888,-5.1281996,-1.4410806,-5.4237285,-2.0476465,86.65469,66.10706,20.654297,29.310043,21.720676,17.785862,13.246491,14.437406,10.135459,9.690595,12.487758,8.481457,6.8245845,6.5820894,7.6924458,6.7359276,7.5799584,7.048377,7.351995,6.2314916,5.6930704,7.2404785,5.2210665,7.1773486,5.61403,4.4837213,6.048201,4.889954,2.7319698,3.9634805,4.2407527,3.8668058,4.35573,2.9571939,3.3606741,3.1226654,3.4653187,2.6477728,4.376501,3.6751864,neutral,11
-458.89313,113.82833,9.237417,6.425627,6.164389,-4.4722786,-10.22664,-15.987405,-15.495347,-15.88971,0.4772641,-6.3006005,-12.499126,-2.8036926,-7.398131,-2.854721,-5.7890053,-9.005701,-6.7099433,-5.437349,-14.363795,-0.9445567,-7.926466,-3.6142023,-7.3165483,-0.9804085,-8.92914,2.050526,-8.391016,1.9378769,-5.2252007,-0.8291335,-2.9178262,1.5046375,-5.729278,0.51836944,-3.7245245,2.3903568,-2.295763,5.784457,59.077988,57.13515,22.173187,32.377525,22.730616,18.514326,16.380358,12.654723,11.384439,10.074727,13.973652,9.420357,8.784418,9.579691,9.304897,8.176249,8.591215,9.068137,9.012685,6.2542105,5.753302,6.533806,7.6238976,5.805527,5.8685684,5.040993,4.8274746,5.0374146,6.643135,5.179562,8.420008,8.15059,8.679321,6.5963926,5.510725,6.2720165,9.613337,8.60734,11.752676,9.977226,happy,11
-453.3917,112.98252,13.128816,9.152263,8.368898,0.6340464,-11.263857,-9.723844,-15.866271,-9.171911,0.88592005,-8.25158,-8.681863,-8.234984,-2.2186117,-4.337215,-7.2170005,-4.5638266,-5.2128687,-5.6997643,-11.595499,-0.9599206,-7.3540597,-2.245235,-7.858027,0.03863818,-9.804638,-0.7196024,-7.228782,-1.4031527,-3.86444,-2.6741455,-1.8101089,-2.3157032,-7.1285386,-3.697769,-3.4345324,1.5569477,0.35014296,3.7694507,88.48317,58.73272,21.437527,27.070494,22.27136,17.069628,12.841772,12.151282,12.476973,10.172116,14.208734,8.692608,8.105384,8.447363,8.617876,5.928043,8.980725,6.214804,6.6257086,6.262943,5.045452,6.010801,5.9427524,4.90585,5.291204,4.743755,7.5300303,4.92739,4.934784,4.1276927,4.291115,3.6565566,5.332154,4.4158163,4.193725,4.265118,6.078559,8.645996,11.445755,12.028097,happy,11
-449.46652,105.25148,12.195857,11.288615,4.8498254,1.248388,-14.809609,-11.805819,-18.477427,-11.896525,-1.6675731,-9.425636,-4.84998,-10.081306,-0.59745824,-2.4511569,-10.257866,-3.587774,-4.7856064,-4.3385253,-14.550895,-2.448153,-8.483914,-8.075602,-5.8652353,1.2895956,-9.528442,-1.0824972,-7.2948,-0.987398,-4.4265265,-1.6510457,-2.6285374,-1.7091268,-8.194612,-3.329438,-5.158254,-2.1215062,-7.934139,-3.6821098,83.80017,66.63307,24.028349,28.04075,23.722065,18.12075,15.260248,14.499006,12.527225,13.717083,12.650688,8.5923605,8.5656395,7.432053,10.048578,7.489952,7.637483,8.13549,8.43838,6.3542867,6.8267307,5.159591,5.248327,5.921104,6.7538824,5.376364,7.624203,5.6049533,4.8666406,4.3520126,4.8307586,3.119714,4.7171307,3.934927,3.9679916,4.739156,3.8958302,3.8770225,5.396879,5.0461874,happy,11
-430.75784,97.96079,18.95449,16.429535,4.710933,-3.9171712,-8.2555,-10.810475,-13.100568,-15.594556,-0.7053572,-7.7529616,-10.43947,-9.494168,0.082360215,-3.24058,-9.639241,-3.75725,-6.2141824,-6.376002,-15.0939,-1.9392961,-9.116345,-5.414529,-7.1804667,-0.14163725,-8.670782,-2.6025386,-8.859972,0.39329907,-3.8812335,-1.8868997,-4.6832657,-2.8356307,-8.33241,-3.072413,-4.44141,3.2994978,2.9089906,8.445858,73.37689,70.13767,28.180042,27.999178,22.78831,19.143082,17.642033,14.58861,10.738144,9.925587,14.173038,8.594501,10.148558,10.040655,11.015298,8.121288,9.927763,6.749661,9.066294,6.9825373,7.149331,4.0387897,4.3775296,6.234068,6.3118596,4.515002,6.1271157,4.40974,3.762418,5.919013,3.907335,2.8508542,4.451137,4.6612635,7.3728266,7.238481,7.021748,10.590771,13.919395,13.950905,happy,11
-333.66174,87.3545,3.1197448,7.525174,-4.12236,-3.2735877,-6.146983,-3.0572464,-14.6062565,-11.4982605,1.4450847,-6.665335,-3.3434446,-5.5133476,-3.0757766,-1.984262,-8.489777,-1.8297166,-5.622591,-4.4609613,-9.414808,1.0108979,-7.7577267,-1.4948,-4.763926,3.2552946,-1.820156,7.6657476,2.8308592,6.889134,4.042193,5.860392,2.4778333,6.3265495,5.75809,10.4615,9.948103,12.820438,4.1073365,3.4708588,85.49704,51.54553,27.064085,29.807648,31.07087,18.789549,17.217194,18.05851,12.939011,9.297941,13.631696,11.141756,8.620557,11.137929,8.301684,9.219674,8.548001,6.1053395,8.40992,7.6327987,8.949709,6.691015,6.7066545,8.03845,10.061018,12.832223,14.9063835,14.60585,15.775335,16.196293,15.685379,11.759882,12.494616,12.44571,12.483581,14.736931,13.546238,13.925235,11.23157,10.5621395,happy,11
-311.63132,81.05275,-0.8076635,8.900119,-1.9507486,-9.561156,-5.8304796,-3.055041,-14.970041,-10.763573,0.33495343,-4.141788,-5.648259,-4.0878105,-2.328521,0.01655296,-8.628282,-0.6036571,-5.3498864,-2.191581,-8.002484,3.0810611,-9.392797,-1.870095,-8.260089,1.0208644,-5.3936687,5.319455,4.539165,8.11182,7.890192,15.00201,7.522027,10.251687,5.646682,5.9513326,3.2855387,5.237668,4.2531414,8.3359785,68.19035,54.36321,30.26547,27.348888,32.101696,18.332174,16.411068,14.005227,9.59613,11.585162,12.304534,10.455844,9.467465,11.069606,6.4060607,10.028655,10.8725195,6.5863853,8.621726,6.2039123,9.480749,7.5548477,6.465661,5.1052384,8.251627,7.6266246,8.674,13.009574,13.1584425,17.855686,16.673399,15.486929,17.163979,12.490675,13.562836,11.406632,10.449502,7.312713,8.913729,11.180613,happy,11
-330.5868,77.04778,-8.684256,-1.1199801,-11.990714,-12.10736,-11.283453,-8.287282,-21.47126,-15.870207,-4.677146,-10.373859,-5.4119477,-12.806613,-5.9070582,-5.5856056,-17.049652,-2.4274755,-9.557603,-4.3993473,-11.553965,-2.1032166,-12.629989,-4.917369,-8.034523,-3.9733827,-9.916766,-0.8013118,-4.8673983,4.2905965,4.336722,11.959965,9.478095,15.472375,9.585875,11.772751,5.2306504,6.0990367,0.80704707,3.3399284,61.733196,63.74593,35.179886,28.139547,29.020807,21.367577,18.302177,16.1572,14.474897,12.160936,15.641897,10.860614,9.889983,9.457431,7.7853336,7.8681808,8.647174,6.569897,7.5015893,6.9252796,6.2013607,5.743787,6.403394,5.1057305,6.493162,6.0757456,8.160679,11.8354645,19.575651,23.119862,17.277714,19.481604,21.644272,19.483143,18.857706,18.324999,12.642894,10.74759,9.76318,11.836783,happy,11
-335.548,86.69013,4.0480814,2.5370443,-8.449855,-7.3930593,-13.949963,-10.773723,-16.25491,-20.562864,-4.298234,-7.0227094,-8.925702,-10.363369,-5.612499,-2.2483692,-16.463997,0.16892968,-4.973403,-6.258761,-13.03298,-2.3476493,-10.030817,-4.3451815,-9.239125,-1.549979,-9.00069,-5.6879807,-6.4883146,-3.195507,-3.9660964,5.344109,2.585068,7.918271,5.077649,8.465258,7.97051,8.6384945,4.5227227,7.4798822,72.1521,68.34501,35.98099,24.822716,28.709108,19.438463,17.567026,11.858043,7.167154,8.970206,13.947141,8.584564,11.087207,7.962449,8.467859,7.9134054,8.079421,7.1035657,7.751786,7.574927,5.824979,6.557983,4.7801156,6.14289,5.7460713,6.216517,4.9328594,4.7965803,5.970875,7.5489955,11.414631,14.640344,15.594295,16.663643,17.849167,18.30026,14.641858,13.186265,10.893883,13.667311,happy,11
-500.37772,90.87488,15.565059,24.550697,11.468832,-1.3336447,-4.946862,-0.9869044,-14.516354,-6.3356137,2.1269214,-8.501997,-8.073314,-8.901505,-2.462536,0.010195437,-10.492164,-3.5993817,-4.858049,-0.34435943,-12.923994,0.12554286,-6.533351,-4.1789675,-7.5231743,0.1719292,-10.793804,0.35188335,-5.028225,1.1699339,-2.889772,-0.00923405,-0.18437882,-2.219554,-3.3986268,-5.541096,-5.882886,-2.5338552,-6.7593827,-2.1581638,74.10305,46.13767,24.616488,27.604982,25.720888,16.282448,11.642575,14.1621,12.452635,11.930653,11.310985,9.698015,10.481821,10.611684,6.9013653,7.067108,9.384441,6.749458,10.038874,10.984523,7.9407787,5.5239725,5.9199095,6.32467,6.1990104,5.518089,6.039875,4.7135873,4.402097,6.065931,4.1094136,6.420519,3.429898,6.5563593,6.1586804,5.162578,3.645053,4.6736183,4.513988,4.448917,sad,11
-574.1254,89.690155,29.51325,32.537094,15.068975,5.02518,3.352505,0.4939289,-8.917884,-7.206633,5.401612,0.31123483,-2.7665415,-3.7294912,1.8421735,1.4419476,-1.8673977,-3.0838842,-3.049614,-0.62262636,-5.9462557,1.5146168,-3.0914185,-2.8223662,-3.98319,2.2256796,-6.577751,1.614683,-4.012945,0.087457106,-2.3163466,1.193913,-0.6413926,0.9422907,-3.7548475,-0.7398256,-6.1163282,-0.5576468,-5.0858617,-2.35804,124.09095,52.237263,26.28387,24.015371,23.478443,17.367426,15.575451,12.987601,13.584549,10.934242,11.429143,12.277566,10.727441,10.214652,9.909133,8.499737,10.886875,8.790497,8.501653,9.265796,9.9663925,6.197445,7.727706,6.445977,6.0481377,5.5396056,7.4728503,6.122994,6.2363434,5.0797443,5.0319104,3.9573631,2.97304,4.8788652,3.561286,4.0202146,4.3991427,3.626199,3.743704,3.5228412,sad,11
-527.5099,91.943146,31.977451,29.537987,3.8547952,4.2889805,-3.9867392,-1.3999109,-10.734151,-11.072759,2.6229315,-8.367488,-8.09191,-9.885143,-2.3840332,0.23156823,-11.299849,-4.6859155,-6.4247847,-1.0192046,-12.050563,-2.1602097,-4.1197166,-5.5915885,-7.400416,0.6739939,-9.4312935,1.5189996,-6.411169,0.2010456,-1.5140424,1.0219618,-0.84147483,1.0116925,-6.247259,-2.2603045,-5.3150616,-1.8445554,-4.1841116,-2.9231403,80.52055,70.94711,17.894869,23.822887,27.153772,18.87469,13.701555,13.07442,10.591722,10.201423,13.253862,11.480573,8.572477,9.123924,4.2068815,7.128507,9.401634,6.2664323,7.6566305,7.4482613,5.816265,5.8042393,5.334234,6.0731177,4.3196387,4.4233994,6.5753503,5.8516154,6.1887846,3.0410905,3.6810892,3.7651296,4.137237,4.1413555,3.938663,4.0977993,3.6285038,3.8201597,4.3662033,4.601568,sad,11
-505.95453,94.04481,32.48405,25.837431,4.6008034,1.7493932,-0.069496095,-2.0441868,-12.017992,-7.854599,0.5173552,-8.452511,-6.8401403,-10.927562,1.8114357,-1.852504,-8.568711,-5.7556815,-4.113772,-0.033552695,-13.137604,-1.4370843,-6.92656,-3.82083,-9.577569,-0.25588694,-6.492872,-0.1860968,-3.4096467,-1.0913908,-1.5553834,0.74010503,-2.8302732,0.61551106,-5.839311,-0.4621272,-5.056539,-2.832472,-5.876752,-1.4338297,83.230484,68.1554,19.179245,30.107178,26.155933,21.873352,11.882578,16.83223,11.980156,10.337091,11.47111,10.482135,11.159588,8.622153,6.4590898,8.220753,7.3971214,5.8203497,9.635993,6.9983397,5.2676578,5.557591,6.1293664,6.768085,4.880162,5.343487,4.909476,4.9132547,4.86435,4.587125,3.7386334,4.5098915,4.576288,3.3880827,4.149238,3.7344751,4.496227,4.4408426,4.2350388,3.8764317,sad,11
-405.59393,97.82149,4.480116,9.062385,-4.163013,-2.5299456,-10.318205,-9.618281,-15.381228,-16.924435,-5.4715204,-5.6416025,-7.8513575,-5.265882,-4.638047,0.13757104,-8.956904,-2.407895,-7.74101,-2.1632955,-11.574987,-3.7255,-5.561244,-0.35146332,-8.998251,0.9184754,-4.0847535,-1.2817491,-1.9996413,-4.554734,0.16499826,-0.33305398,-0.29895878,2.7552488,5.196573,7.844121,6.361624,6.764594,1.5720894,0.35156474,78.30406,60.467854,25.853392,29.04306,21.296206,17.52204,13.037409,13.160125,11.727272,9.276918,11.995159,9.364533,8.5561495,10.519655,11.298063,5.5057025,7.4385653,9.7924385,11.760904,7.0199556,7.962778,10.401778,7.9221144,8.487166,10.900649,10.806852,9.995506,8.549447,7.370591,7.880008,7.6161695,8.758717,9.051428,11.110041,11.235416,16.86621,14.914243,13.308376,8.878669,8.224444,sad,11
-420.18222,92.03999,1.8611836,13.952146,3.525277,-3.0828142,-11.953736,-9.395619,-16.363901,-11.910905,-3.8610182,-6.4949107,-6.081714,-7.002661,-6.3607197,-0.6916282,-9.9078665,-3.9952357,-10.439261,-4.4887323,-10.750774,-4.6498,-6.931082,-2.5166712,-10.650909,0.66174453,-7.007733,-0.5409281,-1.4664196,2.513715,2.3781934,7.299534,6.2197647,7.075227,2.8286314,2.7012265,1.5572634,3.7427235,5.814403,10.5884905,86.034874,53.637283,28.539198,28.59645,21.55457,19.793562,14.914928,14.63241,12.936164,10.648393,11.773753,9.763337,8.324014,6.6217685,7.786714,7.863539,8.00507,7.8322396,9.216218,7.7086844,7.492973,7.806354,8.126337,7.641582,7.6183085,6.54896,7.4784546,9.305129,11.758443,14.235471,11.960245,11.386307,12.239755,14.632402,10.77074,9.838163,9.015854,8.056367,9.805156,13.18323,sad,11
-373.08118,82.45566,4.6522274,1.2741454,-7.210477,-10.988631,-8.943397,-18.515928,-21.96053,-19.195076,-9.912323,-5.696061,-11.842178,-6.8668385,-4.1845913,-2.5713072,-14.705159,-4.547317,-11.682728,0.84822595,-18.008244,-4.6068277,-8.919224,-6.340354,-11.442369,-1.0581089,-10.278967,-3.38904,-5.327018,-1.6687943,0.71057963,1.0507989,6.599941,8.635647,5.0868025,8.267883,3.8577526,5.5008907,2.160802,4.6642523,73.088005,69.0569,30.576513,31.190365,28.255238,22.391712,15.939828,13.702033,11.634566,10.395991,11.62934,8.778569,9.665453,11.532053,5.396803,7.544568,8.3288765,8.813724,10.026767,7.4965243,6.306394,6.0999937,7.952486,5.9157944,7.2353253,4.838547,7.6854687,6.0177536,7.203835,8.204488,11.960397,15.801522,15.168278,17.043375,15.960419,15.901624,14.065658,14.672427,11.332651,9.59911,sad,11
-427.7216,56.911022,6.490092,10.651665,-5.4621696,-3.4887753,-7.9935417,-12.985865,-15.05115,-15.897364,-3.495955,-5.7340984,-9.358861,-5.0372186,-2.5205,-0.7564559,-10.609533,-1.6533644,-6.736167,0.6915413,-10.116493,-2.3478065,-4.231822,-3.234866,-9.982686,0.4727876,-6.2590404,-0.110686906,0.26572612,3.8524203,5.3723264,5.800254,3.5922427,4.7808943,0.71149313,2.603588,3.951135,4.932583,5.4157577,5.376521,137.17476,72.95379,26.981213,20.968523,20.871944,13.938056,13.898777,12.302963,11.867297,11.401302,11.295813,7.5584817,8.102615,7.761882,8.875104,5.8049173,9.641503,7.7169423,7.671743,7.466252,8.89608,5.121484,6.89176,6.7968802,7.9858384,7.52753,10.262193,7.2162714,8.628209,11.092703,13.528548,12.012142,9.04842,10.155712,10.601492,9.643379,8.839252,9.705707,10.872297,10.011815,sad,11
-351.8447,88.61154,5.3003254,9.509894,-4.7019434,-8.4455385,-4.087894,-6.69463,-15.809397,-10.559688,-0.5477181,-8.189971,-7.2062936,-5.2881083,-3.934906,-3.2124856,-8.138973,-3.991634,-7.776377,-3.9486423,-10.84852,-2.376242,-8.131831,-3.91796,-7.606936,-0.24758938,-7.7301383,1.8448403,-4.060252,-0.4178127,-2.4036005,2.5238554,0.3850881,5.2356925,1.5703787,4.415022,-1.4063469,2.8045998,0.51698273,5.3569965,84.24556,59.924725,31.092907,33.97832,25.289274,19.691334,16.990316,14.559834,10.958537,10.743582,11.997517,11.641186,7.220338,9.202936,7.7323275,6.3811426,9.67038,5.438162,7.237862,8.033057,9.233441,6.9116263,9.223836,7.356622,5.934512,5.697594,8.746325,10.385528,9.760722,9.552466,6.4657555,8.630202,10.063887,13.555035,13.290963,10.784681,9.119441,10.016624,11.717142,9.987193,angry,11
-401.08475,93.79873,15.175293,15.496961,-3.2371445,-0.67526877,-4.980206,-3.9462676,-15.941018,-8.439324,1.6846173,-9.14907,-2.5251625,-7.310838,-1.5295626,-1.8378543,-7.7526546,-4.4893703,-4.941705,-4.5028977,-8.245098,0.11482228,-6.522948,-4.201266,-7.47019,-0.59390867,-10.731627,0.19424549,-5.513621,-2.3102725,-2.07995,2.5977058,-1.6767722,0.66793334,-2.8555853,0.8543689,-2.9895005,0.42580712,0.47699943,4.37306,104.113174,61.11228,27.935406,32.460167,27.463007,20.428076,16.608046,12.968593,9.92637,10.616296,14.222138,10.968869,6.8239503,8.753677,9.017436,7.766571,10.197252,6.659872,5.0934935,6.160756,7.455414,5.4848504,8.113915,5.7183466,7.274878,6.0573716,5.8312216,4.505574,5.3583026,3.8171077,4.225942,5.771721,7.5466413,9.37022,7.955034,7.205923,5.110552,6.676434,10.462188,10.506002,angry,11
-337.24643,83.21423,-0.3817639,5.3998475,-13.996113,-5.9667554,-9.20817,-11.181263,-18.607986,-18.289894,0.24972928,-11.78178,-5.9980507,-7.566332,-5.904197,-8.243776,-11.989319,-6.7091217,-5.2488775,-8.515295,-11.057014,-1.9632566,-10.000569,-6.1349764,-9.21765,-0.66377723,-14.479158,-1.8816262,-11.136901,-1.4712281,0.9799409,8.247827,7.380609,10.4727335,2.1606174,1.5760685,-3.332504,0.060567506,0.5200669,8.875736,73.24514,65.91459,31.687296,30.517567,31.19288,22.442297,15.204062,14.652886,11.161891,11.842644,15.130548,8.216288,8.105945,7.52019,8.923312,8.717467,7.2476144,7.8045278,6.471004,6.268631,6.84204,5.738485,5.454326,5.6275373,6.533274,7.06796,5.262241,4.2051945,8.504676,9.028391,11.51837,14.957718,17.658167,19.820557,14.823977,12.728783,8.891691,11.142071,10.298397,12.214268,angry,11
-348.73404,86.61755,3.234098,4.544701,-12.701296,-3.2466657,-10.257206,-10.318097,-15.78423,-17.932959,1.5356731,-13.832297,-5.019268,-8.248223,-6.018631,-6.8839927,-13.656638,-6.1537633,-4.290827,-8.113552,-11.246359,-3.2007859,-10.321828,-6.7857175,-8.501399,-1.9415286,-11.917949,-1.955674,-9.56796,-2.319609,-4.318975,1.9513134,-0.46513844,7.651846,-0.22547194,4.9844728,0.39347893,0.6795045,-0.17523456,4.709827,83.97862,70.54892,33.30736,29.11941,31.079233,20.894533,17.421644,13.700627,10.6331215,10.17471,16.350725,11.933027,9.068508,8.120203,8.72787,6.1645393,8.167115,6.6257987,6.8420534,7.3805814,6.522768,6.0159965,5.1638136,4.878664,6.583565,4.80287,6.1668544,5.032069,7.9417295,5.314793,7.3668594,11.545639,13.950673,15.557553,12.249992,15.241785,14.455655,13.556736,11.347778,10.9643,angry,11
-244.89395,67.45518,-4.4088063,10.25823,-11.895498,-11.838289,-7.40578,-2.5499232,-13.87718,-15.429119,-0.6505695,-4.9084735,-7.3131123,-4.559016,-5.21924,-2.146217,-10.510577,-2.6252108,-8.031709,-3.101528,-8.534987,-0.20101388,-1.961285,2.9377294,-1.4200104,4.6612687,-5.208044,1.6134799,0.007183518,3.520468,3.5397284,8.9232435,4.2473693,8.306584,11.116908,15.848526,9.621427,9.93708,1.4041759,5.954389,65.542076,50.004982,24.468971,32.161232,26.389462,21.164305,16.22198,14.369653,8.974793,12.318258,13.354845,10.290094,9.702825,9.596744,9.335879,8.288501,8.353499,6.8726416,8.364729,8.396047,8.934464,7.146306,9.669024,13.895529,15.660497,13.490197,9.348049,11.189763,11.168241,16.17064,15.617658,10.830191,12.376195,12.298013,12.137331,15.114925,14.345881,12.272699,10.657233,8.225512,angry,11
-186.46387,53.299168,-17.75693,4.7327604,-25.191936,-12.245252,-12.771595,-4.3072724,-17.214281,-16.823034,-1.8074976,-7.1741204,-6.962745,-3.3989964,-4.6149883,-6.657331,-6.902015,-2.388017,-6.7808127,0.5894225,-3.7097878,5.7489223,6.8135843,14.755847,14.166217,19.125158,7.807579,13.194092,4.7560544,4.7202616,1.0708683,7.106808,7.134129,9.227974,1.155381,5.3550034,1.9975048,6.4258614,-3.0046952,2.1910799,69.501884,47.002594,25.889414,29.40085,29.059563,21.451138,23.875458,16.390852,11.730428,12.210087,12.25679,10.215049,11.801235,13.4590645,9.5682535,9.473663,9.840523,19.34316,16.60311,15.153755,18.42422,18.962452,13.717107,17.602558,14.054022,17.951809,15.943336,11.9836235,11.368951,10.093379,9.096808,8.573709,8.623765,10.451495,7.457494,6.7795787,8.384505,7.6894627,7.9231157,7.63494,angry,11
-185.14194,65.05501,-6.3824277,9.676714,-19.133802,-20.542763,-3.5860987,-2.1763103,-14.050575,-16.520878,-0.021581512,-7.79592,-6.1268835,-2.9763,-9.294039,-7.865724,-12.691022,-4.123318,-11.146297,-2.9382317,-5.340259,4.6447926,-2.3433182,6.676485,3.328262,5.902236,1.4488461,8.007769,7.5209174,12.150567,6.551999,11.52031,6.7309074,11.563944,7.0516934,7.8055496,-0.70885015,2.230023,0.09006068,3.9148667,73.32829,56.865906,30.645563,28.993433,31.104393,21.044552,15.843408,15.733448,10.360158,9.3598995,11.942492,7.149436,10.853881,10.26642,9.577407,6.1249843,8.167634,7.3775654,7.7368445,7.3154845,9.821205,12.431474,14.389563,16.817865,16.034899,14.81277,15.433633,12.405963,14.166611,12.763265,10.297517,9.52847,11.575585,12.349178,9.578775,7.9889927,7.002437,6.0930963,5.9927773,6.57296,angry,11
-166.19765,36.584328,-16.707504,-2.7410035,-27.958014,-15.572388,-7.3854356,-5.0350575,-15.452255,-20.519955,-0.3357133,-8.231569,-9.94594,-4.0732937,-9.791176,-10.753139,-16.261013,-1.3870288,0.43899632,12.669141,8.106383,14.687454,1.9588073,11.327812,10.719373,19.530285,12.335581,10.112577,-0.85787505,1.4633262,1.3607268,7.3639193,-0.04851978,2.2891312,-0.8061916,5.452567,1.3083185,7.2688193,2.6146722,3.5181537,71.264534,52.624363,30.587402,25.443953,32.10874,22.11606,18.877975,14.292798,10.497097,11.299805,10.437446,7.868092,10.856705,8.9842415,10.356087,6.8777046,8.63684,15.436338,15.974426,23.065947,22.76698,22.169804,15.701698,14.180539,15.639324,15.683771,16.21774,12.810722,10.326752,8.561535,11.177201,9.012884,11.488497,7.3620725,7.731602,8.598848,6.069483,6.994901,10.463101,10.440902,angry,11
-519.99854,98.86119,-12.556937,13.284514,-1.4689013,-14.210904,-7.725403,-22.180414,-21.379532,-7.309709,-14.026021,-5.0603304,-17.320944,-8.024176,-2.718319,-17.391977,-14.405719,-5.535029,-7.923688,-11.376416,-9.949764,-8.820508,-14.150668,-6.5344133,-6.1764655,-0.78406394,-0.21021627,5.29601,-1.109788,6.3263626,-0.712545,5.0545154,4.069196,10.540948,8.94813,8.771082,7.375354,4.1233535,-1.0545892,-4.104494,59.800507,50.16434,25.720757,29.980602,22.623524,17.186333,11.89216,15.946714,10.724886,10.374894,11.444658,8.614892,11.042413,7.9247637,8.736695,8.8008995,6.8781095,8.100987,6.5080113,5.123225,6.169504,4.1886435,5.843345,6.150909,9.409072,13.021878,18.292736,16.363075,13.166938,13.699177,17.062561,13.726705,13.945647,13.072122,15.660226,15.117522,13.622144,11.049208,7.6971455,8.313269,neutral,12
-507.6898,97.40408,-11.340825,14.684187,2.4275348,-10.437908,-7.067415,-18.32724,-19.288845,-0.057274234,-12.027884,-5.5313754,-11.2486925,-5.0137014,0.6467418,-11.526653,-12.424401,-1.3470548,-8.106891,-8.412917,-5.5373836,-5.114472,-9.470821,-3.4101076,-4.3453474,-0.33463708,1.1654316,6.236464,-1.6598665,5.160081,-4.4546885,4.0329933,2.5509887,12.572215,11.931719,14.201928,11.208023,11.421114,6.768954,1.7446169,57.0107,43.563976,25.954916,27.21765,20.318392,14.231076,12.829673,16.795471,11.525953,10.194913,10.901099,8.145126,8.767696,6.5789313,8.384982,7.0703015,6.10946,7.7599993,6.4333167,5.266527,4.955786,4.8763824,6.978917,6.84177,6.9581165,12.213336,17.890657,17.252138,14.298677,7.7012234,9.566561,10.424279,12.005442,13.218383,15.59109,17.381144,15.467515,12.552437,12.191884,9.50121,neutral,12
-481.88574,85.285576,-7.4725366,5.774393,0.94234234,-12.231672,-11.6528015,-25.401085,-19.989788,-0.6477098,-15.345147,-5.430297,-18.618582,-9.083274,-1.8842725,-18.016981,-13.706619,-1.9255248,-11.236974,-10.78701,-7.853831,-7.762192,-11.766077,-5.1233478,-7.378578,-1.5543997,-5.7763085,2.4769418,-4.1297956,10.10712,4.3199434,12.755609,6.6157546,8.933275,1.8447675,4.551499,5.0493145,16.139015,11.7347145,7.3699,60.466633,56.826336,31.047062,30.074675,19.864183,17.862816,16.451519,14.853284,14.153475,8.98431,11.358373,10.658154,7.662168,8.219469,8.889771,7.0084124,6.0162764,8.533241,6.2304025,5.734558,5.5227275,4.935253,4.8916426,4.336448,6.469922,11.260728,14.919068,14.404455,13.874276,11.563034,16.966623,19.674469,18.909672,12.523557,9.632941,11.064057,12.463749,14.969178,12.672331,12.339741,neutral,12
-493.18494,77.91279,-3.6629593,3.94991,0.94471055,-13.106299,-10.853545,-27.262611,-12.046514,-2.8957288,-16.281553,-6.692807,-15.311892,-7.971446,-2.8038542,-19.839027,-9.535345,-4.929128,-13.385656,-9.332437,-7.516322,-7.6108284,-12.656472,-6.0936646,-9.63195,-2.7286315,-5.5826907,1.9998565,-4.306324,6.6715107,2.0376277,5.3981323,2.0393188,7.9255476,5.2036877,11.337254,6.3463936,14.108899,5.441865,9.782558,59.995274,60.495796,29.917316,30.091135,19.30357,17.978731,17.358393,15.987597,15.380392,10.699895,9.957716,11.565063,8.921967,8.176126,8.790195,7.5178614,7.0355005,7.195605,6.953243,6.5280523,5.099378,6.554354,5.6538925,5.652701,4.453817,5.378522,9.549128,11.672791,17.381886,14.543683,14.891892,16.732761,18.146461,18.173233,13.517326,13.882912,15.366829,17.549742,15.919453,12.899075,neutral,12
-407.62634,90.08008,-39.803913,10.527737,-4.175868,-21.032333,-6.2415395,-23.821451,-14.960822,-2.0008337,-14.492346,1.3972572,-18.816576,-8.743865,0.07709427,-18.073969,-11.641852,-2.5712857,-8.405447,-5.659587,-0.96250266,2.119608,-1.7138951,5.697789,-2.165524,2.0092592,-3.3522022,3.2080925,0.28301772,10.799324,9.316831,14.3993435,11.6181345,17.929878,11.309598,8.500431,-0.17316842,1.5063928,-0.74126774,2.5840673,62.009468,45.847218,27.936356,32.560574,20.37801,19.538515,20.684444,16.174763,16.752184,10.433145,11.996248,13.79708,8.468058,10.42575,9.81677,9.545533,7.343563,8.575958,7.7565937,7.9117074,8.813025,13.701423,17.04768,18.546835,16.991724,12.933033,11.79594,11.337653,13.6333275,14.98497,17.349953,17.64262,15.780128,17.960892,17.262186,13.674332,8.859388,8.637357,7.255285,8.433414,happy,12
-403.56735,91.6366,-34.76537,8.802737,-1.2143012,-20.61231,-5.1216345,-20.197197,-16.460327,0.5353226,-11.090361,2.5823236,-15.482472,-7.085297,0.83952767,-13.429017,-10.801028,-0.05051292,-8.807572,-2.478177,-1.9199111,3.088387,-3.051829,7.102547,0.46987247,6.632138,0.3238934,6.9149685,3.0399294,10.889801,7.139693,5.6062846,2.625534,10.269306,8.219982,10.569883,6.7405057,10.694865,4.939478,4.1650867,69.5911,42.086357,29.984186,30.196068,21.681126,18.036827,20.865643,18.469294,19.147406,15.591395,11.823814,12.197392,11.110376,6.1026845,9.893028,9.477943,7.7768784,9.909129,6.648211,6.299146,9.176015,12.161631,15.825693,18.47171,16.448437,16.536224,16.938354,14.255772,13.711137,15.457754,14.472889,14.218483,10.478297,10.845088,12.914729,13.457699,16.701412,13.651006,14.469635,11.071932,happy,12
-405.67786,68.73055,-23.045769,4.392499,-3.6094792,-21.889053,-11.635338,-33.20598,-18.41319,-8.029574,-18.419403,-0.9814283,-28.10657,-6.714902,-8.634331,-19.359148,-16.23314,-4.543656,-17.32948,-11.778453,-8.557625,-1.0341692,-9.630437,3.5382395,-2.0447283,2.0556626,-3.2875085,-0.14957413,-1.7066004,12.302937,9.857067,10.315157,2.5806282,3.989788,3.815431,6.444526,4.2428746,4.809193,-2.6343303,0.7532237,73.38174,60.46465,32.843815,32.063736,24.203129,20.615858,15.187583,13.933504,15.780552,10.8552885,12.039036,13.580342,11.176523,6.9957705,8.453731,7.840526,7.456735,8.373109,8.15996,7.3169622,6.308637,7.406351,11.685293,15.85637,14.896227,13.308579,13.2035055,11.513134,14.039576,15.290425,16.30289,12.84671,12.303508,14.247986,12.168588,7.0698924,9.240301,9.574989,11.2467985,7.031782,happy,12
-399.03192,76.99843,-34.991043,5.6729584,-1.7232747,-25.323223,-11.567085,-31.510628,-18.357655,-4.3701525,-18.620422,1.3123697,-19.509127,-8.914707,-2.2986495,-17.975658,-12.68397,-2.384783,-11.561308,-10.667479,-8.286251,-2.9495957,-12.571499,-3.4591181,-7.471334,1.5287333,-0.029917441,8.577631,3.2010477,8.872747,2.4759772,3.0084915,-0.8261718,3.6385043,6.5472484,10.944888,12.191642,12.32497,3.174895,-0.49520177,62.777203,57.879723,38.780594,33.222725,26.197184,18.725517,16.334486,16.17109,18.842737,10.351608,10.806068,12.584488,7.48453,6.6200924,10.663964,7.1171784,7.47166,9.616216,7.2323737,6.2341986,6.7847743,5.8368196,7.826454,10.246997,14.040637,16.635956,22.57967,18.91135,20.67158,16.47038,17.552158,16.90948,12.264524,8.674275,12.324616,17.12609,18.043846,16.898943,12.990195,9.137581,happy,12
-282.79572,74.61948,-49.73157,-2.5811985,-9.536174,-28.861822,-4.969477,-14.09268,-18.563131,2.113199,-12.680528,2.5490336,-14.5378275,-1.8544744,5.7536416,-1.5875394,5.944139,16.834993,10.837893,19.510529,16.366982,8.134956,3.8311834,12.17266,3.9585876,14.83272,9.24992,10.27732,7.0490847,6.0322137,5.8232474,3.709633,2.3223655,5.402607,3.4725347,5.8399124,6.1447554,3.6380742,5.0588827,5.764472,69.234856,42.543705,32.391476,38.74778,20.72202,17.514462,19.867535,15.338836,17.117874,17.052834,12.908124,12.356367,16.566605,16.075811,18.259556,16.666542,19.035866,17.725132,21.899199,18.604038,15.461731,13.85896,14.931512,13.392383,11.072116,13.754311,15.286087,15.041362,10.4016485,8.682138,8.283108,8.134273,11.51664,8.542294,8.465321,10.919532,9.709087,7.9417706,7.274911,9.310206,happy,12
-296.87384,71.51405,-42.406418,2.5292892,-3.3011088,-26.211462,-5.034105,-10.491588,-17.702084,5.906872,-12.100118,5.5321383,-11.954606,-8.412493,1.7845447,-8.741664,0.956065,16.388006,11.1828375,26.417353,20.431679,16.97617,8.098152,12.574034,-0.010749841,10.024366,3.819243,8.29082,6.087303,3.5071316,4.77132,5.958085,4.3574877,6.94234,2.7105556,6.9859877,5.972104,5.252499,3.689402,4.8948135,65.37586,39.211998,29.070307,38.956882,20.28581,19.581268,19.887455,15.471019,15.775065,13.402316,14.484098,9.475166,11.100633,12.024223,11.78275,17.650396,18.6075,22.292715,20.199425,20.213676,20.555756,19.955881,14.91817,16.293385,11.559785,13.933894,7.8087544,8.80288,8.73827,9.673284,11.883325,9.079184,13.989907,13.509902,11.76386,8.87095,8.932101,8.694326,11.342593,8.847235,happy,12
-363.78656,71.38103,-42.306873,0.43199763,-6.95835,-27.245796,-12.075214,-26.19369,-22.875532,1.7815515,-20.431847,-2.1744165,-16.19027,-10.793218,-2.0140924,-16.09132,-14.833589,-2.2594054,-11.3976965,-4.711444,1.2688769,8.35554,9.047634,20.005148,19.204706,17.300585,12.947284,10.152108,4.95819,6.3136263,1.3847036,1.6879678,1.3561764,5.0317774,-0.2209881,0.56987625,-2.5043526,3.545706,-1.1101654,-2.029394,73.723656,55.60113,41.412987,31.146297,27.584204,20.543797,17.811619,14.575364,17.919899,11.237092,12.957292,12.93075,10.68303,7.967935,9.185027,9.9098625,10.73993,8.7103615,9.436338,10.476297,12.110616,19.107885,20.356058,21.090391,18.87123,21.111763,21.293262,18.695847,9.239974,10.036153,9.393828,8.823843,10.887181,7.440183,7.263414,7.4019675,7.3363304,8.134093,8.538804,7.0791607,happy,12
-313.03214,55.239727,-56.119762,-19.251465,-11.066574,-36.20755,-13.531571,-21.87777,-26.405529,0.33239532,-21.054573,-1.8191268,-10.453023,-0.8542714,13.487467,8.295017,14.633462,19.355385,1.2331954,4.794602,3.1231773,5.7010746,-3.4210694,3.1355057,-3.236935,2.5924149,3.0411475,3.5504994,7.9264383,12.674683,12.849288,7.7206283,1.9027189,5.423011,4.3768034,3.0204065,1.856744,7.156696,2.9325755,-3.4326,89.486786,41.66284,44.213833,40.732456,20.538261,19.925007,17.467888,14.825743,18.866653,13.868331,14.569478,13.239402,19.940968,27.104246,24.212492,26.09451,25.328323,25.081934,21.236181,22.68645,16.04528,12.955326,12.26092,13.212946,12.988967,10.2319975,10.557176,14.414668,11.844049,11.443177,15.571545,11.860038,10.505734,8.471099,9.12267,5.9139886,6.395007,8.060477,8.279149,7.59198,happy,12
-448.76126,93.68504,-26.036062,6.656896,-2.3552556,-17.971077,-11.252588,-20.604593,-19.71286,-1.7755146,-13.518253,-4.4678173,-10.623572,-10.761383,2.316122,-14.244069,-13.873009,-2.3673427,-12.31433,-5.767791,-4.2932315,2.3644073,-5.451021,6.9265995,-2.2613232,4.861812,0.3973004,10.135309,10.068159,19.183083,16.87697,18.039162,8.7080145,10.938346,3.0739338,3.0473778,1.279057,3.1690025,-0.12291437,-0.4857887,67.910164,49.508698,31.515762,34.103992,22.985592,15.342847,14.663443,16.09682,13.333996,13.553733,9.300026,10.4170885,11.238228,8.063607,10.436817,9.326279,8.872257,6.6990824,7.320757,7.3467107,12.316904,14.303312,13.703462,16.783817,13.07219,10.527974,13.236991,12.765091,15.301773,17.408783,17.576698,18.312603,18.10526,15.671127,12.979945,10.9967785,10.305044,8.103516,7.833665,7.761888,sad,12
-552.1472,80.937355,-10.6247,7.3177485,2.8278692,-10.382248,-6.6205373,-20.595705,-12.5183325,3.7120805,-10.6893,-2.4142396,-10.495696,-6.6766944,2.3544714,-10.795085,-6.577077,-1.0673188,-6.312535,-3.5229352,-1.3799359,2.718949,-4.2868915,2.481536,-0.5696192,7.5968475,2.9221857,11.560809,9.454812,15.957027,9.778492,9.85721,4.6624866,8.877923,5.8645,8.836411,5.7649055,5.114894,0.4126112,1.0280342,137.69742,42.148884,31.831467,23.15428,15.8154745,17.16777,15.425282,19.660622,16.856297,11.315575,12.202519,10.665476,11.735501,8.502451,8.83988,13.153306,10.226852,7.219643,10.368589,7.8489923,8.714716,8.003106,12.432902,14.495476,12.871794,11.466912,11.268173,13.77316,14.49209,16.486004,14.280188,10.239198,10.558587,11.79633,12.613484,12.215626,10.46247,10.339278,8.276964,8.678428,sad,12
-492.1176,68.75506,-7.947876,6.526419,-1.3694892,-7.7238126,-9.055169,-30.77982,-14.536957,-9.307108,-12.308185,2.2244935,-18.633224,-7.18589,1.842516,-18.478924,-8.454416,-2.1380243,-11.058733,-9.392803,-8.849964,-3.5960417,-12.777216,-7.1561313,-5.086896,0.032993075,3.236789,15.066986,10.231469,22.59774,9.325252,16.790838,9.024892,14.677957,7.3221307,3.137071,0.541118,3.08841,2.7765949,5.618711,54.063942,59.771038,35.08798,28.044,18.276663,17.747274,16.937744,13.8847,13.619895,12.36017,10.086972,12.135727,10.052397,7.6412144,7.787138,7.8715515,7.2738914,8.257033,7.9105973,6.4987254,6.180408,4.03672,5.6156664,5.7461357,5.638218,9.191301,15.686478,22.663223,21.172092,18.311598,15.994598,18.989454,18.58544,15.628508,11.031411,8.6973095,8.974662,11.404038,11.922848,10.732911,sad,12
-456.4452,66.9249,-19.8414,5.839299,-2.0654032,-16.167685,-12.07919,-32.56194,-19.124973,-4.4669943,-18.486866,0.07589806,-15.966223,-11.836373,-0.45096233,-18.894394,-9.840371,-4.6877055,-11.463432,-10.889771,-11.227614,-2.4404306,-11.427362,-4.019544,-3.673103,4.308578,1.107838,12.424082,6.714039,19.461187,10.1241865,14.332163,7.1629324,10.635659,6.4169717,5.767242,0.68771136,2.3667295,-1.0211277,-2.2689326,54.40516,60.51198,35.28379,31.33615,15.396264,19.640781,14.609692,17.583242,13.573324,9.440429,12.113398,11.366607,8.6402,7.666205,9.20946,8.419348,8.325125,8.364983,9.529177,5.7092104,8.283074,5.9002757,8.632221,12.202552,12.052989,15.442221,17.60142,20.285936,21.360167,17.922493,15.947568,18.216679,18.257673,15.076676,12.067374,10.719605,12.551112,8.851544,6.190687,7.0546803,sad,12
-358.30072,80.49318,-41.24016,-2.1622522,-17.252663,-33.742336,-14.935976,-19.79017,-28.94109,0.5598886,-16.77567,-0.48101735,-7.6405516,-6.9691367,3.5981977,-1.1675762,1.3007706,21.482683,12.878507,25.844795,20.31506,18.689335,4.719057,6.2344375,0.7248366,7.0878096,6.1869574,2.6870184,-1.384494,-3.9750693,2.9760625,5.594498,3.7708802,0.17341264,-3.5342288,3.068048,2.0478098,2.1012173,2.0275033,5.845256,62.57681,50.686134,30.639385,28.744097,16.816406,20.84184,18.027624,15.803575,12.812457,15.384652,9.842439,11.5111265,9.636756,10.288326,13.333428,17.271267,17.4785,18.663721,18.133242,18.255793,21.380081,21.172272,16.575254,15.576138,16.000841,17.02483,12.180018,9.851678,12.106424,8.247295,11.562057,8.5401325,9.231593,11.637468,8.069776,6.3378425,6.1919184,5.9425235,10.01725,11.017552,sad,12
-326.38412,74.21658,-51.556618,-17.598213,-20.44316,-36.065468,-16.23642,-26.877905,-26.828997,3.5592487,-21.068783,-0.23793097,-11.696392,-6.2968774,13.46189,12.744427,19.121964,25.13871,9.8781805,12.239822,5.406833,9.491066,-0.45036775,2.0950792,-6.9079432,-2.1386788,-0.42385468,0.9227367,-0.5957781,1.6350416,4.69857,6.482098,0.9119032,3.6665015,1.5266565,8.718005,3.5046182,3.2991288,0.045805436,-0.49377277,68.63163,43.41953,32.192192,31.65359,15.787154,18.817316,17.546812,14.837277,13.430883,16.659773,11.162306,12.413244,9.375872,14.511382,16.746363,20.62581,20.286386,21.452936,18.82209,19.817646,20.924423,16.693052,11.890528,12.934309,10.4784975,9.36217,9.366546,8.324772,9.237808,11.621801,15.114474,10.881406,11.347275,10.897269,9.279382,8.693555,6.3640327,7.802784,7.5742283,11.593783,sad,12
-470.1233,47.142056,-30.64781,-7.689419,-10.070557,-19.514944,-15.763968,-18.879263,-20.971493,1.8245094,-12.864602,-5.482612,-6.348112,-9.020489,-2.5776703,-7.0001497,-3.657165,7.4585495,5.9593706,10.83036,13.207704,17.310884,10.521535,10.8578205,2.7333336,3.7903059,2.3135996,5.640186,4.5453124,0.16541864,0.46610552,0.9414442,-0.36014518,0.22681528,-1.1857711,2.3121843,1.5532231,2.46731,-0.82127315,-0.09027056,147.30649,50.994736,46.97845,30.135721,20.994827,23.866589,18.832676,20.247778,22.156414,11.947652,14.3425865,11.527211,11.133385,13.68163,9.285314,12.506523,13.001947,16.754326,17.514603,14.529625,14.011611,20.908485,18.693085,16.504662,13.28099,14.266651,12.430809,10.916113,8.588156,7.547477,8.139834,7.260082,9.777575,9.567835,8.046693,6.9986477,6.4057417,5.075475,8.32248,8.530353,sad,12
-327.02673,54.935078,-39.993187,-20.736334,-16.683064,-35.301437,-18.357857,-19.063377,-29.925287,2.3950593,-15.915615,-4.25377,-8.307283,-10.508051,2.5796032,4.543281,11.899988,36.42293,22.60159,21.53252,8.444535,-0.3475794,-6.1056123,5.495495,4.225526,3.3336437,-4.313362,-2.3728206,-0.4021893,2.2658765,1.028361,-2.1036344,2.9548883,10.562689,7.812182,8.016037,3.5846927,4.2537856,1.6295227,1.0074681,54.156567,51.766705,37.260902,34.75535,16.357813,18.532413,15.684181,17.616148,13.9240265,15.520593,11.457335,11.616488,11.676927,14.899371,19.42588,15.825402,17.664804,23.144213,22.61157,22.245266,19.935808,15.009269,14.7967615,14.229846,12.526565,13.512512,11.130913,11.935726,9.196127,10.666346,11.698373,10.190672,12.953807,11.448939,10.233721,7.782146,6.415745,10.671512,11.615908,8.414101,sad,12
-437.90747,85.49476,-9.831372,14.453339,-7.8143053,-10.63905,0.07109786,-13.6102295,-14.321641,-3.8975883,-7.836842,-2.5023692,-7.6421223,-4.1720815,0.2512675,-11.900556,-8.376479,-3.1522057,-8.617123,-6.511588,-4.875617,-4.918545,-8.258546,-2.8952684,-7.232291,-1.7392231,-2.2600515,4.8337655,0.29346737,6.1931715,3.3356047,3.7724903,2.1104743,4.5239944,5.353782,6.8272786,8.057939,8.628706,2.819874,3.1207862,107.925446,68.488686,33.91319,30.662598,20.208387,21.907272,14.801919,19.359842,11.188674,12.852651,12.00209,10.5792675,10.345108,7.3814316,7.812218,10.6112585,8.36135,7.064896,8.58105,5.952212,6.3908377,6.4076734,6.0415926,5.3639793,7.146611,12.576948,14.290258,14.434085,13.107612,13.331271,12.109525,11.720167,11.770064,9.200151,9.8809805,12.634659,13.901931,11.671325,9.367916,8.297735,angry,12
-411.28906,90.868706,-16.501463,20.666103,-6.3338184,-14.097688,-1.4359576,-13.86385,-16.72038,-2.6018183,-6.2333646,-2.0702057,-6.2436466,-5.2723103,2.781355,-11.258832,-9.481928,-2.3685257,-9.501221,-6.6775928,-3.4455483,-2.5299387,-8.480274,-2.8957186,-7.1411214,-2.8071227,-4.653307,4.4779344,1.2447115,9.539882,7.2009077,6.823817,-0.795306,3.2116442,0.59848654,3.4006526,5.42016,6.7184076,6.670504,6.5551786,93.764725,56.06653,31.373138,34.894455,20.728216,19.110485,14.846694,19.05624,10.897925,10.415105,12.033897,10.11535,8.269105,8.456833,10.163525,10.290239,8.970064,6.2965627,6.887472,6.1463737,7.686986,6.225777,6.3340373,4.434155,6.0116916,7.3480163,9.191336,13.518269,15.83008,17.455017,17.19192,14.485599,11.60436,8.262142,9.596364,10.332658,13.384827,14.522393,13.389003,12.537972,angry,12
-444.30975,77.05129,-3.6724017,3.1481435,1.3946631,-15.802187,-12.8545685,-27.85367,-17.36722,-6.3029556,-17.829576,-2.1541786,-17.724676,-7.362117,-3.8871372,-17.717388,-11.332841,-5.235843,-12.634756,-10.539208,-10.894094,-6.676953,-15.641657,-6.0884566,-8.792769,-4.1562004,-7.800963,-1.385804,-6.9692397,4.4328136,-3.0744774,5.8202386,1.7051744,8.8747225,0.44444472,2.3699512,-3.2664335,1.4556363,-0.8884312,3.7849934,62.815536,72.77468,35.644077,31.250532,20.31387,21.344423,13.109955,16.212353,12.435657,11.789731,11.07762,9.727237,9.736277,8.116278,8.310396,7.656491,7.597426,8.389441,8.430092,6.7049356,7.0255547,5.9634423,5.7174773,5.8509874,4.598193,6.1057057,8.806761,11.520216,13.55836,12.3219185,10.973975,14.391607,16.023802,15.070352,12.157746,9.872596,11.762497,12.607433,12.974495,9.246665,angry,12
-436.0175,75.80504,-13.589818,5.6922927,-2.905227,-18.26544,-11.378179,-30.543158,-16.604813,-5.76458,-17.269127,-2.177619,-16.268711,-8.4433975,-2.9806743,-18.675833,-12.078165,-6.0303288,-11.266983,-11.619715,-10.398552,-4.472721,-15.598394,-5.923975,-8.063318,-2.87449,-7.4459543,-0.74393624,-8.91142,0.6981799,-6.771767,-1.3218951,-5.670486,2.8998983,-0.28979775,8.509074,5.23534,10.178454,4.480652,3.851563,76.38261,70.750565,38.039463,31.3417,21.72078,22.110504,14.800971,18.792213,15.129379,10.095611,12.843685,9.716352,9.650107,8.965315,9.201531,9.664218,9.570007,10.01782,6.2010703,7.0360227,6.5204024,4.982364,6.8740945,5.732488,4.8493853,7.1514993,11.407884,10.498299,9.406622,6.6239505,7.4648643,8.480449,9.712433,10.983498,12.096397,16.493637,17.297226,16.29987,11.794594,11.193882,angry,12
-264.7508,81.78139,-25.432507,-4.5891943,-10.338159,-21.744085,0.27938014,-9.725399,-16.9328,-1.2088943,-11.969117,-0.52264196,-8.459419,-12.978832,-3.08257,-13.903605,-12.239922,5.366368,-2.0542026,5.8732038,3.7672591,-1.1923445,-6.0037675,6.57403,-0.7773175,9.89993,4.0641093,10.21275,6.930199,5.9424167,7.2885346,8.701862,3.7959905,7.194718,3.4692528,6.7134213,5.2359066,6.7316175,3.0342283,3.427709,62.684593,43.295322,34.1499,37.410324,20.979357,21.613264,15.098184,18.150517,15.608804,15.883351,12.228522,10.453724,10.759486,11.549093,10.488761,11.285112,10.852648,13.580008,18.937317,19.109776,11.042326,15.732213,11.356217,17.082676,16.004963,15.478101,17.040571,12.98791,13.980048,15.173702,15.145764,11.924797,12.009452,13.587402,9.1015835,8.654304,8.0134325,7.9601154,8.100314,5.989985,angry,12
-193.19965,63.21342,-47.312817,-22.737762,-18.308495,-25.873413,-4.3887186,-14.632405,-21.545786,-5.526317,-16.935629,-7.586981,-12.982958,-14.527439,-2.879949,-11.199659,-10.668808,0.24987411,-3.6131296,5.1656322,13.735244,15.310987,8.356739,14.010204,1.1368517,7.9680843,3.7397013,7.573322,2.49006,6.2471414,5.800631,6.71308,3.7123075,5.272661,1.5251489,3.742541,1.5671961,6.0694866,1.8826463,4.6530495,66.644226,40.136833,32.723995,36.33395,19.20023,22.39881,15.007056,18.842413,16.21686,13.982076,12.07223,13.51807,13.676012,12.368456,11.448626,16.350832,20.96428,16.814419,17.189375,15.669777,20.98349,17.69545,14.322664,13.743967,13.170011,13.004175,10.432439,7.406763,10.431471,9.27728,8.035205,8.134019,7.0108395,7.894481,7.3566236,6.325257,7.2532377,6.5917125,10.058904,10.094179,angry,12
-288.234,73.21374,-17.505314,-5.8450737,-7.6404896,-21.767653,0.16890906,-16.744446,-21.520578,-2.7757335,-15.224245,0.86275065,-9.313905,-10.529109,-2.5538664,-16.82784,-13.589203,-3.6149123,-11.840766,-0.97061414,3.0167716,5.698134,0.011166975,6.838004,0.5706462,3.2930648,0.8660003,6.295282,2.4421308,8.356871,8.776799,9.170745,6.5573587,4.9146175,0.6631049,2.1829493,0.5987392,3.3358266,1.6829768,4.3168087,68.70895,61.655785,41.97968,38.98584,25.756624,23.404171,14.466442,16.308493,15.168854,14.363758,10.748647,9.62453,8.587791,9.170949,9.704023,8.448887,9.461971,5.2498474,8.839717,13.907077,17.225279,17.579014,15.891203,17.918486,14.568119,14.589446,13.80365,13.375752,13.5729065,11.917874,15.805565,15.560665,14.435935,8.74418,11.012001,7.7497706,6.2405024,8.540779,6.865466,7.6224008,angry,12
-247.36653,69.1778,-28.948898,-27.82532,-12.37077,-22.695543,-3.943758,-11.528714,-22.892359,1.8494362,-9.240292,-7.9617634,-10.812882,-16.382801,-8.518588,-10.5696,-6.45187,7.4617887,-3.0741498,5.0692835,7.570114,7.839805,4.820748,12.529474,1.9714864,5.199385,0.41905856,6.2834187,1.5112067,4.2681317,2.6449249,5.264314,2.6406949,3.8056312,1.7097805,3.3923454,0.7565791,5.782769,6.6799865,6.103973,75.78586,60.60361,42.69949,41.934658,21.46072,27.5197,14.013645,15.4302635,16.55411,12.406433,9.838192,10.121254,10.585252,11.781349,11.93173,14.621439,19.781586,20.603357,21.142248,19.952913,21.904724,17.70814,16.952288,17.49161,11.527598,12.062675,11.613064,10.194432,10.956212,9.785079,8.076367,9.667892,10.515181,8.810084,6.699275,7.558224,8.434336,9.381579,6.788739,8.020078,angry,12
-516.1967,143.63995,-8.635816,13.994049,13.600893,-6.4895067,-13.386463,-14.416543,-20.165068,-5.412005,-2.484643,-11.047403,5.1736264,-5.3181157,-11.405541,1.6477039,-15.158001,-7.486062,-0.27567622,-3.0309284,-8.7354555,-2.1187978,-7.2904434,-5.291071,-7.0075006,-1.974235,-3.6975973,-2.3111625,-2.1762629,-3.0634003,-1.9419929,-6.638305,-2.794264,-0.120161444,-2.512266,0.58107287,-4.979967,-4.025126,-7.9892607,-1.7570724,73.91056,48.564396,26.308725,33.171944,24.977303,16.026384,15.736194,14.11154,13.440202,10.332067,10.500745,11.566903,16.728264,9.530067,8.731495,9.994554,6.3581643,6.631496,10.197326,5.4353094,4.473854,4.0350604,5.9121785,5.5683827,5.2962704,4.6865754,5.8606057,3.7156358,3.6088939,4.128406,4.3166347,3.7061162,3.2307198,4.3281813,3.3649306,4.144802,3.268992,4.237666,3.9336176,3.5400715,neutral,13
-518.5944,142.3683,-2.3062396,12.77089,9.524314,-2.4778733,-13.269932,-15.074446,-17.095411,-2.8238783,-2.2867694,-10.248,6.6687803,-3.739602,-9.533927,0.94018203,-15.437606,-1.8005176,-1.2849153,-2.1588545,-6.965268,-4.2302513,-6.4846873,-3.090324,-6.8294625,0.46226388,-3.8218234,-2.0766065,-0.49357116,-1.0511129,-3.47166,-3.6975698,-1.7973176,-0.40131912,-1.2009598,0.17878102,-3.4033232,-2.8043547,-7.8362164,-2.8758435,73.34351,52.48955,27.067513,34.818016,24.952318,13.805291,14.253757,14.91773,10.99274,11.552814,10.671841,11.584053,16.813925,8.343897,9.260577,8.795479,9.37535,5.9761906,9.126072,4.624591,5.5681934,4.81544,6.512164,4.933117,4.651217,4.035138,4.8828015,4.0950756,4.3227096,3.8892376,4.433699,4.495458,3.5073195,5.4304495,3.3014598,3.7949755,3.1158502,3.8376844,4.1898575,2.6512475,neutral,13
-495.88013,131.86993,-10.295463,10.239006,12.578396,-2.417855,-16.994864,-23.27156,-21.946815,-5.0675783,-0.08538838,-13.220785,6.6656933,-4.8553047,-11.1711645,7.1669436,-17.41994,-4.8693132,2.436481,-5.927457,-9.946758,-1.6158333,-9.457678,-3.920949,-7.2286553,-2.1126103,-3.2089224,-1.2139454,-2.645035,-1.7717557,-3.3766024,-5.314836,-1.4746567,-0.8001324,-4.1228967,1.5328026,-6.2964997,-3.008413,-9.327869,-5.4004736,68.39791,61.234993,29.751055,29.239271,21.592003,17.069513,10.89148,12.713686,11.518975,9.823734,11.776706,8.710449,15.897746,11.019361,10.401529,8.958316,8.575004,7.8386517,11.254608,6.3744197,6.024812,4.8596544,6.410914,4.437573,4.800935,4.5217295,4.586541,4.005984,4.474838,4.5115743,2.9666822,5.553221,3.2569518,3.3914738,3.8166525,4.5550685,3.4994917,3.4051247,3.9072404,3.654775,neutral,13
-467.45065,120.21524,-19.077654,17.214529,5.9519014,-3.9128706,-17.603407,-19.929478,-28.00779,-2.5106037,-1.5581316,-15.992005,7.414261,-7.8738074,-11.977968,5.8561563,-20.16233,-3.1533825,1.970883,-9.957434,-7.263333,-3.4845047,-7.558305,-4.2006273,-6.7752347,-2.0473962,-2.8143833,0.15166217,-0.94899803,-3.7180362,-3.2611213,-5.2924776,-2.3049855,0.5460895,-2.7177484,1.204637,-7.0104523,-4.438836,-6.3768444,-2.2894626,70.55815,62.570457,33.189182,30.781385,23.05411,19.161776,12.953143,13.007213,14.179474,10.487176,10.7672615,11.527591,15.866227,10.7825365,10.435148,10.399707,8.828222,7.300807,8.427862,8.066696,6.8465505,5.339836,7.385605,5.5146675,4.8403306,3.8117146,5.9263377,3.4081519,2.7656538,4.154757,2.8031092,6.802941,3.7584655,4.23151,3.7332067,4.254489,4.5711684,4.6779366,3.223301,4.1840186,neutral,13
-435.8405,127.40707,-29.050638,13.625944,9.681753,-8.222429,-17.148813,-16.380661,-25.944973,-1.1664294,-1.7970518,-13.677419,8.729827,-8.786403,-16.706503,4.4301834,-17.656937,-4.4359636,0.42755225,-10.917611,-7.43867,-5.3602915,-8.430606,-1.9485962,-4.482754,-6.6668777,-0.7389422,-3.5440905,-5.0223947,2.7317426,-6.5263176,-1.9111551,-4.940929,-0.36268997,-5.0065713,2.710699,-7.85294,-2.2689579,-8.054148,-5.858173,62.5236,47.302696,26.913189,26.143684,27.26818,17.07131,11.900479,15.38393,14.139229,12.375121,12.367591,10.386439,15.9028845,12.420043,10.307916,11.496056,10.759647,7.8032284,9.632691,7.245095,7.5561123,6.6566,6.821476,8.082945,6.7377667,6.259163,6.8353934,7.482798,5.647788,3.336733,4.2230263,4.2555127,4.45374,3.9467807,5.1187162,4.647051,3.3829918,3.921825,3.5549395,4.844865,happy,13
-445.3642,125.29998,-26.33511,10.775695,11.415794,-5.3746405,-17.72578,-15.073156,-28.424364,-3.8524997,-0.30405012,-16.4092,6.125396,-8.217655,-20.299366,4.6974173,-17.81502,-5.752122,2.6847513,-11.551766,-7.5769544,-3.1864896,-8.472278,-1.7781372,-2.4161565,-5.7563596,-0.84191096,-0.8079127,-6.034158,3.8984587,-5.2179065,-4.39534,-3.0865905,2.6168475,-5.0990305,3.7070253,-7.7640266,-3.8361359,-7.5505447,-2.4867685,60.1121,48.661453,22.403978,30.554724,26.633888,14.829748,12.778631,14.595953,14.99878,8.6172085,11.404754,10.28411,14.542041,10.936799,9.581323,11.965079,10.963105,8.0632925,10.556697,6.887571,7.0623913,4.8301945,6.6552773,7.3506107,6.9709215,5.97909,7.1878266,7.3811097,5.3168836,3.3763463,4.1326976,4.6704297,5.1821456,5.182134,4.730239,4.484625,5.1089063,4.8246374,5.5893145,6.3195796,happy,13
-436.39935,118.281296,-19.917881,11.99688,-0.65155447,-0.86882323,-24.544662,-19.29542,-29.585625,-6.2112203,-3.2467206,-14.189166,7.773183,-12.179176,-12.04931,1.4371877,-21.884245,0.21572706,-3.6983435,-9.975743,-3.444017,-6.2431846,-9.300597,-0.31585622,-7.5107913,-2.0313363,-3.8113983,-6.2089086,-2.8591878,-2.1416333,-5.681353,-4.6693573,-3.7827563,-5.233196,-1.6796985,1.0192115,-6.6181355,0.06636954,-4.278679,1.3181713,67.55209,60.215347,28.582523,24.600428,24.383348,16.144941,15.322116,13.210331,11.281086,14.066505,9.459835,10.978117,16.803226,11.515827,9.547755,9.425453,9.640766,5.5768795,12.505374,8.179744,8.553688,7.747411,7.167664,5.224987,5.1808386,6.069878,7.948658,7.334086,4.77295,3.8866358,4.9835587,4.7501054,6.366547,4.648608,5.2049785,7.051681,10.256415,10.197713,8.8337145,8.305897,happy,13
-413.744,107.64187,-18.606638,7.4799585,-5.5288405,2.5487885,-31.184935,-21.58829,-24.17482,-11.667659,1.0275581,-18.298824,4.2789626,-10.547153,-14.539627,2.7140667,-22.022587,-3.8806672,-2.0451982,-9.897154,-5.392152,-6.695381,-9.887986,-2.8271675,-7.2743855,-1.4541078,-3.1574275,-2.092497,-1.4518726,1.9231571,-0.39350653,2.054327,2.6665323,2.623904,1.3029604,6.0895267,-0.53454334,2.5897496,-4.2866006,1.4223208,62.35067,60.84653,26.937548,26.383646,24.40796,15.989836,15.956241,13.103471,10.534122,14.52782,9.931773,10.674224,16.68043,8.566796,8.394749,8.297454,9.67334,7.9033623,11.516161,8.432697,5.477447,6.492142,9.610857,6.478835,9.193863,8.803281,10.065056,12.305161,7.901202,11.241433,10.529572,11.727683,8.351919,11.114549,10.168964,10.743493,7.9194765,6.2699127,6.9792843,6.4701166,happy,13
-394.31155,110.05329,-22.537096,17.131554,9.718241,-3.4841814,-21.279623,-8.602237,-20.300596,-4.019007,0.45765093,-18.09487,6.5135174,-7.2169857,-13.427183,8.446417,-13.664471,-6.859734,3.3667037,-6.6128626,-6.5695066,0.66147286,-7.7344155,-4.837597,-1.7857423,-0.7667525,-1.6515589,-1.4850202,-2.5470905,1.6455098,-0.6423591,-3.6365175,-1.4782549,2.2922745,-0.79439086,5.6654854,0.45691526,1.532036,-4.816878,3.0018244,74.496155,53.042183,27.968513,24.92875,26.14884,18.235058,15.167349,14.3394985,16.48829,15.55221,13.234465,12.628309,14.19969,7.79221,9.331203,10.891076,11.374447,8.242345,11.239024,6.303355,5.814588,8.035168,5.151329,6.5074997,7.079045,6.537022,7.6715674,7.185743,4.8489733,6.0930324,6.4249325,5.576259,5.8209095,7.442463,7.5844607,9.524546,8.836108,8.556149,8.028093,7.6290774,happy,13
-371.01138,90.32034,-16.459393,2.4833722,-3.347307,-3.4254239,-31.217804,-11.259923,-19.502012,-10.871336,-2.401063,-16.772753,-3.7695315,-8.692773,-13.624155,-1.4892557,-14.951652,-7.9171886,-1.7433126,-3.1278026,-9.337691,-1.3115906,-5.874661,-6.3308363,-4.616756,0.7453439,-2.45254,4.6180305,2.9878511,5.8985186,1.6397045,4.5804806,3.4636824,4.222324,2.6392763,6.464501,1.0236763,3.0952845,-0.018450402,6.3572464,102.20623,45.577545,23.536583,32.82575,32.670765,22.928541,21.079988,12.669871,14.94476,16.909317,10.363396,10.3656845,13.711686,9.604846,10.618645,7.214827,9.692364,9.189781,9.456131,8.9844675,8.547769,10.62581,8.8881235,10.059383,7.4914417,9.659731,11.216186,14.902568,13.605359,14.338456,12.3285475,11.37348,9.67272,10.153924,7.322459,9.858514,6.9929414,6.8093038,9.366366,10.086356,happy,13
-312.87115,66.72803,-19.724586,-7.645402,-22.394855,-1.9212536,-37.83233,-17.746424,-20.770515,-14.5461,-4.29217,-17.56419,-6.7784886,-12.412471,-16.174559,-2.9352655,-21.51877,-2.5859911,-0.5510316,-6.1261663,-6.3620768,-3.9657338,-6.547889,-1.8573946,-6.662952,7.4761267,4.7433276,13.7631445,12.012953,13.286276,4.795001,0.775704,-1.6991621,0.7051094,3.6313715,9.525633,0.6826713,-0.38930196,-2.470208,0.7368184,64.49362,54.6279,28.526516,30.906483,33.983162,19.428007,18.915733,14.437776,11.662824,15.949013,10.809467,11.300466,12.8350935,9.778731,8.814525,7.32265,8.835782,11.27205,8.849413,13.869349,10.954596,8.638984,13.139911,11.530227,10.596512,11.731545,13.90141,16.805624,17.053728,18.261494,12.295203,9.920831,10.299794,7.9118414,6.714122,7.1667213,9.323675,7.9111857,7.7328606,6.6428547,happy,13
-322.46454,82.66109,-22.561451,-3.3974693,-20.398676,-2.8516734,-35.157097,-17.487427,-21.467703,-13.780371,-3.5292916,-16.34167,-6.2447195,-7.445874,-17.870827,-0.00087515515,-19.796015,-4.6935806,-0.9737928,-12.0670805,-10.791989,-4.0558004,-8.065112,-4.0366287,-7.093611,2.3992038,-0.675228,7.3386655,11.55462,14.745838,13.430047,9.634069,2.061386,0.21460523,0.82459027,4.703297,2.8066823,1.2292725,-3.394515,1.1563845,76.27926,49.146473,29.916147,29.45422,36.91659,18.680113,18.149485,12.316747,13.599376,16.789406,10.270839,10.92433,12.038398,8.988435,8.0619545,5.8919115,10.3954735,8.921724,8.652582,7.133089,7.1690187,7.9843745,11.540438,8.437963,9.979568,12.134031,13.021102,11.9482565,14.01059,16.451748,15.933948,15.448801,11.978585,8.171254,8.559514,8.289003,5.8179107,6.80011,5.640756,5.305828,happy,13
-539.06836,130.84282,16.890709,14.771267,10.423557,-1.0223283,-10.739791,-14.987071,-10.393909,-5.0994973,-0.5412986,-9.800692,0.10550895,-2.3584301,-5.2182136,3.87971,-13.460142,-2.1008253,-2.430237,-2.6372302,-6.6101694,-5.390335,-6.5268188,-2.5530157,-7.7115426,-0.112761766,-4.7659984,-1.1995196,-2.6280208,-1.0229287,-3.536464,-0.122163504,-4.0071597,-1.3210632,-3.9264019,-0.7475526,-3.1316173,-3.0830846,-7.2424,-4.7690334,72.2183,63.95452,25.608902,36.54156,21.314499,18.710186,15.796228,15.783851,12.3935585,12.671925,8.833261,10.091474,11.817906,7.413192,7.971915,7.488122,9.689139,6.860188,7.1738276,3.9517474,6.012795,6.131522,5.106818,5.606251,4.3203278,6.2407002,4.88735,3.9087873,3.9618933,4.486406,4.228375,4.314061,4.016438,4.0755496,3.984631,4.4316583,3.426408,3.398162,3.7934244,2.575157,sad,13
-544.29987,131.64738,17.171867,14.410075,13.592002,0.35888904,-12.969805,-12.167033,-9.874637,-5.4753737,-1.2014905,-10.535245,0.6159213,-1.8194612,-5.1864257,0.47672176,-14.173343,-1.5291797,-3.1157806,-2.3917902,-5.8709445,-5.75914,-8.36196,-3.4685707,-8.011623,0.0017510082,-5.271665,-0.93759114,-1.3964533,-0.5945226,-2.505204,-2.9936855,-2.8804998,-1.1323668,-2.4280381,1.3026013,-3.2946472,-3.51009,-7.3132772,-5.1710534,70.77322,55.79601,22.516077,33.73054,24.933987,17.84094,14.939912,14.006314,10.87874,12.314637,10.430487,9.963921,10.590233,8.43463,7.3045616,6.580728,9.192283,5.7102394,6.7976484,6.5773807,5.4010487,4.9535046,5.6348963,4.603508,4.2024975,5.2123337,5.5540676,4.121159,3.8469858,4.627533,5.4188075,3.9419224,3.4515893,3.5205672,3.959286,3.797949,3.7290764,3.3379076,3.18457,3.3343902,sad,13
-532.7197,133.92921,8.364702,13.669385,12.276907,-1.6331918,-15.78617,-16.047487,-9.580646,-7.917706,-3.5311959,-9.565988,1.5894339,-5.387582,-5.37597,1.5785184,-13.568377,-2.348075,-1.7263743,-2.470108,-7.068698,-6.8943267,-5.775972,-4.360743,-5.863177,0.7570714,-6.936488,0.7678634,-1.721376,-0.27275157,-4.2944107,-0.5801376,-4.295506,-2.9096894,-2.1862233,0.8432657,-5.0623612,-4.538214,-8.49905,-5.016467,67.70767,61.496567,26.052084,27.624435,24.905813,19.363874,12.035314,13.236193,11.521067,13.215363,13.838555,8.797161,11.570711,8.787413,7.7500567,5.3009267,9.866163,6.71479,7.628217,6.7402916,5.232835,5.930501,4.5568724,3.7558331,4.915607,4.835936,6.5948734,4.290278,4.299915,4.1294546,4.7155867,4.0799,3.5035522,3.6338582,3.7616956,4.7607374,3.5124695,3.3687444,3.4462001,3.4598885,sad,13
-527.00665,128.26318,15.879749,10.939267,4.7393603,-2.6331682,-14.484721,-13.4981165,-13.105036,-7.620559,-4.1781588,-11.349459,4.0724382,-4.8216524,-5.6591654,1.3488892,-14.562008,-3.0313575,0.57247293,-5.9314065,-5.5085073,-5.9612665,-8.250753,-5.0060024,-8.551311,0.38152692,-7.153896,-2.6071146,-2.65128,0.28592238,-5.375837,-1.9245423,-5.3026276,-3.4551249,-3.004817,0.7196584,-4.9004555,-4.754418,-9.150399,-3.1764483,69.759895,65.74302,33.110016,28.308632,25.046322,17.712593,16.288624,12.125152,9.328793,12.310124,15.127871,7.3657455,10.997255,6.794263,7.9730744,6.4553947,9.757765,6.7501283,7.6542645,6.550687,4.9151163,5.9328237,5.373662,4.6822867,4.5149245,3.6115065,5.5982714,3.590067,3.9097424,3.683624,4.4064856,3.404177,3.9274807,4.837147,5.9306216,5.0205007,4.3413577,2.659822,4.7452903,3.494194,sad,13
-466.57883,137.70604,-6.9068737,15.006095,6.4836392,-9.135974,-17.495731,-13.398582,-16.2251,-10.721299,-3.5784788,-13.579295,4.064783,-9.240215,-9.998227,5.0707765,-17.744986,-4.9766364,-1.7155832,-2.6157737,-4.9783072,-5.77033,-5.734895,-7.256094,-4.965316,-1.6067994,-10.301396,-0.11032635,-4.1204114,-1.6918808,-3.3905141,0.36868295,-7.6097174,-1.0526589,-4.844446,-2.0504775,-3.029239,-3.8440578,-5.4918847,-1.5524474,65.88908,50.767178,28.991674,30.470228,25.833836,22.453995,18.75398,16.896263,13.815607,11.5910225,11.89598,10.99966,12.664911,7.9802876,9.165426,8.510986,7.6109376,6.9210224,6.44371,5.5374804,6.4018216,4.6425266,5.8549767,5.841944,5.663851,5.3070264,5.5434833,4.7051697,3.8300767,4.8659134,4.6283293,4.4268804,4.4411006,4.4946055,6.294533,4.299569,4.4800935,6.9405837,7.872755,8.8927555,sad,13
-510.8763,125.10335,14.321659,18.683046,7.697153,-1.6313039,-16.569958,-10.907853,-8.480696,-9.869146,-2.563084,-8.8846445,-0.9955553,-6.5093594,-4.3770456,1.5074935,-13.380364,-1.657139,-2.9771113,-2.77515,-6.0470576,-8.509519,-6.121791,-4.6247783,-5.7657733,0.58916575,-6.943906,-0.63861525,-4.8269935,-0.29400554,-2.8492725,-0.70060194,-5.825031,1.3942629,-0.6518652,0.92704934,-0.72006375,-2.502672,-7.4661727,-4.382738,60.492954,57.48008,19.980604,35.88769,21.654074,16.534775,16.20564,15.236067,13.948831,9.216242,10.807415,10.948508,10.409342,7.590623,8.8619795,7.8109913,8.893031,6.7505507,6.1532736,6.5179105,5.672795,5.9489245,6.3367004,6.214967,5.3822227,4.895499,5.239884,4.396612,4.5152364,5.4102616,4.9124465,5.1202273,4.8133173,7.049675,7.1769547,10.5653,8.253778,5.7600975,4.3695917,5.3538003,sad,13
-501.375,128.71411,14.158426,3.940381,7.526118,-3.3214219,-14.755499,-15.446071,-13.837828,-12.385981,-1.2517861,-11.349358,4.4910483,-4.3495884,-8.602804,0.27817288,-15.766647,-3.5580487,-1.6355755,-6.1805825,-10.630488,-3.641014,-6.708611,-4.9110627,-5.646312,-1.3850971,-8.247827,0.3548143,-3.8756127,-1.2190503,-3.1998672,-1.1391804,-5.7161436,-2.6014342,-4.008575,0.15045148,-4.809687,-4.8059006,-7.924823,-4.847333,76.18723,68.925064,27.184694,32.195225,25.799013,21.517763,15.155994,14.496102,12.918014,14.45889,12.196866,10.163167,9.695367,8.397748,8.25309,5.745645,8.608592,7.738315,6.915105,5.9555917,5.1320457,6.2119894,5.1934314,4.9245462,4.7407584,5.0074105,5.569965,4.6458063,3.9951897,3.563153,3.8157725,3.9496765,4.3397403,5.1439686,5.11613,4.780842,4.5738907,4.936752,3.6185856,3.8345883,sad,13
-530.9725,118.192375,29.8803,16.258461,12.691112,0.950742,-11.85357,-12.394286,-9.08926,-12.019645,-1.3995005,-8.443006,1.1777328,-3.3188844,-6.1780314,-0.1587246,-12.998333,-2.440492,-0.98207396,-4.1785755,-10.18378,-5.7777596,-7.1492233,-5.223636,-8.081002,-1.2889278,-6.063027,-2.566439,-2.0398433,-1.251307,-1.112408,-1.6897894,-3.762608,-1.7828033,-2.543091,0.89824843,-4.6929445,-3.2700317,-8.765354,-5.52726,77.30324,62.623997,20.777046,28.425854,22.954935,17.78166,14.115962,11.473382,9.081733,13.503913,13.924086,6.4472857,11.874864,8.3804455,7.454505,6.63248,8.348886,7.0174,6.3398523,5.4658566,5.6918736,6.2273045,5.3765745,3.940445,4.6263375,5.291978,5.7554655,4.2007527,5.014511,4.3951206,3.210977,3.6550698,3.9631515,3.776942,4.7063594,4.842134,4.3694654,3.6169431,4.2699294,4.3829074,sad,13
-398.83365,110.79221,-18.785135,18.503578,2.1665905,-12.447617,-11.9720125,-12.925435,-24.376251,-8.266324,-7.5084515,-13.409519,9.853636,-9.992874,-2.0757475,0.6802045,-15.028835,-6.1273785,-3.7284374,-1.0938358,-6.2361526,-1.4885169,-4.7297745,-4.464853,-8.282345,-2.4103746,-5.991748,0.90154636,-3.3302932,1.3801817,-3.6308937,-1.7782527,-5.0804057,-0.87838686,-4.929742,1.1015253,-2.8091137,-2.1023295,-6.6550736,-2.8123755,65.42281,53.466347,28.042221,34.537193,26.943407,25.183077,18.857347,16.695253,16.064217,11.007629,10.253965,12.386161,12.03306,10.570505,8.444006,7.9152474,10.451176,6.5356236,11.80112,9.249459,7.140201,6.3280373,7.212123,8.741802,6.7751217,8.113229,5.6161447,5.9809427,4.4003735,5.711735,4.572088,4.840681,5.962767,5.536818,5.167616,4.117017,4.867185,5.469507,4.127596,4.7528734,angry,13
-368.9164,99.69923,-18.17021,14.294369,-2.792176,-10.991802,-12.821576,-12.851317,-22.749807,-5.85027,-6.2129917,-13.22907,7.2245,-7.042794,-4.9830904,4.160803,-15.825319,-4.605013,-2.823213,-6.986311,-4.0540476,-4.2288594,-2.6319447,-3.8017867,-8.481625,-2.1950192,-6.447741,-1.2781539,-3.035442,-0.6476854,-4.3992,-1.0526438,-4.8889546,2.0452313,-1.933881,3.738901,0.88769567,2.3337944,0.9221417,7.0635567,65.14976,50.735085,23.640656,31.247177,28.661734,23.86553,18.277037,16.09791,16.105167,13.287559,9.446304,11.1403475,11.193151,11.6057205,8.342248,8.343108,10.804186,6.242736,8.608117,8.353025,7.6321115,6.534381,6.9432015,7.3889723,5.431024,6.2942,6.365969,7.6041203,6.495028,5.0000896,4.5573344,6.512619,9.349067,10.048574,10.788775,12.080987,12.687924,10.762817,12.235769,13.8772545,angry,13
-381.71378,98.64709,-16.773623,17.719093,3.8576715,-8.886331,-15.356471,-12.07885,-33.93453,-5.548866,-7.6357474,-15.272268,8.166882,-5.755101,-7.5668283,1.7636616,-15.265565,-4.6324997,-5.0885677,-6.84497,-5.7857122,-3.7656486,-3.3716683,-2.991643,-8.891079,-1.4144653,-6.378055,-4.6625834,-3.654746,-2.3113446,-3.6295798,-2.5395555,-6.5807366,-0.15805586,-4.7851195,0.089642346,-2.374613,-3.311867,-8.544805,-5.228086,61.905006,64.466064,33.71211,32.407867,28.88459,27.677887,16.216682,18.909948,14.811598,13.986695,11.113446,13.888711,13.21386,11.3872175,9.068697,8.295622,11.353337,6.279851,7.695004,8.252441,6.4646916,7.458626,7.2706614,7.1123967,4.9599147,5.506605,6.4130883,6.3469133,5.7221904,6.342807,4.964833,5.305838,6.291405,5.2074065,5.990193,6.127185,6.876654,9.129029,9.586077,7.0650578,angry,13
-362.32065,96.68312,-21.453753,14.716144,-2.0272214,-11.240944,-17.393898,-17.6983,-32.764534,-8.631788,-8.526725,-17.855518,4.759401,-8.167458,-9.035643,2.4038267,-17.233852,-5.732602,-3.0008519,-7.4680443,-4.984125,-5.548527,-5.204319,-7.743803,-11.728227,-1.6452913,-10.025928,-5.9886436,-4.385091,-5.289504,-4.9543695,-2.9210267,-5.760707,0.03491804,-0.45955035,1.6667647,-1.0963218,1.3675642,-3.2883513,5.063613,73.34853,62.405056,34.234257,31.608166,28.690279,27.176302,16.910772,15.00022,11.78979,11.350245,10.4997635,11.639201,12.365001,11.12044,9.989484,9.566704,11.6931505,7.8666162,7.5276537,6.1678824,6.493468,7.2626376,6.8332705,8.151914,5.4417973,6.351879,6.149946,5.5341725,6.874986,6.6854305,4.349755,4.6882925,7.632443,10.554172,12.527698,11.695773,11.623418,9.837892,10.83663,13.050663,angry,13
-186.78734,37.125813,-27.662971,-3.640891,-21.758656,-12.04195,-23.45299,-10.352513,-19.205671,-9.250671,-1.9996741,-11.956879,-6.5697336,-2.2073665,-16.460318,-5.2867084,-16.396582,-9.896646,-0.55294377,8.000203,17.560019,24.336163,16.31232,7.873605,3.8516405,9.918293,2.1520512,9.003371,1.3093123,3.6122217,4.0786324,7.6645517,0.31150517,3.8877895,-4.3997035,4.1015787,2.070939,0.9997917,0.041992612,7.548155,76.85029,44.6053,30.00384,32.50711,34.585087,18.035648,20.45706,17.102287,11.364699,12.647284,9.619539,11.147144,9.298926,7.704695,8.265926,8.882348,9.343134,7.692125,10.971248,19.912458,21.541027,17.666622,15.741334,14.729391,14.426632,13.912363,11.797431,10.499828,10.544892,9.687702,10.122346,9.661473,7.3663917,8.930268,7.670156,8.504618,6.691716,5.191317,7.50761,10.90193,angry,13
-274.77042,63.365078,-10.841493,11.64766,-1.725171,-14.894731,-13.829249,-1.6574329,-16.03437,-2.2314613,-1.5568932,-11.377017,-0.32318956,-1.0150199,-10.173152,1.9434714,-11.427113,-7.385753,-2.5682096,-5.550068,-4.6927557,3.4634318,-1.5537895,2.9938593,3.5435562,7.297427,1.846629,6.9848022,2.4797652,6.0722938,7.82926,7.4957824,3.8561947,5.7711434,0.88604444,6.174316,5.2355065,6.055367,4.068244,5.187683,107.30652,45.004253,33.408066,34.18293,29.160383,25.688755,21.115583,12.980581,14.821166,11.9216585,11.640244,9.712428,10.824277,9.035499,8.806799,8.1289,8.470038,7.422102,5.8288503,9.474167,7.5079393,8.12374,10.220066,12.669493,14.413873,16.308897,13.643273,15.1287,11.700137,12.367109,12.21237,10.4366455,8.747615,7.5974183,7.1104307,8.913043,8.86583,7.8491116,8.771462,8.580721,angry,13
-194.75754,45.474487,-30.792223,-8.135531,-22.309946,-10.356189,-27.12064,-13.503151,-24.288906,-10.850147,-0.5800243,-9.994394,-3.4189792,-5.079198,-17.495167,-5.5529623,-20.027386,-9.812682,-6.50659,-3.3575776,3.1198568,14.092865,11.269547,14.138119,11.351872,15.998796,6.400717,6.9466805,-0.092673436,5.1816053,3.9073715,6.3285866,2.5882714,5.310888,0.41418448,3.9288762,3.545257,2.9612148,-3.2920732,0.5579425,64.43048,43.75196,30.253353,28.980053,33.47405,20.571018,19.661804,14.705795,9.392865,13.417028,9.362019,9.985242,9.304878,9.890114,8.817807,7.5764065,11.852905,8.2557535,10.261946,15.1132345,21.050985,19.577763,19.167635,14.598552,16.650026,17.057812,15.617443,11.557333,6.6494718,8.418511,8.392586,9.257661,7.4766197,8.041676,8.76892,5.7486753,6.954033,4.3397665,7.15067,7.312505,angry,13
-175.90028,16.413717,-32.729218,-15.236295,-34.02481,-9.453166,-24.929756,-11.497272,-16.95751,-11.264653,-1.364566,-9.628293,-11.247681,-9.434279,-18.555193,-14.084098,-11.614966,8.54665,15.3752775,22.77358,19.83103,9.839089,2.4049523,-0.0065672398,0.8903343,6.934458,-2.871171,3.070172,-1.0878634,5.735125,-4.566971,-2.6179354,-4.0777707,7.7850266,5.827502,7.172034,5.1899037,7.9999657,-1.5213002,-2.01221,69.33111,47.36461,32.74144,26.25024,34.131767,14.174123,20.788492,14.477389,11.249405,13.57762,10.545708,8.760481,8.955784,10.111714,9.557115,11.170954,17.589977,28.367086,21.651524,21.73093,21.924385,24.61953,21.08631,16.06021,15.489897,12.022901,12.885297,12.320179,9.82998,12.042206,9.083315,13.112703,12.244435,12.371173,12.264438,7.8838024,10.041941,10.315178,9.202889,12.634322,angry,13
-565.08636,79.91712,4.5065584,16.136803,-17.133526,-17.033154,-10.751647,-19.552567,-9.265859,-7.746637,-3.3296728,-11.24215,-6.2136564,-4.559826,-10.05874,-4.877033,-6.1373897,-6.741303,-7.4989376,0.13420223,-0.5691381,4.254823,2.2865753,6.4225883,-2.8437605,-0.2875747,-3.7005026,1.7246026,-1.4776447,0.3548598,-3.7268414,-2.187697,-2.8981462,1.4476738,1.294406,4.9980984,6.0905633,6.7215414,2.976159,3.5326695,73.62558,55.2835,30.065207,31.797459,17.878244,18.154123,15.57484,13.85386,13.889115,14.683053,8.301545,9.872342,9.716367,5.8050756,6.8234525,7.0035243,8.888954,5.7772293,6.0426507,9.192171,9.703963,18.100687,15.944315,13.812913,13.974954,10.807168,10.473565,8.413309,9.337054,10.055821,7.4146547,7.672373,7.152499,7.65967,8.638083,11.66473,13.753413,12.3441515,10.274162,10.298766,neutral,14
-558.46063,84.356155,1.4630939,14.355673,-16.280231,-14.94805,-13.94764,-19.54081,-5.8336916,-7.8312435,-6.6919026,-14.226239,-7.7976336,-4.903808,-7.042344,-7.441693,-3.5097532,-6.708516,-8.832745,-1.6760262,-5.5779953,-2.8691838,-2.7642925,3.5214727,-6.1531134,1.5225099,-3.8292747,0.94942594,-0.4908121,3.2629254,1.9933727,5.1651306,5.0617523,10.228502,9.737077,8.932726,3.6747444,2.2790518,1.3286735,2.7564542,63.390038,48.50136,31.898731,31.171057,16.624329,17.880363,16.622862,13.276062,14.472461,8.574503,8.239643,11.391799,10.125976,6.788768,7.143491,6.730859,8.150071,6.042838,6.5341644,5.986073,9.086073,8.324253,10.602825,10.130693,14.463903,10.683897,8.582329,9.91953,10.91928,11.32891,11.323403,11.277034,12.705637,13.137579,9.517105,10.796659,9.111117,7.325687,6.053897,7.3699,neutral,14
-532.5464,77.011826,0.571329,10.282947,-21.633448,-8.681402,-17.614399,-23.334816,-8.97028,-7.1947308,-8.629967,-12.452313,-7.700906,-8.795649,-11.207641,-6.6311917,-7.1662793,-8.574899,-9.376317,-0.7283664,-1.5164956,2.1617928,2.610653,6.0193133,-7.970281,0.5420204,-4.287866,5.7123785,10.609334,13.748837,8.42067,4.42299,-2.3309002,0.49533138,0.92568743,2.9124677,0.19728756,2.728131,-2.368086,-2.095302,72.87026,63.09785,35.06117,32.233875,18.953756,15.965851,16.748026,12.741463,12.635446,12.332619,6.8662176,10.333462,9.2384205,6.6905737,5.3920803,7.4297824,6.199264,6.752074,6.5097127,8.688687,8.43223,15.107146,15.479777,11.450383,9.79827,7.4991136,8.161503,10.806022,15.697307,16.109741,15.52314,12.372726,8.425884,6.642005,7.0307198,9.189617,8.098757,8.942405,7.7845974,8.92318,neutral,14
-539.85956,87.21847,-1.1394209,7.3939705,-24.043272,-10.266022,-17.188663,-22.922977,-7.7671313,-10.340119,-6.7710776,-10.998349,-7.2253647,-7.718513,-12.099912,-7.4095182,-6.773487,-8.495858,-7.604117,3.044696,-2.4467423,1.9328611,0.8763569,3.4419832,-7.330274,3.8651671,2.866788,5.2906284,2.6798468,3.05805,0.8810295,7.8130937,5.4428196,6.9340377,1.0379937,-2.1470098,-3.6184127,1.0007833,1.7848381,4.3550634,75.133644,62.42938,34.27503,29.736788,20.911037,17.254137,16.778578,15.198368,10.624076,12.138189,7.700433,10.746236,10.877886,5.929088,6.4699926,9.125386,6.6578236,5.7904058,6.784055,10.306847,10.936602,16.847025,13.1428175,9.46613,9.630003,11.233824,11.897094,15.171915,10.460484,10.907413,13.888986,14.116799,13.328904,9.868533,9.990807,8.579188,6.8689985,6.418306,6.644691,8.682727,neutral,14
-342.48636,55.424355,-37.89139,9.019825,-22.437565,-29.617928,-10.395608,-29.071661,-4.374885,-13.375542,-15.014122,-0.6902938,-18.551289,-4.12449,-9.320263,-3.2025,4.67227,19.934526,12.694269,15.087291,6.600486,2.7149496,3.9107404,7.166789,3.3931155,6.9887514,2.3413994,0.7436733,-2.1986747,0.32189527,-2.962702,3.239523,0.07688313,7.057889,2.7644498,5.5301495,-0.350115,0.4019434,-0.37365118,2.2915475,75.97921,44.59758,35.702164,33.017487,25.182446,20.638508,22.596632,22.805632,14.790737,12.430093,11.358263,13.681715,13.017562,9.756919,14.007478,17.614714,19.39859,21.706991,18.497124,17.938744,13.180762,11.989594,14.327284,12.373488,9.865426,12.302191,14.631685,12.5139,8.976147,5.5447316,8.448429,10.612272,8.17449,8.223608,9.788267,8.208301,7.7670336,6.609648,5.760921,6.0140085,happy,14
-352.81363,60.600822,-25.16381,-0.34729204,-15.899147,-26.252693,-11.267721,-22.647747,-4.2133117,-12.192213,-14.289302,-7.7571692,-21.31181,-2.8045342,-11.165522,2.7445602,10.083212,17.143713,8.913031,9.41919,5.162703,6.359706,10.686158,8.142728,-2.7189398,1.6549149,-3.8110538,-0.25403112,-2.1255765,2.2437127,-0.28780004,6.4461436,3.3907325,4.235306,-2.0039861,2.605517,-1.427581,0.7739629,-1.1287174,1.7310063,77.159904,49.488747,30.513758,35.7297,20.84335,24.882738,24.185143,18.047901,17.113064,10.476774,9.767255,11.584785,14.152322,10.089492,13.43515,17.668962,21.786055,19.861069,12.938849,12.317092,13.033514,11.104929,11.620419,12.359075,10.355101,9.778767,8.323519,7.1904535,9.518867,8.623341,11.556901,11.216841,11.76119,9.037817,6.0630174,5.9641066,4.8004847,6.9746885,6.8482594,5.377392,happy,14
-391.07523,63.02648,-14.323644,-0.93649757,-20.78541,-24.779924,-28.654032,-26.375635,-5.48937,-20.7844,-11.338492,-12.469333,-15.745666,-13.610323,-20.229124,-14.934684,-12.495058,-4.1412683,-8.093598,8.531663,4.9922028,8.177148,6.8768086,10.479875,-0.3416641,8.752166,0.3350407,3.0470064,-0.6628026,0.20303376,-3.833482,0.35248566,-0.6608391,3.1243196,1.0614315,2.0920918,1.6301343,4.4553356,0.6495102,1.1686574,71.1696,58.57146,38.575665,35.140152,25.154501,22.193937,16.071619,19.475443,19.104595,10.660998,9.474597,9.54511,9.10217,8.064348,7.5995145,7.2676783,8.347018,12.348288,15.361595,14.435827,15.523391,16.367086,12.513544,13.264469,11.985496,12.178956,11.103351,7.6500044,5.809469,7.711282,8.262804,7.1165514,7.754134,7.388247,8.485359,8.571596,8.699437,6.756474,7.5064435,6.2564664,happy,14
-387.68903,55.737762,-21.265888,1.6495245,-16.942225,-28.459833,-18.970953,-28.289263,-13.171234,-18.527918,-16.72693,-9.102832,-18.909494,-10.476739,-21.163471,-14.585701,-8.924084,0.12302485,-1.6245058,15.522167,7.465432,8.778876,7.087405,6.4725842,-3.832944,2.38813,-1.1790836,0.24845615,-4.072033,-1.9166752,-6.094764,-1.900565,-4.34803,0.9055587,-0.29303426,0.67976266,-0.8939659,1.0066196,-4.1041822,-0.062589556,85.746346,56.422043,37.546238,29.726845,23.482994,22.520557,22.024015,19.071629,14.635832,12.182875,11.058096,9.230776,11.802457,6.9753447,7.157408,13.819677,12.073738,15.482917,17.335266,18.325294,19.075508,18.16187,16.098717,14.176122,11.919622,8.751976,9.608332,7.7893386,8.860883,8.245182,7.7450566,8.493521,8.518334,9.516221,9.286488,7.2585964,8.287019,6.317546,7.5236855,7.764489,happy,14
-281.25403,45.912422,-66.30799,-8.026642,-27.566545,-38.627487,-7.292181,-30.1896,-12.168348,-6.974035,-20.939636,14.567558,-2.4929123,21.858818,15.485326,14.64773,11.360632,4.511498,-1.5891159,1.8979187,-0.5353499,-6.2737956,-3.5477495,0.71228117,-1.9697306,4.595932,0.051606216,2.796747,-0.57973945,2.9841275,0.026631966,1.0058067,-0.8515564,4.5454597,-3.0315697,2.844908,2.248404,2.9196322,-0.2964837,3.397888,88.31492,34.42093,42.20701,33.080933,22.773323,20.2954,25.253178,17.107986,14.997679,11.978052,14.498949,17.112644,24.11066,18.922907,16.25035,16.202835,15.705294,15.138302,17.631449,11.001803,10.05663,10.96952,13.996276,12.11528,11.485928,8.924738,10.460763,9.009175,13.563539,10.754929,13.312339,12.693241,10.369712,8.541546,8.266709,6.3585353,7.1499248,7.954344,10.441419,9.083391,happy,14
-283.04666,41.36847,-62.838894,-6.3667555,-31.41485,-29.846346,-9.674672,-32.454025,-2.4807284,-15.137194,-14.564413,2.0499868,-20.016937,6.2707014,3.0905492,11.502353,18.194056,17.881258,8.19475,12.422954,3.780517,0.887445,-0.5682091,-1.6454053,-2.6674933,-0.16923398,-2.770463,-0.19079843,1.2620969,4.9041276,-2.3076417,1.3114799,-1.5059216,6.942542,1.1412264,1.8839862,-1.6686442,2.9613838,-0.29075086,0.78822464,66.733696,33.072033,39.63943,35.821934,26.905714,19.442978,25.875479,19.497332,16.12673,11.2541685,10.45951,13.971545,19.602139,19.279285,22.477222,18.228859,18.53069,20.59517,17.787169,16.18704,14.290055,13.477136,12.420407,10.521003,12.262205,9.510083,7.6134067,10.614965,7.815415,9.531811,8.963881,8.8222475,11.150198,8.511719,7.172436,5.371785,6.2544966,5.4661775,10.604894,8.699279,happy,14
-269.93533,21.248055,-81.52921,-9.69603,-28.274466,-44.967247,-13.089308,-38.72411,-4.424452,-10.105446,-17.894848,11.153837,-5.8776445,19.703012,5.457549,9.25867,14.568695,6.1355305,-0.9037105,-1.10852,-3.9683394,-2.3096812,-1.1188533,-1.870192,-8.788648,-0.6550583,-2.1453395,-0.06819609,-1.4033217,1.0257536,-0.009222244,3.189102,-2.5683832,1.236321,-1.4322566,3.2814324,-1.4703821,1.0263176,-3.3683484,2.291825,87.96292,27.273779,51.82581,31.023888,24.284525,21.818695,22.914886,15.009711,15.41166,16.081636,21.064262,21.867012,20.977285,22.395193,20.297993,17.64035,16.135748,17.844671,16.578089,14.6104965,10.451246,15.721043,13.379842,10.987679,8.481861,8.078469,7.941892,6.3859377,11.072175,15.308254,9.07642,12.630244,9.197456,9.649596,6.1097655,5.870424,6.5105624,7.818954,9.948812,7.1516004,happy,14
-302.7704,25.762466,-53.85793,-11.370905,-20.64501,-38.60943,-8.45356,-35.173706,-10.233845,-14.614089,-11.392295,12.572087,8.926027,24.390034,6.0131598,2.4185002,1.4306318,2.9111407,-6.365929,1.575985,-2.8127408,-1.700176,2.4930568,2.278262,-1.427701,3.4038188,-2.6960177,-1.1191121,-1.5428779,-0.23506856,0.42003277,-1.0909634,-3.4754415,1.2765777,-1.9279705,2.0180852,1.4212213,1.8884994,-3.0321422,2.5899832,92.38015,43.032837,51.481514,28.543842,23.510294,22.324158,24.146555,16.417747,12.790222,14.056959,22.050453,27.963398,23.055677,21.04646,25.150629,23.754028,19.752369,17.581554,14.544328,14.609999,17.18283,15.184049,20.586723,18.304832,12.650732,7.946854,8.204572,10.595534,12.802318,12.392795,10.894941,12.910147,8.898578,8.623279,7.0791316,4.8778706,6.380875,7.864232,9.147364,8.098496,happy,14
-530.31067,77.71568,10.736521,18.802923,-16.224949,-12.613127,-17.472828,-16.127497,-9.652445,-12.731637,-5.685135,-7.1200733,-7.8989644,-3.5531278,-4.9782887,-6.7627716,-6.4756227,-0.7016596,-9.789718,1.4168835,-2.161596,2.99442,1.1849937,1.7999957,-2.3381999,2.5648575,-1.794274,4.256813,-1.3312559,4.705047,-0.95639676,7.895837,2.4199371,8.793788,3.2934415,9.242199,1.1025149,0.6549935,-2.7510352,1.5708135,79.833534,65.324814,31.484615,28.413034,19.578167,21.495068,15.930023,13.47758,12.809916,11.341843,8.260177,8.491338,9.01296,5.652523,8.789399,9.160623,8.529113,6.7638016,6.5405936,9.322948,10.2291765,13.641484,13.442029,9.5467415,10.313374,8.469578,9.0686655,9.22095,12.087182,10.45664,8.193228,8.982927,9.756729,12.129895,13.1355,12.056838,8.5018,7.085445,5.4736314,4.4083767,sad,14
-508.79172,88.53629,2.667074,11.353948,-18.537937,-14.531713,-19.079325,-17.679728,-7.0127125,-15.53972,-10.412331,-11.171747,-11.616869,-4.440976,-5.2365065,-6.380267,-10.437968,-4.3286133,-9.571294,-0.35764733,-6.4286537,-3.5390217,-1.6854852,3.4730098,1.8504382,4.81935,-0.6167572,-0.0015128163,-5.047269,5.502666,5.5751195,14.336525,5.7176385,4.9875245,-2.6287665,1.9764806,-1.8650644,1.0958886,-2.2667792,-0.36366987,83.3258,58.602596,29.28693,28.60518,19.23689,18.500708,16.566154,13.475028,13.377467,11.286497,11.409004,9.084056,9.182096,5.706466,9.455272,7.626308,8.862863,7.387426,7.1837687,10.008502,9.234094,11.188881,11.885101,11.278992,15.031263,14.309042,12.392584,8.8483305,7.9762025,11.118521,13.19613,15.540524,14.028689,13.533236,8.440131,6.648077,6.1630387,6.8345675,7.2083116,6.6479087,sad,14
-512.7381,63.86353,8.195785,7.7109027,-19.862646,-10.443444,-17.09606,-20.25713,-6.346964,-14.611211,-4.9025936,-12.797017,-10.233878,-6.476842,-10.166824,-6.035312,-7.75012,-3.6937757,-11.625428,0.8099985,-7.6214714,-2.4411657,1.4638375,8.0189295,2.5131078,11.8558655,3.0874822,8.60682,0.5986126,6.5355997,2.7870433,6.566471,0.6042938,2.5974655,1.3197438,1.6100631,-0.44320884,0.24279149,-2.365675,0.41778585,66.64167,70.168564,29.689411,34.321167,20.370792,16.687628,16.86022,13.164192,12.349201,12.267941,10.04172,9.002888,9.107392,4.9333043,8.051853,8.374615,7.1412144,6.423007,7.2631907,6.6107492,8.356137,8.034416,11.858592,14.758509,15.77398,15.073634,11.443008,10.983879,10.433848,10.31613,9.266587,9.620279,10.9117775,8.722702,6.959729,6.6043735,5.2613077,7.619529,6.2685957,6.0078106,sad,14
-499.0681,73.5358,13.081283,7.7340403,-18.088507,-10.0527935,-20.37304,-19.878786,-8.1426325,-14.458389,-6.505166,-8.685152,-9.057559,-6.051944,-8.573912,-7.2788596,-7.507673,-3.807138,-13.08894,-2.1342862,-9.639702,-1.38525,-0.82706386,8.402393,2.380998,11.324396,3.0763438,6.28326,0.2464152,5.976924,2.952581,9.990925,6.3882756,5.0979033,0.61977744,2.9657083,0.28260607,3.1558256,1.006186,-0.6136544,76.52803,69.695175,37.674454,29.6862,17.850412,18.141027,17.781721,14.668995,12.738646,10.145991,10.461527,9.709043,8.6074915,5.403758,7.0879908,8.911418,7.638006,7.3650804,6.493686,6.872613,8.395955,8.588653,11.546761,12.274192,13.920402,15.456674,14.768422,12.131951,8.396711,12.426338,13.003074,13.144796,9.561795,9.029891,6.8750024,9.639529,6.6038804,7.1998243,6.208026,5.7847548,sad,14
-453.83054,62.313354,-14.240004,11.69419,-23.656576,-13.078057,-22.530752,-25.300194,-6.715913,-9.896832,-6.2649455,-5.0223074,-11.95173,-5.088543,-9.051801,-11.114643,-6.3605967,-0.08345995,-2.7529786,3.7305543,-0.6848307,-0.6769951,2.2123368,6.2646236,4.2452636,10.877459,4.314706,3.316994,-3.3413773,-1.6206814,-6.0460515,0.24975821,-4.68547,2.103711,-1.3570099,1.9997243,-0.45179248,-0.46357542,-2.673397,-1.2542094,66.84215,64.49259,34.66411,27.642687,21.625965,25.81365,16.020266,16.130478,15.230624,11.222298,13.025175,12.420979,11.930425,9.554291,9.039598,7.5931726,8.327974,9.9803,15.390848,15.672921,9.678415,8.352008,8.869444,13.114253,12.496802,12.892251,12.923144,12.302786,9.620212,6.4937105,7.5658345,7.3024206,6.3481436,6.768537,6.3196187,5.9145265,5.3070183,7.3527594,6.5478325,5.388477,sad,14
-482.04636,77.825615,-15.406058,16.461857,-18.55892,-15.220217,-19.712587,-21.389923,-8.500313,-3.1663582,-10.228058,-0.7874803,-8.646529,-2.614544,-4.0443316,-10.640523,-7.001053,0.12685084,-7.386827,2.5507681,3.2722409,2.561853,4.168051,4.9828725,2.3560832,5.7690005,-0.6947754,3.900564,-2.3787022,3.8696547,1.2913094,6.319309,2.45639,3.441335,-0.7539705,1.3567213,-2.9994817,-1.2871953,-0.5407713,2.1023688,80.212585,64.46967,31.750097,27.494352,21.069092,24.461065,18.511112,16.916243,13.327193,11.130021,11.122211,12.626292,11.072851,8.424697,7.69007,9.894817,9.698211,7.2687426,9.253869,9.544039,7.816983,9.310102,10.38464,9.619659,8.053086,8.462325,9.005768,8.625837,6.207649,9.589079,12.184353,12.512083,10.554799,7.4049454,5.970872,4.5854416,4.8374,5.0338416,4.269248,4.779011,sad,14
-446.1557,72.82143,-15.755077,6.8248696,-27.635517,-19.522165,-24.619486,-28.311937,-10.79324,-14.493844,-13.84785,-3.9663293,-14.581678,-8.120694,-8.344151,-9.813542,-10.656407,-3.4210787,-9.036896,-0.14086835,1.3885372,5.2966905,8.436453,11.082722,12.881232,15.323383,8.341335,6.8393817,-2.0253024,1.9530225,-1.5515622,3.1936505,-2.0023246,1.4316736,-1.631236,2.8977394,-3.5187025,0.545222,-1.287448,1.9508324,62.58283,63.324158,39.783913,30.788996,26.565247,24.33739,16.76113,18.354734,12.726839,11.598672,9.685903,9.524412,13.378504,8.020652,8.429127,8.143495,10.901991,7.3546667,12.756382,14.282305,13.268231,14.534846,13.345215,15.484927,16.608475,13.593188,12.219108,11.717558,9.189781,7.249981,7.786842,6.7588053,8.637048,6.1947036,6.476566,5.0191374,6.8102207,7.2081923,6.3473973,4.8770056,sad,14
-420.5034,63.164825,-30.568491,7.949288,-24.555063,-28.610395,-15.876462,-37.484573,-6.7514133,-10.727367,-21.40167,3.0189512,-21.71138,-6.894933,-10.94828,-14.4959345,-6.2653184,-2.2954888,-4.1351924,5.7264657,10.376127,11.425518,15.452977,10.835051,5.551342,0.7659693,-1.4745249,1.2788405,-4.926523,2.7392902,-4.9978237,-0.6228191,-5.199781,2.8518171,-0.24707097,2.3705907,-3.1063643,0.32806233,-1.9578781,0.3851154,64.44856,64.07145,42.27035,33.056465,28.405985,26.72858,20.494658,20.661715,11.991347,7.9848075,11.678701,13.375685,14.024068,7.20225,8.822162,9.880719,12.679329,9.480051,16.665222,15.757726,18.568678,16.653675,18.728191,19.240402,14.485603,12.845041,13.049225,9.95349,8.986005,9.084376,7.47278,11.247845,8.591681,9.384712,8.497304,7.319983,7.09538,7.6113214,5.7360134,11.21838,sad,14
-396.79782,54.27139,-15.539552,6.9989047,-26.83803,-14.811005,-14.50898,-19.695843,-8.779294,-15.44101,-13.540587,-13.256743,-11.998251,-2.864177,-4.686024,0.74311256,-0.94693565,-0.5270533,-3.3517177,4.7182317,2.4918761,6.210886,0.27593142,-0.14519417,-5.9897137,2.6263666,0.0005799688,1.1334292,-2.8943195,7.654151,4.0086246,0.22162008,-2.8889751,4.0988274,1.346665,4.7778273,0.5078189,2.5699058,-3.1375518,-0.32493922,87.581314,58.01054,36.983467,36.45818,21.679287,23.412268,18.198177,16.759802,14.078167,12.780343,11.689972,10.977571,11.135199,9.622393,14.726814,18.914707,13.101168,10.511423,13.702707,13.168166,16.514673,11.532426,8.813381,12.478126,9.363858,8.883532,7.3768454,7.3891134,10.206685,10.599973,11.022905,10.006256,12.690972,8.376653,8.174351,8.096754,4.9194345,5.1133375,8.316128,6.5340962,angry,14
-375.38397,61.49793,-20.776428,8.271759,-27.923445,-21.983347,-8.533452,-20.46584,-10.137839,-10.430476,-6.4999337,-10.000276,-7.1875668,-4.8121853,-7.385665,-3.7407827,0.48327023,3.726441,-0.1403207,7.020546,4.2289,5.317983,0.58987033,5.357849,2.9658809,9.295516,6.8391113,5.3042383,-2.6532404,1.9552754,-1.3745328,-1.1667291,-2.5588818,1.5491542,2.1093373,3.7428498,-0.8451481,2.7742357,-1.1803102,0.8661392,74.49125,58.58637,32.3954,31.845488,16.74328,26.14068,20.884916,15.396455,11.389554,11.479674,12.316262,11.523639,10.915279,9.4751625,13.248694,18.803747,16.280184,14.656209,21.981016,14.250782,15.042028,11.23585,9.655061,13.608302,14.918877,13.656256,13.77091,14.934452,13.627588,7.2155585,9.605824,7.943348,7.282452,9.131824,7.6688657,5.055914,7.54129,7.8570366,6.74429,6.907171,angry,14
-372.0906,54.58339,-23.260141,8.388233,-31.29244,-24.772263,-12.330572,-29.687073,-12.019692,-14.482239,-7.434896,-11.435065,-14.82715,-7.8476887,-14.64847,-7.9782257,-0.8739311,3.8711886,-2.9219062,2.3933847,-4.777769,0.6817203,0.012332599,7.65344,3.4485424,5.365937,5.2065597,4.767279,0.8297347,-1.4441077,-5.68737,2.2081995,2.2000203,1.5424608,0.3872461,1.7445093,-3.053752,0.07105557,-5.271986,-0.048087683,77.4835,67.0069,43.912804,34.310078,28.197971,23.263084,17.385643,14.943452,12.155004,13.443282,10.049613,13.066408,8.883184,9.353415,7.7111187,12.845555,16.427286,19.10272,20.98454,13.507652,13.9225645,13.520973,10.886601,12.434565,15.444511,15.031039,16.051037,13.374364,12.1830635,13.267773,12.4253435,8.639697,7.923282,10.438238,7.3221145,5.71523,6.040855,6.1897745,9.218866,6.3645687,angry,14
-375.66898,51.515137,-26.280758,-5.2664547,-29.373241,-23.006235,-13.877467,-27.833454,-15.705683,-11.502037,-11.280093,-15.199234,-9.019292,-2.0304909,0.111618616,4.460233,1.8662643,3.6049428,-0.07264481,5.9655366,3.8049827,5.1385903,-0.9759884,4.417941,-1.6213919,1.5732995,-1.74421,0.3009394,-2.031336,1.0082245,-4.8657546,-0.31454015,-2.06519,2.91122,1.18038,1.9484742,-0.15464917,1.6884701,-4.727636,1.8531523,76.40082,71.719444,41.507893,31.513456,27.51959,25.16277,16.652668,16.754269,11.919029,13.305632,8.576252,13.130299,10.915289,21.000895,21.82809,21.080782,18.354095,18.004179,14.938705,15.151784,13.575731,12.273356,12.074381,14.019181,8.673785,8.224218,8.024734,9.981617,8.003419,7.2006106,11.182318,8.802032,9.322262,9.2934065,6.961096,6.533362,5.6615977,6.952009,8.7945795,6.2529373,angry,14
-212.77893,58.634026,-60.323925,-10.175743,-39.34439,-28.354235,-7.452147,-25.320564,-10.860807,-7.8324933,-11.010371,4.37727,-5.461368,13.91133,4.098099,2.6949933,0.9128372,-5.7459273,-9.190794,-0.16780427,-0.9231316,-5.6705394,-6.1395617,-3.6282916,-4.17568,-0.9959617,0.49735513,-0.32683215,1.4469942,1.8061699,-3.698494,0.13058172,-1.4869007,0.7002386,-1.6451541,1.6812092,-1.2485946,-0.81071424,-2.5328922,3.6758444,106.18684,47.44216,37.199585,34.97077,25.570395,22.416164,23.353458,15.318874,14.832964,15.413992,11.210571,13.07148,12.046086,15.801117,16.80229,12.156078,12.247442,12.218907,10.807608,8.191143,7.8807755,9.161714,9.051836,8.853321,7.46788,7.9591537,7.823258,5.990909,9.286146,9.773596,8.618107,6.194636,6.1653414,5.080209,6.3210263,5.191662,5.173482,5.6014266,7.842031,5.1286254,angry,14
-253.42676,49.87246,-57.321564,-12.498518,-40.132393,-29.408445,-6.745777,-28.111597,-6.4162555,-5.2121406,-7.404709,8.104963,-5.368323,12.678341,0.38669044,3.6180768,-1.5301841,0.066880465,-4.159254,1.8372306,-2.556064,-2.7549539,-4.6837845,0.6969955,-3.1408877,0.7101321,0.83404076,-3.3738391,-0.33697227,2.92311,-3.1082828,-2.760026,-2.6097252,2.8342369,0.7594992,2.9328723,0.6136957,0.61299115,-2.4236176,2.3743217,91.365524,52.51165,40.64126,29.14244,21.705725,27.173828,18.63483,19.206968,16.777756,21.382616,19.749523,15.585253,17.686857,21.876715,16.480232,15.231881,12.585362,11.529401,12.436743,12.088195,10.295584,9.125056,10.850155,8.955347,7.817697,7.993072,7.329963,7.4280562,7.856368,7.8265896,7.309373,7.1543407,5.731169,5.884848,5.442072,4.3952937,6.019612,7.057376,7.4185762,7.150547,angry,14
-233.66324,35.842045,-63.977154,-20.954796,-42.393135,-31.925032,-7.20566,-35.89095,-6.844505,-5.6398287,-1.5575638,10.508356,-3.635939,11.326844,-7.384451,4.5951276,3.6424778,5.518589,-2.3976204,0.87212306,1.0349267,-0.1022526,0.024305344,-0.034112483,-6.388126,-0.74868107,1.5030067,-2.640424,-3.7484517,4.386763,1.5771729,-0.2164642,-6.795619,-1.2229698,0.5531071,3.4001784,0.7889645,-1.1612457,-1.5688263,2.1637218,95.25505,42.374004,45.903297,28.222332,30.094536,23.659369,22.270103,16.214521,10.998612,18.947834,19.376534,21.44555,19.037657,21.225227,20.97597,19.16912,16.525244,17.15301,13.336686,11.479025,11.518135,10.494845,10.654571,11.522701,8.667002,6.842802,8.4759445,7.4701314,8.362283,8.996618,10.084064,8.413663,8.52463,6.405433,5.3344445,4.536317,6.0383296,8.288603,6.4390945,9.157546,angry,14
-260.34583,43.416508,-41.932655,-9.998072,-40.05751,-23.396118,-6.4153743,-33.966858,-9.587117,-12.606886,-11.703861,-2.6523845,-10.932842,7.4201584,-0.043221418,6.577007,6.484929,2.7161386,-8.892691,-0.9559916,0.58873487,1.2580967,0.2855318,-1.1751387,-6.983352,-1.8694724,-1.3815889,-3.8632832,-4.30547,2.0734081,2.1678355,1.8172761,-3.675441,1.6340789,-1.7456489,0.84001046,-1.0601509,2.6120765,-4.0527315,-0.591544,104.8652,60.7416,45.98232,30.883213,29.288383,23.729025,21.971703,17.69093,12.015081,15.00242,12.239392,16.33545,17.995337,18.030092,17.487827,19.081318,16.380589,14.067376,11.893102,8.05466,7.6257057,9.722362,9.978214,11.9797945,10.871115,6.3225517,6.1479535,6.158572,8.598386,7.593422,9.695371,9.753727,7.4390783,5.9769173,5.02496,6.0726395,6.612853,5.775579,7.946702,6.1197915,angry,14
-424.67377,132.92,-20.79785,14.067748,10.33137,-15.728787,-4.435126,-8.949649,-14.603804,-6.959579,-8.145929,-4.330755,-7.5427785,-2.2791383,-5.3017745,-3.923089,-4.2565227,-11.648364,-0.9516329,-1.655723,-10.866333,0.2973499,-8.992796,-3.6193047,-9.141564,-0.06575728,-6.687194,-0.845478,-4.1042447,0.55540055,-3.1377401,-0.71534663,-2.8963764,-1.7390691,-4.4938126,0.2731045,-4.542817,1.8842833,-2.1939776,1.3484634,71.4078,57.585766,31.995695,29.86206,16.491207,24.970253,12.603768,19.330957,14.953991,9.736677,13.39441,9.451723,9.11361,5.8727345,9.587055,6.130641,6.8600345,7.794184,7.5890856,8.712817,7.3319364,5.377014,6.1811233,4.2737145,4.798319,4.268941,3.7346675,6.1496973,4.5495963,5.40849,4.580022,4.7148376,3.0470808,4.8886,5.593184,4.8941417,5.5940046,6.4611397,10.113259,9.915541,neutral,15
-439.0042,132.14503,-22.278635,19.75323,8.76513,-16.271185,-0.41778553,-5.5734334,-14.051632,-8.932981,-7.6660514,-3.2936115,-5.9286046,-2.1936367,-1.8049463,-3.32257,-5.050604,-8.500095,1.0083723,-2.7460158,-10.865841,1.1177922,-8.038812,-1.8005402,-9.0407915,-0.7746988,-6.857137,-0.0565364,-3.3255074,0.031722207,-0.031084672,-1.5113496,-2.7420697,-0.59511226,-4.542904,0.3771351,-4.0538716,-0.13410425,-4.83535,-1.5532674,71.36113,52.680325,30.711895,30.871058,19.942167,24.856573,18.122704,16.461851,12.46959,10.885828,13.7234125,11.635041,9.115829,7.453741,7.07409,5.27142,7.1680436,8.022041,6.28916,7.897801,7.075965,6.84062,5.099293,5.0338035,3.598707,6.429554,5.566353,5.542218,3.4324865,4.824885,4.2732973,4.4652643,3.834146,4.3274307,4.374879,3.132937,3.2610328,3.3871891,5.1935267,3.9564111,neutral,15
-421.9853,133.59567,-20.819506,11.053267,10.45233,-11.612076,-5.6916595,-9.128445,-13.27346,-9.560411,-6.61563,-0.09212148,-4.8783765,-2.8922646,-2.307928,-5.216656,-7.0743,-7.7612667,-0.55819565,-4.657677,-8.707052,-0.0991373,-9.611773,-2.7691743,-10.392966,-0.6806972,-7.878403,0.14674398,-3.9833694,0.036627114,-2.8351333,-2.0887003,-3.0356498,-2.2653594,-4.409609,0.703498,-4.0758853,1.7572827,-3.5173666,0.91784084,78.866196,64.89079,35.67559,26.968803,20.50356,22.287628,12.268603,17.496855,12.264638,11.687575,14.394117,9.589333,11.449398,6.031153,8.0403185,6.444399,6.465369,7.634447,7.2130337,7.7621813,6.6105776,6.575577,5.0150485,4.889364,3.9852436,4.927345,4.721194,4.9962983,2.9848013,4.5380936,4.2562838,4.5513434,4.245446,4.582616,3.463125,3.5540972,4.309165,4.51053,5.960404,5.8787656,neutral,15
-428.44043,125.97727,-16.900064,14.135789,7.8303204,-15.911951,-1.899108,-13.31701,-15.163402,-6.2252464,-9.31746,-2.4975307,-4.1830134,-5.5954447,-0.32166746,-5.6178913,-5.4374385,-6.854649,0.2614005,-5.1777678,-10.0517,0.58491546,-9.325162,-3.1666322,-8.71111,1.2630588,-6.247908,0.1572906,-3.8524861,0.2625991,-2.068398,-2.0794096,-5.1485133,-1.7292804,-4.1101685,-0.67180675,-5.4277306,0.7919357,-5.5323763,0.14526416,77.35652,65.21004,36.5055,26.751339,21.584305,23.549852,15.637805,18.361708,12.805608,11.333253,14.304537,10.061683,10.519031,7.3668466,7.8897095,6.0935674,5.320245,9.559783,6.7225456,7.285715,6.5146422,6.234528,4.8896914,4.7565417,4.6973534,4.627126,5.248222,6.075416,3.5978808,3.2725382,3.8017516,5.4382567,3.1404831,5.0337787,3.8807142,3.6537325,4.482148,4.190648,5.5901394,4.60017,neutral,15
-404.85416,141.03453,-36.369762,21.538567,15.01444,-20.182034,-7.2155347,-6.185129,-21.674591,-4.550153,-4.431409,-5.1879606,-6.659638,-4.7369747,-6.225291,-5.3891807,-5.1020575,-12.616868,0.77550876,-2.473665,-8.64263,-1.8311738,-6.775624,-3.6728327,-7.1115847,-0.09209659,-6.0066,0.35914,-5.5928035,1.2512542,-3.498053,-0.60754627,-2.4567213,-3.0566072,-5.923034,0.106894106,-4.018631,-0.88217336,-1.0417521,-1.7436905,69.15378,49.024197,32.132637,24.841768,26.82304,22.126667,17.370392,17.750977,16.226671,8.789797,15.752969,12.712755,8.2891865,7.443127,9.221197,7.18953,8.28215,7.7186933,8.046994,4.709642,5.899079,5.0874505,4.8699026,5.9102664,4.570131,4.4139853,3.4527457,4.544422,4.9578004,5.720036,4.287579,3.4923215,4.1696005,4.4969473,2.9946942,5.077818,4.319631,4.6769295,5.4514065,7.4740944,happy,15
-518.6695,101.242874,-13.8114195,16.674938,13.201437,-8.508085,0.64371115,-2.8258796,-10.726767,-0.89469075,-2.333588,1.7051634,-2.0791721,-2.5719044,0.25931248,-1.5650051,-1.0207096,-7.395432,2.9063678,0.8075076,-6.0534244,0.6051534,-3.7826328,0.8066977,-4.2675095,1.1963123,-4.517752,-0.27952272,-2.8932705,1.043255,-2.883835,-0.28131828,-0.87553406,0.09040943,-2.2579541,0.7680465,-1.2986169,0.8508592,-2.1907108,-1.1120172,170.71474,59.195126,37.076714,19.34143,16.801031,24.002663,14.030021,13.761552,17.173931,10.765057,13.135172,9.587112,9.269033,10.308889,8.979256,8.128841,8.827762,13.028313,6.4554024,6.0453305,9.256707,5.828436,7.498753,6.31243,7.6512256,4.463394,6.442743,4.0447454,5.423587,4.6582747,5.705166,4.2355003,5.1117253,3.511905,5.290278,3.8205483,4.6594057,4.0662823,4.9033694,4.6003437,happy,15
-437.01257,124.276855,-27.471628,20.226336,16.84925,-10.5423355,-8.0023575,-8.011882,-12.266141,-8.525878,-3.9797242,-0.6485645,-6.306818,-5.268616,-4.343212,-5.790759,-4.198206,-9.45813,-0.6365416,-6.453117,-7.7677226,-5.0618076,-8.445119,-1.6297854,-9.848788,1.0988649,-7.101651,0.89390427,-3.8613749,4.4731417,0.68032485,3.1204808,0.6641636,0.9034096,-2.6688228,1.2798736,-1.7559797,-1.1613806,-2.3086889,-3.8455622,125.68211,62.56386,47.051514,22.398563,20.006304,23.323643,14.4028,15.939644,13.187005,9.896185,13.555257,12.065895,7.1612625,8.008192,7.483544,6.580329,6.9808483,8.914506,8.440918,6.429053,5.31294,4.0444326,5.849712,5.443523,5.0321493,4.552464,6.008873,6.1308393,6.4286532,7.601656,10.08182,10.417186,9.724494,7.406551,6.282749,4.371723,5.0438533,3.7729776,4.7182193,5.3970385,happy,15
-370.18738,123.59955,-33.12858,18.013287,20.762842,-15.248595,-9.215614,-3.5274413,-17.076363,-6.432835,-4.6791644,0.7137791,-4.900566,-3.4696288,0.28333575,-6.325727,-0.87513953,-8.001822,-0.25073376,-4.198277,-6.3899903,-3.0055845,-6.168739,-0.86727417,-8.146066,1.3348227,-4.807103,0.8437807,-3.654882,2.954166,-1.3954322,0.12117017,-2.365361,-0.46701482,-4.4539905,-0.046496477,-2.4202983,-0.660633,-0.6616696,-1.9703447,76.334785,61.14751,37.56689,25.915829,20.08373,23.848576,11.859748,18.370073,13.602992,10.606809,15.733478,11.792891,8.105948,7.736259,6.519153,7.7749624,7.0429325,9.944441,8.602115,6.375782,4.862641,5.1850734,5.390639,4.409297,5.0371547,6.4892707,5.2856517,4.816776,4.1836267,4.0758667,4.182813,4.906306,4.415857,3.943304,4.1240687,4.118031,3.8919644,4.580853,5.7203417,6.6253324,happy,15
-362.75183,92.55859,-20.38111,21.982687,13.3551035,-10.584003,-2.1884975,1.8860974,-14.122916,5.9753757,-5.3365197,-0.8805562,-0.17376755,-1.5634891,0.646419,1.744726,-2.2612407,-3.7039974,2.6004286,0.05723372,-7.8606715,5.1036305,-1.8908734,-1.1315161,-3.4927022,0.40093294,-4.8191595,1.7269783,-4.4570303,4.4488635,1.7696055,9.703304,11.370156,14.767864,13.250408,14.057474,4.606789,7.4054356,2.9100215,4.0910387,132.00568,41.820515,32.10374,26.077051,25.83761,23.648226,16.939022,17.699144,19.770203,11.819918,13.14344,10.847358,8.866658,10.937988,9.35739,6.792254,7.7941093,7.9099665,6.6023297,6.347898,9.396995,5.5725026,7.1476173,5.5606756,6.7259974,6.1184382,7.835457,6.674318,8.051877,10.452507,11.789127,12.386268,14.095333,14.423171,14.215555,12.1525,9.299546,7.1438923,6.536585,7.0340977,happy,15
-322.60843,121.746925,-40.03466,23.508503,18.234156,-19.749903,-5.329265,-2.3013604,-21.203928,-0.2794864,-2.031829,-0.8427165,-3.5045772,-2.5005167,-2.7894342,-5.193342,-1.9397509,-9.172129,-0.04831822,-1.5176352,-6.776145,-0.04927314,-5.431321,0.5222312,-5.9479146,2.135683,-5.6914153,2.0855525,-4.562858,3.8156824,-3.5098488,-1.6451765,-1.3958507,-0.53793854,-2.7706935,4.8284917,2.8024383,3.4097755,2.3453765,-1.8683016,73.30877,50.103317,30.159412,25.775269,22.808186,24.435236,19.443644,18.018486,15.304187,11.442934,14.0009775,12.912687,10.15411,7.7724423,12.202909,7.7106857,9.182791,8.320188,6.724248,7.741294,5.536728,6.15515,4.270183,6.832679,5.3690643,5.4037204,4.9072227,5.160468,4.815405,7.8010645,5.233735,6.3151684,7.0689435,4.6305084,5.4472857,8.383262,9.785616,11.476702,7.7485423,5.8043213,happy,15
-325.91205,98.91028,-31.637064,15.890949,12.74988,-18.90673,-7.154469,-4.253586,-18.962557,-1.1507174,-5.324917,0.14023915,-2.6057029,-4.2186866,1.0687197,-4.480607,-3.7332785,-9.538956,-2.4396665,-1.7743334,-8.155099,2.7721717,-6.0284767,-3.9342685,-7.444398,-1.1380564,-6.7590914,0.034263913,-7.101005,0.57773525,-2.630081,1.0828679,2.004557,2.3671284,2.267867,6.848236,2.31936,5.2551627,3.2570965,2.5134845,86.05654,66.84679,44.986694,27.543985,22.016191,27.39453,14.143153,18.666636,17.906294,12.94097,16.316189,10.937295,10.090306,10.748803,9.483401,6.31114,7.8603206,11.4478245,6.272958,7.1332555,6.272838,6.7649097,4.5612845,6.3226447,6.291871,5.4432635,5.696197,4.586103,5.0442424,6.900557,6.5119267,8.315325,10.163326,9.706643,11.402127,10.270973,10.308618,9.590937,7.933863,8.943241,happy,15
-315.46466,110.33072,-43.661324,23.597769,13.544178,-21.620893,-10.087849,-8.591525,-22.769854,-1.3443313,-2.82031,-2.7268133,-6.535458,-6.4057612,-4.2519646,-7.638383,-3.1673331,-12.2111635,-2.674486,-2.3218744,-10.83757,0.4070517,-5.466045,-1.1902274,-10.867116,0.69026005,-7.445764,0.042691547,-6.7249713,2.4167213,-3.960737,-2.6327443,-2.3855057,-1.7468818,-6.0047307,1.7864544,-1.3199233,-0.24238755,0.2897533,-1.182612,80.491135,57.547043,43.235497,20.543543,23.409292,22.433706,14.47877,14.815179,17.17121,10.615482,11.136697,10.4829855,9.400484,7.3922143,9.487805,5.822379,10.004938,10.348591,6.0562387,6.240281,4.9855785,5.3600535,5.007127,5.1021276,6.1217966,5.8271832,4.4784703,4.892628,4.760901,5.944948,5.147949,4.2735896,3.5292327,4.7099285,5.1835165,4.8248644,6.405655,9.029137,10.115108,10.853191,happy,15
-512.09705,92.482864,-9.11467,18.087376,13.841634,-11.747061,1.0871118,-5.5614676,-7.803653,-2.2645254,-5.3123894,-2.167993,-3.6273532,-3.836413,-1.6882746,-1.7602941,-2.8839014,-5.6818924,-0.219517,-0.12370193,-5.417705,0.049505837,-3.5679586,1.553331,-2.8898196,4.3955255,-1.256614,5.364028,-0.88232696,1.8346152,-0.100671045,0.06487161,-1.0806376,-0.62936777,-1.9438787,0.7802847,-1.6947588,-0.0188165,-2.9358523,-2.7139575,181.67973,59.10129,31.186934,24.773037,19.455336,24.039413,13.066783,15.166088,14.6084175,10.729302,12.566451,9.5941105,10.004356,7.5258346,9.376357,6.162539,8.150721,9.077459,6.786793,6.9267488,8.6006975,5.70516,7.4612885,8.000541,11.875813,10.263108,11.042354,6.552338,6.3749175,5.4643354,4.4342694,4.9159107,4.2984157,4.07105,3.9266772,4.237168,3.6785407,4.72556,4.317668,4.243546,sad,15
-430.06308,124.42518,-18.097336,15.809681,17.267246,-16.985516,2.5405405,-14.885094,-14.699521,-1.3249333,-11.1603985,2.828086,-6.504049,-7.243632,-0.8389081,-6.7829943,-3.6635973,-10.627776,-0.91520804,-3.7986917,-8.0969,-1.235804,-7.458614,-2.1399372,-9.45679,2.622047,-10.016078,3.2574384,-7.1140623,0.96912336,-2.2668564,-1.8057585,-2.0880842,-0.16567977,-4.2014155,0.8749456,-2.901049,-0.49568447,-2.9078615,-2.9712353,71.27231,38.919617,26.754568,30.68231,19.042934,19.484858,14.289395,15.663521,12.172427,14.782274,14.531662,9.293283,9.240392,6.105562,6.979314,8.071394,8.348118,7.288946,7.0569267,7.890888,6.500162,7.671196,4.781843,5.8676963,4.2224197,5.7173395,5.7228236,6.993303,4.749776,5.2215285,2.6285398,4.0331054,3.4773278,3.203852,4.9999914,4.539376,4.524101,4.0102954,3.9426775,4.110548,sad,15
-402.5143,118.80343,-24.754456,16.108164,17.427464,-12.479687,-7.2431245,-10.740825,-12.808689,-5.8784266,-6.2061353,0.17630044,-1.751124,-5.8432903,-1.196873,-4.132728,-6.3116455,-8.8287525,-2.6317677,-2.7946742,-6.772078,-1.4418932,-5.87272,-0.46321476,-10.417029,1.312883,-10.368291,1.364598,-5.888731,2.1133704,-2.0721633,-1.2731206,-2.107967,-2.383246,-4.0933137,-1.2048016,-3.6452696,-1.7043401,-3.7085454,-2.9158332,73.55854,62.99791,30.446987,28.640837,18.95987,24.858915,13.235822,13.978986,13.749828,13.610408,17.511353,9.06102,10.792906,8.018979,9.5942335,5.3952923,7.6213717,8.286942,9.240396,7.9381266,5.816286,5.4928255,5.0638456,6.2841325,4.5508,5.083829,6.0891776,6.38301,5.6487355,5.6215973,5.9506774,3.5919812,4.1713347,3.2052534,3.0748508,4.841169,3.5197172,4.0092816,4.877311,3.8237984,sad,15
-515.08014,101.521835,-8.822165,18.01092,16.318668,-7.3187532,-1.8475035,-11.368608,-9.372392,-1.2889593,-7.601372,-7.7955713,-6.620745,-5.1769423,-3.913691,-2.60913,-1.8220807,-8.937772,0.06745402,-4.044144,-7.0754175,-2.0346422,-2.1993346,3.2360613,-0.32475606,5.9565506,-2.870073,4.477498,-3.228384,1.2796893,-0.32734427,2.3728182,-0.8909988,0.60714763,-4.2520275,-0.19810286,-3.0351787,-1.1910801,-4.8472967,-2.6908193,174.58461,64.34425,35.338943,22.065891,17.405754,21.284906,12.841211,16.0921,13.656191,10.896033,13.84038,8.407183,11.174975,8.845404,8.719678,6.479247,8.610646,8.736943,6.4172173,8.581059,7.2397556,6.254306,9.834457,10.528192,14.121773,14.054189,14.700796,7.637769,6.0949397,4.1836543,5.2591453,5.1118894,5.024494,3.5703063,3.3024497,4.1477194,3.4847224,3.1190553,3.5394974,3.7137494,sad,15
-448.1498,107.09541,-9.115755,19.720499,17.938005,-6.241149,-0.21062541,-5.231517,-8.729887,-0.35105768,-4.7626762,4.6931686,-0.41069186,-3.9771945,0.621805,-3.2482774,-3.056215,-4.560971,2.4959412,1.1788174,-8.592089,3.5594015,-4.9649496,0.52522,-3.3554912,0.22449309,-4.6063995,2.362286,-4.5270667,2.5605855,-0.38953078,-0.10213874,0.07336286,-2.3109355,-0.65994644,2.1874213,1.1802701,0.21198797,-0.61264455,-1.8749232,102.50917,41.026077,26.970222,28.951149,17.711567,21.16959,15.238074,16.549643,18.114859,12.926266,15.092225,14.069451,9.757596,10.712488,9.016079,9.6366625,8.545326,12.586182,8.554847,7.2545705,9.170449,6.600125,7.4291124,6.89144,6.8836384,5.319195,6.8163238,5.2884107,7.157146,5.3716116,6.650193,6.4758897,4.153964,4.692287,4.480828,4.4381866,4.2694173,5.918059,4.5456986,4.4551215,sad,15
-457.4193,99.53595,-6.4813323,13.23511,16.887848,-2.0898004,0.31077537,-1.9705383,-7.5348053,3.4127903,-2.7690513,2.4992363,0.39249143,-3.2480762,3.0442173,0.51927894,-0.74935824,-3.5128753,-0.2560014,2.961618,-5.8076653,2.4635358,-3.3541224,0.40673548,-1.6581062,0.35849375,-3.8702004,1.7171701,-2.6331055,1.1996303,0.16542731,1.541371,-0.09989941,-1.5226932,-1.4773543,2.430369,-0.045571603,-0.52683926,-1.4154272,-0.05791354,123.60742,46.410538,28.87227,21.83832,18.030348,22.689934,14.884192,19.196533,20.192976,13.604596,13.751182,12.806668,12.3024435,11.144223,10.3711,8.299487,10.749619,11.93259,9.952535,7.308094,9.710057,5.053225,7.872139,6.366157,6.943151,6.678582,7.9434233,4.554162,7.422983,5.7870045,5.7578974,5.741143,4.7957025,5.3463845,6.05466,4.8072686,5.9561286,5.6696024,4.9697814,6.699587,sad,15
-383.4041,102.71388,-29.741241,17.835337,15.325399,-19.906446,-6.5622993,-11.909793,-20.780327,-3.1028254,-14.033917,-7.9348235,-5.177522,-9.316056,-3.3794494,-3.14516,-6.3330865,-10.911143,-5.161401,-3.6459303,-12.788895,-4.114629,-6.2911158,-2.2137852,-7.9911237,-0.004710169,-7.689742,1.275114,-5.170959,0.7368404,-4.1308923,0.23420262,-5.1948295,-3.4180448,-3.8610084,-1.5865504,-2.820855,-2.8009427,-4.424614,-1.1780277,67.451195,73.71633,38.839096,28.16925,17.75279,27.275867,15.558024,18.352108,14.712804,11.780115,15.209012,7.6863117,12.206331,6.963325,7.9273443,6.946645,9.309594,6.792114,8.203157,7.2296352,6.804181,4.069554,6.5912595,5.9908767,4.7429223,6.393244,5.8415146,5.743206,4.921968,4.7904983,4.5935764,3.3520572,4.251595,4.527467,3.9367037,4.2678704,5.76915,4.329057,5.3195233,5.8346753,sad,15
-503.60242,92.70377,-6.031448,17.77098,19.740885,-0.77036,-1.0834379,-3.409434,-6.377112,1.8757238,-4.2284245,-1.8744069,-2.207761,-0.8458028,2.29074,1.5595794,-0.36736885,-3.9074314,-1.3773302,0.88164043,-7.1231866,-0.76198053,-1.74169,-1.1941527,-3.6667385,1.1523222,-4.5626464,2.7337348,-1.6440063,2.7413578,-0.34162655,1.6334734,-1.686155,-1.3288138,-0.78776735,0.8013849,-0.082093395,0.33376908,-0.7364135,0.52394587,171.33075,56.86438,36.0246,24.689247,18.257875,24.294098,16.290522,18.958153,19.694845,15.044134,14.57409,12.774501,13.096175,11.32309,11.623372,9.964173,10.444801,11.392001,9.213629,7.8928905,11.085009,7.1752996,8.538894,7.260977,8.885258,5.7466683,9.695964,4.463738,6.2663474,4.7757173,6.186071,6.087202,7.0978637,5.1595864,5.2288814,5.87129,4.61079,4.5893555,6.4116287,6.2907147,sad,15
-342.4514,106.93143,-21.648882,17.376223,8.462574,-21.207273,1.1585907,-2.7004359,-18.713129,-3.6257584,-7.963612,-2.424639,-6.733,-4.98745,-0.47392687,-0.39160806,-6.898399,-4.325422,-4.0678854,-3.2451167,-7.4058614,0.6740454,-6.8693833,-3.3074932,-4.623058,-0.8337213,-6.599543,0.77490723,-4.2168884,-0.14890574,-0.5004133,7.1300626,3.0656233,4.7307205,1.0369227,0.11938649,-1.2742113,2.3513331,3.6228898,7.2676606,71.65217,52.501007,29.952414,31.456123,20.806957,26.621,20.05682,18.681417,13.533023,10.640453,15.626746,10.420682,9.065131,7.843318,11.172184,9.175601,7.463983,8.472152,7.281534,7.5851593,5.99818,6.8077836,5.3658104,5.4808326,4.9143558,6.1183586,6.9797816,5.6066337,6.0614367,4.5252433,7.1664586,10.843571,9.6825905,10.899029,9.715019,7.02989,6.8215895,7.0073543,9.055182,12.667154,angry,15
-306.84973,98.72974,-24.599962,9.641707,1.6797891,-25.033346,-0.7479248,-4.9662848,-16.75233,-2.5373619,-13.079493,-3.1419375,-3.6713762,-6.9957557,-3.3924997,-6.196003,-10.621609,-4.7009854,-6.4562645,-6.721508,-11.315533,0.999355,-8.5764,-4.4974904,-3.849544,-0.5922496,-7.0519333,2.166579,-3.1629488,2.951436,2.0892086,6.9401093,2.5645685,4.252268,4.3819623,5.918216,3.2983618,6.084857,4.000791,5.99972,75.20344,54.420086,30.166716,35.778683,24.175304,26.912672,15.5645485,18.90482,12.49742,14.242479,14.671541,8.514691,8.9815645,9.0027275,12.415402,6.000524,6.3382554,7.8113933,8.692852,8.616368,8.357251,6.82176,5.7336297,8.523013,6.453878,10.4112835,10.640098,11.220072,10.709512,9.791986,11.967931,9.340726,10.113727,12.1550045,11.751992,11.391134,9.664162,9.077872,10.00007,12.058409,angry,15
-436.22302,89.68868,-14.09415,13.340011,15.9080305,-12.431378,2.5525405,-1.8904378,-9.201854,-2.9067833,-5.9102006,-0.4398931,-1.3075852,-3.332179,3.6282198,-3.7376497,-5.263264,-2.1647518,-4.068388,-2.3631608,-5.473918,3.1813333,-7.37753,-0.57610404,-3.3275633,0.2956373,-1.3426623,1.7225513,-2.1089962,2.4392855,-0.7824643,0.9948199,-0.223947,1.6019548,1.4933504,2.9508607,0.52421534,2.838831,1.644073,0.9473319,186.29477,71.97484,34.337852,29.521904,17.099607,28.479895,12.917856,16.42377,15.18822,11.813545,15.738643,7.873646,10.643809,10.176412,6.794174,10.082749,9.344125,8.326383,9.621441,9.489102,8.397402,6.0054207,8.774826,5.428677,6.32239,5.458824,7.75255,8.168766,6.157308,5.7361937,6.006796,4.8318887,5.8346324,5.3757434,7.233289,6.9126573,7.1930375,7.580445,6.6646996,5.314331,angry,15
-283.13208,83.714264,-24.993263,10.346195,1.4440013,-24.677418,-4.265928,-5.921169,-23.53168,0.9184437,-15.997382,-4.084892,-2.6896427,-8.193607,-1.1051128,-5.046735,-13.430192,-4.201885,-8.2934065,-5.044885,-11.754052,-1.2735583,-11.113405,-5.917798,-8.934038,-1.2447785,-6.782077,4.0978503,-0.4738493,5.0453653,-0.059651803,1.8408747,0.032208897,4.301173,5.380793,7.765417,3.3048344,6.15375,3.397321,3.8296568,88.04089,68.37984,35.94618,28.13261,20.847721,29.244944,15.154398,19.983809,13.322786,8.907946,15.304053,10.462122,8.177548,9.229045,7.687381,6.5443625,6.3166494,8.835138,6.6045203,7.9832354,8.076223,5.633907,6.86654,5.7444644,5.890404,7.0245132,11.609924,11.095477,13.679436,11.98343,12.485461,10.272722,10.780667,10.596051,12.773753,15.225303,14.477864,10.503023,7.5072675,8.564804,angry,15
-260.65167,82.25965,-34.560272,13.676103,-4.5224786,-16.790173,-2.4731765,-3.9975514,-18.755138,-2.075268,-11.572219,-5.7449017,-2.4189136,-8.687758,-3.528924,-3.3565118,-10.435706,-0.6172414,-3.1549697,-2.1416652,-8.653652,1.5085754,-2.6025627,6.290811,5.3930464,5.1526914,-2.0062015,4.2428207,2.9887714,12.7341795,11.721805,10.585049,5.6900077,6.838853,6.6205983,9.207119,5.8084784,3.210922,-0.4335836,-1.956808,76.88328,57.762844,29.451319,29.269745,19.890087,24.921421,16.576523,21.040379,15.987535,12.171314,12.690885,8.884764,11.459936,10.174582,9.535265,7.761249,8.490052,11.363865,12.39992,11.093729,8.798431,7.590081,11.386037,11.97519,18.324406,13.181921,14.947476,11.537268,12.749582,15.715921,11.879994,11.96598,10.165594,13.672311,11.14151,7.459387,6.730449,8.5267,7.3757873,6.2220497,angry,15
-262.93112,86.31874,-25.803911,5.5698533,-3.3205197,-24.815582,1.7687832,-4.153692,-18.689365,-0.9611448,-12.31712,-1.5562837,-4.263712,-8.677025,-2.5600374,-7.3712993,-10.541225,-2.1129456,-4.735942,-0.5160347,-7.9870863,3.7739615,-4.722002,-1.3055662,-0.35095525,2.5343206,0.532231,10.039829,11.07188,12.676032,10.489894,8.976389,5.1128855,6.269553,3.591334,6.1619444,0.9959834,5.798643,3.1997156,2.5130022,70.35579,51.274208,24.686434,35.386032,23.471636,23.361088,17.08569,19.487387,14.412672,14.136014,15.397733,10.409931,14.536635,7.5347505,9.41251,9.458292,9.690206,7.741432,11.088819,10.462719,12.2572155,8.359125,10.94265,11.693717,12.577646,12.401989,11.47991,16.817804,15.496911,12.395361,10.958705,14.5176735,13.943573,10.512577,7.964988,7.529051,6.3862023,6.4853773,6.9559116,5.8557515,angry,15
-270.026,87.14679,-20.601997,15.454118,13.350008,-17.682201,-11.726915,-5.7153425,-17.01057,-8.132157,-5.3436413,-1.6457134,-3.253616,-7.792443,-0.6961157,-4.7770185,-14.60364,-6.384383,-1.5919842,-5.7159877,-10.437749,-3.7532482,-10.138866,-6.5383005,-7.6415215,-1.4523487,-9.623173,-1.9360254,-7.597792,0.26735735,0.895901,5.3324604,5.043569,6.213194,3.2585442,6.088779,1.7223041,6.1776185,3.445002,4.911825,88.56324,66.89659,33.15017,31.328705,20.063969,25.605076,14.322437,15.258653,14.717682,10.092495,13.799348,8.597686,8.508504,10.546504,8.207067,5.7253485,6.9809713,8.805181,4.5583324,7.863653,6.8484483,5.4747705,4.260926,5.1667614,4.2267156,4.85709,6.64149,5.3061366,4.4237766,6.0275683,7.9021015,9.860576,11.077614,13.182729,10.701005,9.082782,9.237295,12.108687,10.290997,8.423046,angry,15
-232.90286,61.663757,-28.102251,10.530677,-0.6038139,-25.064583,-4.696062,-9.302794,-19.604002,-7.6857457,-14.346982,-1.7286705,-6.37898,-12.997675,-7.1027446,-6.49326,-12.218805,-1.9504105,-2.5147939,2.8061965,0.31650704,7.0095315,-0.8920965,3.5131161,2.2861695,7.767994,2.1853368,3.891123,0.7783524,6.521061,7.781906,11.453325,2.5397954,2.55114,2.5417573,5.332854,4.418027,4.671705,2.6950333,3.4177244,86.78346,62.426716,39.685944,35.291668,19.602974,29.354801,13.913405,15.458868,13.658299,12.870646,14.152643,7.3989553,10.409602,10.038787,9.820444,9.781267,8.048095,10.085325,14.07765,18.61153,18.288095,15.099579,12.57133,12.526146,14.402633,12.151681,13.659541,7.606554,10.322994,9.697961,11.467446,11.219798,10.018355,7.528602,8.34153,5.9919972,5.938631,6.8391685,9.203124,7.962693,angry,15
-508.49673,108.78085,3.6663508,13.214662,-5.953834,-19.366125,-19.925323,-13.614358,-13.975202,-4.13347,-17.46235,-4.5456934,-5.9159093,-10.593138,-4.8194733,-11.458062,-4.6860404,-5.548231,-9.591123,-5.452398,-10.182644,-5.529447,-9.234451,-4.954053,-8.152065,-5.835957,-7.9615264,-3.2818801,-5.547092,2.2020907,1.619632,0.7367528,-0.56026345,0.79235333,-1.7129283,2.3945758,3.4456935,5.802536,3.5358863,4.578181,74.13849,63.484783,34.961517,32.33452,24.51244,22.240492,17.108854,14.121975,9.902178,13.346418,9.751567,7.5339212,8.816101,6.572908,7.662145,8.237112,7.0982466,5.4206705,5.103383,6.5380645,5.5687203,5.525983,5.221977,3.8817956,4.2461815,6.7883167,5.967779,5.8564134,7.9942875,10.569576,14.563177,14.987756,12.860178,8.454423,6.49951,9.75207,12.155105,14.408476,12.729818,7.8513436,neutral,16
-502.8391,103.03604,0.93161356,15.538345,-6.347659,-20.741451,-20.764181,-13.134435,-11.646921,-5.2911882,-14.901597,-5.1248116,-6.103474,-11.019933,-5.741372,-11.709753,-3.0299158,-5.7766485,-10.365769,-3.5625534,-9.573443,-6.502729,-8.390079,-4.82449,-8.887554,-6.0632753,-5.3669996,-0.6139835,-3.166709,2.9425075,-0.016178317,0.858421,-4.428437,-2.101394,-0.45214176,7.3694034,6.040071,6.3218536,2.717949,3.2478287,77.074036,63.527065,41.049725,29.499922,23.683523,22.70527,19.055332,13.78774,11.121896,14.718789,10.299334,7.9602513,8.541935,7.949691,6.844099,8.006582,8.078024,6.8585596,5.7856445,5.7726836,6.5075345,6.2401614,6.2660832,5.669657,5.96694,5.592111,6.6769676,10.662398,13.487206,13.623489,13.020567,12.309749,11.042756,9.636198,10.357068,13.464064,13.740919,11.144423,11.056952,13.452872,neutral,16
-457.8022,86.930016,-7.644681,7.6480227,-2.9207723,-25.52808,-29.015375,-12.901518,-12.989743,0.890441,-16.78203,-5.262507,-7.577159,-13.909808,-2.1300707,-10.910633,-6.6557565,-5.535459,-14.438263,-4.174367,-8.897633,-6.8669505,-5.6064467,-3.8481216,-6.898206,-0.2170489,-0.19791797,2.8471653,2.8012338,3.2911952,0.7050646,4.7587776,0.9548517,4.5437016,-0.9655838,2.3382816,-0.29953304,2.7482066,1.4167904,2.610481,83.396866,78.62086,46.10891,31.480755,20.774847,20.957216,19.88806,12.477533,12.478579,15.143573,9.1119,8.524906,7.959837,8.950704,9.662073,7.6349344,6.0326552,6.665409,8.089327,6.504835,6.587729,6.160529,8.287261,7.2153096,13.407618,13.816004,16.658724,13.905278,14.45564,19.423841,14.430238,13.091576,12.999972,16.217375,12.345605,9.655451,7.6472964,7.413666,8.753287,13.632442,neutral,16
-471.4307,91.418076,4.079023,10.8804865,-3.4331412,-25.4769,-26.40413,-18.754583,-11.312232,-7.8950825,-12.734002,-3.1747184,-10.853447,-9.454055,-8.533646,-11.306249,-3.9137678,-4.816674,-13.758376,-3.1732576,-10.008964,-8.70094,-6.0485406,-0.43910083,-6.320832,-1.8803042,-2.431502,-2.961282,-4.7605033,2.571893,3.8103533,11.396173,7.5017123,6.3089747,0.5805572,0.10322745,-0.66065705,6.399985,6.6749997,4.065343,70.84175,83.3846,47.21484,38.71922,20.884155,20.087818,17.489883,11.858089,9.5532055,13.746713,8.78341,8.375098,9.398891,6.8929386,6.417561,7.2103143,5.9083357,6.536751,6.490389,7.000793,5.2292166,4.723247,7.329552,4.6914306,8.22146,11.851018,12.888891,11.1710415,8.714737,9.293497,13.570823,17.36526,18.89209,17.006794,9.005762,9.076815,10.75298,12.812683,10.215076,10.275462,neutral,16
-403.66434,85.37992,-31.060415,14.677458,-9.183446,-21.169378,-21.260408,-22.400127,-13.050621,-0.5839488,-21.046862,-7.053566,-1.7837553,-12.035233,-5.6886606,-13.95859,-10.202378,-7.439042,-9.114191,-6.1201386,-7.1948996,-11.1059065,-7.2290583,-3.8574197,-6.158098,6.353725,2.464197,4.456777,-2.144687,-4.34548,-6.1548743,0.16549118,2.477302,10.302274,7.0664477,12.268668,6.286638,2.5702338,-2.1964817,-0.65923566,71.490105,62.091972,43.74699,32.475708,22.845772,25.709122,19.06588,12.594295,14.286603,12.066,13.242653,10.40347,9.88793,9.466206,8.66909,9.730837,7.727518,7.4276958,8.742179,7.882571,6.7478576,6.590618,10.449907,10.782613,10.893158,20.200827,19.469467,16.50764,12.440672,8.363003,9.929984,10.3984995,12.654047,13.93217,15.605024,16.745888,14.575736,10.367938,7.3550105,6.154462,happy,16
-395.32645,81.644264,-18.787355,15.512078,-7.3614235,-17.322025,-22.01999,-16.77227,-9.305111,-2.1813745,-19.511414,-6.852082,-2.0608244,-10.841422,-4.5101676,-10.567352,-8.975216,-5.721523,-7.405654,0.31406954,6.8531275,4.1588516,0.89271754,-0.5090303,-4.298116,3.107577,3.0688019,7.6120586,0.5942395,5.099901,3.0771272,6.043699,0.7517146,-0.3863632,-5.6248884,-0.17647071,-0.9391736,-0.18842827,0.32582664,2.0096378,73.152214,65.92866,39.291378,31.258999,24.873983,23.45728,19.726608,10.913075,12.722041,12.285151,11.626318,9.695902,9.315688,9.708023,9.641928,10.83277,10.596916,9.330032,10.830395,14.8741665,18.560566,18.555603,13.544107,9.52049,10.385998,10.32683,13.850609,14.458761,13.321798,13.532469,16.120289,13.730124,8.892377,7.686349,8.779832,5.2257037,5.4490952,5.924238,6.0105033,8.443165,happy,16
-418.08145,82.24115,-13.919419,12.582876,-2.847467,-22.30781,-26.82063,-18.910923,-14.22071,-4.081313,-18.07976,-9.687028,-3.521093,-10.4959955,-8.442028,-7.632966,-9.873935,-9.660235,-8.785214,-7.7322683,-9.137669,-9.985672,-8.351004,-7.166675,-10.648576,-0.08097362,-1.0594791,7.3017344,1.9727827,4.268031,-4.04658,-1.9520489,-5.5806594,0.5792671,2.9029987,11.8641205,9.792175,6.31343,1.556262,-0.11558313,78.55291,73.70466,44.824394,35.754505,21.612259,20.620296,18.84364,15.444329,16.087137,11.961451,8.628975,10.877895,7.3470855,8.186685,8.46889,9.913968,7.1642,7.4507384,8.212987,7.829366,7.0086985,4.7038097,6.6265974,5.553717,7.6551633,13.177801,14.820173,17.842503,16.491905,16.08094,14.093675,12.920772,10.125672,10.892684,10.481169,14.91462,14.229053,13.853771,10.356068,8.822838,happy,16
-408.3998,76.20011,-19.552744,11.001328,-5.117793,-22.279179,-26.307055,-23.141798,-18.744623,1.2908325,-17.891096,-12.015687,-4.6865873,-10.62946,-10.444674,-6.1582847,-10.405372,-10.348339,-8.629218,-10.803545,-6.8916574,-9.917947,-8.105717,-3.7890053,-10.667745,3.6156862,4.5054884,11.479273,9.342709,7.9488034,-0.56288534,2.0954947,0.15687169,4.8724537,5.3014317,7.915146,4.997416,0.7607005,-1.5284709,-1.4536741,75.47287,83.71943,46.115444,35.742252,19.544394,21.63334,18.650982,13.496243,14.194192,12.730076,7.5995665,9.2460165,6.190367,7.110628,7.1597767,8.964487,5.60115,6.1111007,6.4937887,8.145106,7.472117,6.7813373,7.708596,8.315998,11.116984,15.340163,17.34856,16.277285,18.804722,20.39427,15.552238,11.808323,9.739524,12.732359,12.407674,14.359852,10.899044,9.537051,7.8911166,8.466864,happy,16
-366.452,73.07524,-30.556532,7.75351,-11.693001,-19.420927,-21.894798,-22.512384,-16.284986,0.24187851,-19.36674,-10.119692,-4.677212,-12.04999,-8.81439,-11.889972,-11.322933,-9.681578,-11.558358,-6.067373,3.2750025,4.9851046,6.4891906,6.748833,-6.139034,4.9261055,6.6903124,9.724721,8.4893465,2.4775326,-2.4520888,-2.0518436,-3.6618445,1.4983474,-4.7083516,-0.022457177,-0.45543492,-0.12788212,-2.0688086,3.8718126,75.09991,63.2455,40.703148,31.437767,24.842285,23.206295,21.443699,12.265964,14.770025,13.098757,10.852862,8.235525,8.632843,8.712281,10.969372,8.87894,7.994269,11.549317,12.603571,13.720762,14.347664,20.235685,18.791142,18.735575,15.544954,15.221869,13.970774,15.596012,16.521938,13.369161,10.831364,9.208105,11.130112,7.9787335,8.969779,10.589754,7.032171,7.4214544,8.890129,9.2196455,happy,16
-295.85376,67.23575,-29.186132,9.147847,-11.935146,-24.19426,-17.338367,-16.783247,-17.292097,-1.5680519,-18.582018,-9.065888,-3.0677047,-11.173999,-7.130948,-11.250165,-4.865219,-0.77954507,2.8984187,5.9205194,9.184136,5.534711,3.4327104,12.15622,2.4422393,12.926753,4.5385213,1.1408501,-1.8681939,1.5183072,-1.0431277,-1.2072121,-3.7616374,0.2063014,-2.1879218,1.7305794,-0.42347202,4.0656047,-0.6546031,0.3055023,75.88186,58.39416,38.394405,30.303215,22.49772,27.067604,18.516354,14.124441,14.96047,13.629296,13.363274,10.143789,9.366596,12.23671,11.082638,10.472758,9.8142605,18.120306,20.819439,20.241932,15.957194,16.928167,15.76916,16.571507,11.925469,14.851022,15.897311,14.186744,9.560055,9.300203,9.153134,9.567984,9.790286,7.5250077,6.6793056,7.491195,8.662007,8.628133,8.019745,7.467508,happy,16
-342.1774,55.927605,-24.612955,9.833647,-14.577365,-30.199194,-28.98964,-21.18986,-16.406263,-2.276996,-25.00316,-11.363289,-8.872116,-14.619942,-6.9641337,-11.521892,-11.730517,-12.171518,-15.57989,-10.052105,-5.2234893,-1.9676751,4.80957,8.680325,0.14060925,8.365276,3.3638308,8.531403,6.6574063,7.669351,1.4421374,1.0793685,-5.312317,0.5979622,-1.1581519,5.4266753,1.1779466,-1.7692518,-3.5426884,3.6612415,67.396965,72.36553,48.50465,32.389164,25.563608,20.866861,18.802881,14.604629,16.205204,15.292584,10.288681,10.179376,8.766857,8.716961,9.111943,9.580863,10.251498,8.379165,11.815632,10.837525,12.012639,15.000277,18.43629,20.933817,17.671682,17.599443,16.133062,18.805683,17.795599,13.83231,9.654472,10.289749,10.58899,10.776241,9.803782,8.3286295,8.852413,9.490895,10.414109,9.153257,happy,16
-360.5927,72.50107,-21.858473,9.268644,-10.602936,-26.07601,-22.219624,-21.105309,-16.64483,3.2813768,-16.796383,-12.172255,-2.9598527,-17.601599,-10.865528,-5.184103,-10.947313,-6.351439,-11.172258,-9.821791,-5.2651143,-10.262463,-10.509435,-3.2731543,-10.189478,3.6630561,4.2840304,6.649086,5.5581694,7.2654657,1.3503691,4.052097,-1.4950135,0.85094196,1.7114719,8.5110445,5.5986824,5.5734434,-1.9846334,-0.6304705,80.34523,75.044365,48.089954,37.055153,22.873339,21.77,19.245256,13.540147,14.193793,12.7103615,10.210871,9.721589,10.985582,7.568582,9.021402,8.336596,6.1654077,6.1571665,7.0570765,7.3018985,7.750144,6.840468,8.37636,7.1842885,9.950743,14.056448,16.149199,14.28821,14.817658,15.610285,12.304887,12.796226,7.7979383,8.434001,8.177333,11.361173,11.6512575,11.7002735,10.8302965,8.491482,happy,16
-495.40466,89.88616,-3.9867048,21.85543,-9.575968,-10.867045,-24.521921,-18.027205,-4.928068,-8.238478,-16.636524,-6.481221,-0.94068706,-11.657528,-5.0008373,-8.374905,-9.434704,-2.0164118,-11.572086,-6.0141253,-7.5466833,-7.88413,-7.4110785,-11.243992,-8.050415,-1.5449129,3.3926814,7.025324,6.098637,6.648436,-0.3088466,6.5581913,0.58220387,4.873841,0.5924428,5.569758,-3.2785826,1.9195646,-2.7822425,3.7446604,80.177925,68.14718,34.093586,29.366709,24.731585,20.175856,14.6004715,11.133903,9.933099,11.603276,9.085603,6.73948,8.185787,7.7439704,7.697466,8.634114,7.4253755,7.417478,7.4465327,8.51922,6.536362,7.4311385,9.023426,6.337759,9.32725,9.1426735,14.246974,15.517791,14.251848,13.545762,11.561423,8.814121,11.94205,8.972974,8.982602,8.520183,9.8594675,8.792598,8.857133,5.2645593,sad,16
-516.6195,100.83537,-8.810906,16.687904,-7.9570713,-17.26161,-24.112097,-17.42802,-8.879166,-5.1389704,-19.616947,-8.107453,0.19741265,-12.503388,-4.1112847,-8.155038,-11.955614,-3.1501873,-10.4994545,-3.9475603,-2.1785655,-0.16593894,-0.22066532,-2.7299755,-2.0942342,-0.7958001,-2.2248003,0.53822863,1.5019866,-2.5067039,-5.963072,-3.4725134,-8.283618,3.2407868,2.480351,9.354985,6.1549335,5.756915,1.2932934,2.2726114,79.397385,63.052254,33.230827,28.804775,26.278133,19.553003,20.14382,12.517949,12.303082,12.481798,9.486325,7.3705187,9.750128,8.6200075,7.361398,9.445496,6.0989504,9.238445,6.797399,10.2233715,9.895292,12.5727415,14.800585,11.632415,10.907276,10.164696,11.595029,13.685725,12.897334,12.837775,6.6251936,6.607568,7.314782,10.099918,12.787091,11.920577,12.116932,14.606124,13.220161,8.919016,sad,16
-481.14862,89.68844,-2.3807516,14.685509,-1.0458794,-16.95251,-30.775766,-21.584436,-11.844479,-2.3512146,-20.642471,-9.769243,-2.2941582,-12.463755,-7.938614,-7.0875635,-7.826105,-5.204628,-11.39804,-9.466548,-7.36154,-9.290823,-6.431623,-6.5137243,-10.125137,-2.5598106,-6.2489967,1.9229913,2.3191137,7.109021,1.620088,5.3520317,-0.50337756,2.7760777,1.6495179,6.844193,3.0548224,4.3941865,2.2603126,5.267696,75.40805,80.84527,41.68893,34.44551,17.127573,18.821825,17.128262,13.231771,10.929462,9.735193,8.449178,7.186912,7.483163,8.435942,6.9847474,7.837582,5.9257092,6.096978,6.16689,6.706642,7.392677,5.4550986,7.483065,6.119349,6.172604,5.6121035,8.571125,13.58796,13.6808,17.301956,17.630753,14.527268,13.087479,15.017495,11.134165,10.554548,11.665491,10.911008,8.986349,9.898298,sad,16
-521.1739,86.01178,3.2294502,18.13805,-1.6546296,-16.766846,-32.984444,-16.873379,-12.583936,-5.2050085,-20.087484,-8.769028,-5.2447233,-10.775299,-4.550085,-10.794075,-8.923319,-3.67436,-13.8093195,-6.7615166,-6.521642,-7.982577,-7.861383,-9.254635,-7.597644,-7.583451,-3.8887007,2.665626,4.6372075,7.3375697,3.6431406,4.148963,0.67622536,7.339044,7.911064,14.355528,3.5381773,2.2464483,-2.884042,5.391358,72.05999,86.39719,36.65193,31.07554,16.185307,17.66287,16.277124,13.224435,12.77504,13.597238,9.317335,7.8238277,9.374106,7.0484476,7.0523543,7.513087,5.773681,8.442309,8.457419,6.342438,7.61981,5.714721,4.9896755,5.228432,7.2934074,7.4827843,9.864364,11.001625,17.645287,19.705843,14.902869,11.581372,14.58959,18.203516,15.830021,12.315322,12.15396,10.23714,13.212254,10.9096,sad,16
-491.87662,88.116264,-19.149515,14.449678,-3.8919935,-15.607369,-27.622406,-25.743946,-11.442001,-1.1287034,-18.148682,-7.1542006,0.70733553,-14.659616,-7.211763,-5.1927466,-11.936601,-3.3048868,-12.635232,-10.0616045,-7.6282,-7.6999288,-6.0337024,-4.607345,-6.58508,0.7871218,-1.8999705,0.7426501,0.40557945,5.030389,4.0497994,8.173924,3.573054,5.9647245,-1.6723124,2.8581824,-1.1209161,2.4166596,2.0552738,4.309939,85.95104,66.59753,37.24508,26.039684,22.767279,19.872116,16.980207,17.189095,13.042409,12.108353,15.144877,8.118757,12.069766,9.148451,12.712961,9.6859865,6.9454308,7.624914,7.561885,7.5830417,8.643327,6.1967416,8.331449,10.799154,7.3062224,11.955312,13.538852,15.093721,12.010795,12.101655,15.3944435,16.480017,14.895168,13.669084,9.397656,7.244829,7.0192404,8.194609,7.153568,7.8974786,sad,16
-515.6984,78.43188,-9.767548,11.137703,-3.4631298,-12.465553,-25.468575,-18.595192,-12.05909,2.0376432,-17.95098,-9.83248,3.509936,-9.062894,-7.470194,-3.4118764,-9.260327,-4.029084,-6.620199,-10.17524,-6.679153,-0.79049206,-1.2326083,1.4271111,3.2705905,4.9281907,2.0341141,4.1661105,2.4895952,8.359315,1.2803916,1.5379276,-3.4557102,-0.82750434,-3.535476,1.2397565,-2.6291044,-0.92933303,-2.795974,1.8750395,107.29114,71.26825,34.511772,22.944107,24.40403,19.73397,17.548113,13.379248,11.827225,13.604273,11.882215,8.584091,11.642814,12.41717,9.919895,8.359487,8.319063,8.099406,9.87273,7.9613037,5.954276,8.364933,14.580045,14.907382,12.529897,13.009209,11.455733,14.747992,11.752057,12.227941,12.816713,10.828195,7.9892936,6.8384686,5.929567,6.1674314,4.871291,5.789064,6.239322,4.489906,sad,16
-462.4012,73.88256,-15.687083,4.337082,-5.9588633,-27.36903,-30.97893,-19.68086,-19.996399,-3.4574902,-21.42771,-12.914501,-1.6249913,-16.694984,-8.07697,-9.109855,-14.810324,-6.047039,-14.312661,-9.74187,-4.3809633,-0.5686013,1.1721337,8.617187,5.916553,8.980754,5.011357,4.608647,3.822389,10.420218,4.2516875,6.362224,-1.2980734,-1.477979,-3.65842,2.9458072,-0.69830203,0.06804616,-3.6147108,-1.8601147,71.086006,81.03184,47.040478,29.201815,19.658882,20.348602,21.382015,17.27223,15.047757,13.488853,8.041098,9.393458,11.175233,10.159987,8.134835,7.5104833,9.578482,6.836991,8.887495,8.135392,9.555853,11.530439,13.370543,14.753726,18.647608,18.697445,14.897235,13.278972,18.618675,18.249683,16.22724,11.577359,10.419131,7.507747,7.098452,8.543588,7.2074275,5.5708237,6.0859566,6.7828875,sad,16
-455.5752,81.57646,-12.233646,5.835843,-4.5806794,-27.625713,-36.029415,-16.454313,-12.047023,-8.001669,-20.996536,-9.512274,-3.6106915,-13.092556,-6.931136,-10.368329,-10.855342,-10.131101,-9.304274,-8.612348,-7.4660897,-1.3430498,-4.2223263,4.216699,6.420249,11.295078,14.333356,11.873382,9.887989,4.612206,-3.9983647,-1.3729373,-0.9772471,3.7343066,1.002604,0.042085025,-5.401102,1.7141942,-2.191032,1.8471755,76.836334,90.88095,41.249702,30.833477,18.304218,19.509949,14.4966135,18.12873,13.153126,12.515648,9.984616,9.365609,9.673101,9.0293865,8.674714,8.12226,8.987232,10.075456,9.679093,7.845503,9.043675,9.622887,14.720169,14.921759,14.642652,12.340108,18.984276,16.50262,13.658619,9.332982,9.063392,7.4757786,7.656175,6.781925,6.4848714,7.57436,9.54788,5.9840274,5.8178177,4.7059736,sad,16
-350.30212,72.62112,-9.917077,13.751511,-14.519555,-16.18767,-12.7165365,-19.648247,-15.147388,2.657396,-14.135896,-5.117475,-2.0988302,-10.285407,-3.5286653,-8.053866,-7.2005734,-6.1824613,-10.971803,-4.503428,-0.31957072,-2.347142,-1.0847348,1.4964489,-8.280305,4.4710126,-2.2389994,3.4230483,2.8010228,7.6002073,8.036696,6.1614504,1.483553,-0.95969355,-1.2500825,6.4624386,4.406482,3.800968,-1.7559166,2.6113784,84.1269,65.29378,34.58869,38.48018,24.10432,29.576176,19.098505,15.826228,12.567458,15.947659,14.513031,11.005805,8.741735,10.713778,11.971413,11.925406,8.642906,7.5659122,9.192104,14.326944,16.552326,16.168203,14.183855,12.165076,15.47142,15.354415,10.40283,12.852386,12.168079,14.269362,14.21573,12.787047,9.289256,10.766026,8.018931,11.5335,11.127402,9.497944,7.5274963,6.3605604,angry,16
-342.72568,69.73315,-9.753813,9.0481,-13.277571,-17.968298,-8.585382,-17.202665,-23.203331,2.401936,-15.782953,-9.860992,0.16147906,-9.4714985,-5.051062,-9.470654,-3.5548875,-6.967373,-10.765213,-7.80836,-6.8050537,-6.5073776,-3.8202338,3.9238756,-2.312068,6.382786,1.8537204,4.280736,4.7176085,7.817888,7.567149,7.0680766,1.4702549,3.2538607,-0.43564692,3.7891726,2.122082,2.0214965,-0.9568152,3.6619763,92.67461,63.32193,40.38537,37.365196,22.481606,31.2455,18.317778,15.319158,13.302339,13.529226,14.103849,9.259086,8.678325,8.951378,10.750295,9.410462,6.959008,8.790828,9.523006,8.443805,7.22883,7.9273014,10.399094,15.590476,19.999819,18.302217,11.28019,14.457473,14.51556,12.179978,11.8615055,13.138647,12.225514,13.791655,8.681232,6.9755173,6.317337,6.03037,7.458062,4.698231,angry,16
-363.04688,62.173264,-11.262084,3.9117503,-21.742756,-14.913929,-18.580727,-23.325565,-23.284023,-2.6604953,-15.086266,-11.708386,-6.0327616,-10.512242,-11.752889,-10.314295,-3.2760196,-12.629567,-10.721092,-3.6071985,-8.158741,0.94013715,-3.3018024,1.993067,-6.4228187,-1.4998491,-2.393166,-3.475642,3.3884284,8.258784,7.5606513,7.8626046,-1.144301,2.240176,-0.6158596,6.156194,0.6840519,4.0920887,-2.7935498,3.5922837,105.72321,80.47617,49.37286,36.136387,30.845797,24.37874,17.614628,14.1634035,11.8910675,13.060365,10.8711195,9.811883,7.709968,11.223474,6.34433,7.509135,8.371654,11.838658,11.946868,10.286435,9.285202,11.499568,13.785653,14.954138,13.842883,10.104115,12.642894,12.189232,12.616783,13.126028,13.846339,14.461144,12.915853,9.091464,8.468938,7.3927283,7.5396886,7.3336873,8.31316,8.13934,angry,16
-310.6088,59.007153,-11.7848215,13.735628,-16.691177,-19.521143,-14.149358,-21.938105,-22.941162,-1.3024502,-16.116507,-11.185021,-3.2952414,-11.4050455,-11.210484,-8.371904,-5.2354717,-8.548051,-9.868535,-4.3733544,-9.244752,-1.5756602,-3.0011322,3.1927652,-8.166465,5.2020946,1.2587962,4.847896,3.3488765,3.9614184,3.2412074,5.2091627,4.139179,4.9202037,-1.3175207,3.020615,1.2708689,6.09061,-1.0803522,4.216044,89.492966,79.75898,44.76858,34.115704,29.328999,23.657656,17.605492,14.501416,13.482045,15.30742,9.310997,9.663344,7.9496226,8.3457,8.854995,8.72043,8.677692,8.455585,6.880442,9.156899,9.755396,12.881205,13.57127,11.297743,11.537778,10.982112,15.394108,14.992768,16.231968,16.296574,13.777098,12.46331,13.407419,14.875787,9.266682,10.799135,9.537663,9.813263,8.488833,7.729707,angry,16
-280.5569,63.19451,-19.583479,8.322492,-22.653557,-24.556475,-8.258705,-21.814354,-20.07578,2.7577386,-18.838251,-6.22568,-2.045144,-12.228394,-7.5252924,-12.485796,-9.939461,-4.892905,-4.822423,1.9912217,5.3933525,1.9252226,4.158187,7.847561,3.2084346,12.6164665,3.878249,3.6862237,-3.517753,-0.1704745,1.0830309,3.3582938,-1.1549389,-2.9663455,-4.398626,1.6978514,0.9533025,3.4233558,0.13367417,2.9108784,93.48612,60.668716,40.050793,36.560257,21.947264,28.241058,18.856588,13.284468,10.1818285,14.9065895,14.265376,13.365338,9.932041,10.07222,10.286124,11.54023,9.653757,11.790581,12.021274,19.98023,18.405275,17.612549,13.097574,11.779841,14.064693,14.555227,10.80118,9.572308,8.430783,9.647771,9.665825,8.955939,9.779032,8.945978,7.2469134,6.7553463,6.131274,5.6316886,6.9488688,7.532372,angry,16
-247.32683,58.351116,-40.239567,0.849261,-24.070007,-27.90972,-9.064833,-28.372507,-27.869669,5.4956174,-19.185364,-11.828448,-6.0866327,-16.589207,-7.676311,-8.200248,8.915982,0.73774225,-2.378959,3.9031549,4.9321003,5.9575863,9.603279,6.808001,-0.7935047,6.3323383,1.9225242,3.2278626,-5.4705205,1.3625072,3.5768137,2.510093,-1.446522,-3.3049197,-3.3400505,4.048348,-0.06821961,2.8463082,0.40586135,2.323157,82.45097,54.123947,44.93368,33.700558,23.00873,31.589247,20.951172,12.503623,10.560397,13.3452835,12.614097,12.285017,10.907039,9.299585,17.382198,19.900112,21.830019,19.891977,17.109566,16.105461,16.883318,17.13148,15.886264,14.96006,13.662599,17.66766,11.377086,10.774637,9.979623,9.795622,9.7212515,10.999818,7.994128,10.485841,7.806977,8.398864,7.304593,7.618136,8.285646,9.776954,angry,16
-235.06538,38.827133,-33.30901,4.1984696,-20.90947,-30.646774,-2.0472362,-31.536386,-26.539349,7.9283752,-21.88952,-8.817834,-9.075577,-14.822522,-12.59775,-10.598259,5.407784,-2.019259,0.8754969,7.48901,5.1305285,6.1947355,11.352028,6.892572,2.2488341,3.0164852,-0.4693693,-1.0196104,-7.7314453,1.6294568,-1.1635662,2.0109317,-7.0090213,-2.3325655,-4.6886716,5.604057,-2.527895,1.6786592,0.2772343,5.799447,79.61402,67.67346,54.30442,35.743164,25.67453,27.198647,19.48595,14.915988,13.785345,15.612605,9.754261,11.327752,10.642363,10.27985,12.246987,15.942916,19.787502,20.807343,19.286308,16.497118,16.805128,18.2837,18.956516,16.243074,14.680737,13.472725,11.885428,11.264717,7.6542797,9.469606,8.636932,9.413451,8.1523285,9.910722,6.810278,6.6962886,7.00139,7.233498,9.221949,8.291071,angry,16
-301.12173,46.16711,-23.299723,3.8368063,-18.981375,-25.255455,-4.94984,-23.271482,-22.28428,8.089726,-18.673977,-5.121935,-2.8899152,-14.769721,-7.2544556,-7.9543934,-1.861684,-5.114199,-11.192142,-6.2992573,-2.4610035,2.5247216,10.59041,18.220936,8.28128,11.518295,1.9045482,0.68896896,-0.7909622,0.6650111,0.113787346,-3.9231944,-4.8804502,0.37825215,-1.2988405,1.4367257,-1.2072673,-0.60960823,-2.0770092,1.5099949,108.22815,75.71296,50.20043,31.775433,26.532808,29.173803,16.698008,17.486965,15.553831,13.688507,12.182288,10.614311,9.15453,10.770662,11.209718,9.472702,9.237016,11.886067,17.531878,12.992401,14.908304,20.959631,21.325865,19.174809,12.102477,16.945518,15.240373,11.971106,9.722354,10.153363,7.7557592,10.728115,8.941398,9.357343,8.840352,7.9056363,8.901719,7.6013017,7.513681,6.2195654,angry,16
-470.09293,130.33794,1.0632013,21.15982,16.639326,-2.1294663,9.115869,-20.780066,-18.17198,5.7871637,-11.087623,-8.063768,3.3256063,-2.9797692,-2.199295,-4.718407,-6.908204,-7.6494894,-4.9864836,2.6303384,-10.127012,1.1867646,-8.126616,-3.3473136,-8.350842,2.8398519,-6.264788,-2.365058,-9.0010805,-0.94021374,-4.0714684,-1.580822,-0.8808115,-0.4937524,-4.0733933,-2.5049129,-5.1521053,-3.2227364,-4.600206,-3.7711973,73.036415,54.439716,26.418533,26.863335,22.874102,23.134157,14.572507,16.56926,16.584675,14.382375,12.915877,12.989057,14.132488,9.7914505,7.048247,7.502073,7.614019,6.2077055,4.973917,5.251833,5.5671687,5.967451,6.4510164,4.302629,4.751108,4.60438,5.070898,3.9929795,4.2513275,4.3659472,3.6182578,5.2886276,4.63463,4.4846425,4.135873,4.124036,4.196567,2.763124,3.8311765,3.8756878,neutral,17
-447.78903,132.9967,-6.7583375,23.564688,15.12122,-5.9544063,11.108792,-13.128146,-18.307547,0.9020647,-6.227355,-9.305617,4.401541,-3.500755,-6.6438756,-4.008693,-7.0696926,-9.628849,-5.554896,-0.1420531,-9.41368,-1.0116765,-6.8708076,-1.5541222,-5.738872,-1.7249314,-6.840643,0.837591,-10.577439,-1.7590336,-3.9057825,-0.941312,-3.1523478,-0.05382347,-6.2096114,-1.1561571,-2.8889081,-2.8389733,-3.889448,-3.6068242,79.673256,56.199173,26.935205,28.8899,21.36741,24.711576,13.306003,14.772066,14.431463,13.425518,13.470075,11.134649,14.7823515,9.052923,6.2324195,6.302941,7.4444604,6.154921,6.9242167,5.964702,6.350008,5.6944566,6.874863,4.3120193,4.2073045,4.7767158,5.642854,4.2923284,5.251901,4.257257,3.8471348,4.0374646,4.280141,4.080861,3.3661242,3.7066522,4.1840653,3.994072,3.365524,3.7533183,neutral,17
-434.75684,124.80839,-3.9868555,18.769741,10.047601,-6.029997,10.006932,-17.849869,-23.071077,1.672821,-10.347214,-8.498539,5.9082904,-6.7666698,-6.6573796,-1.5847675,-7.001876,-10.580603,-7.5140157,0.60108733,-10.525679,-2.7360885,-5.191612,-2.7359226,-6.720097,1.510698,-8.222433,-2.1651247,-10.968863,-1.5513569,-3.6383803,-1.6293626,-1.8585695,-2.490984,-5.810567,-4.388587,-4.3673882,-3.4494207,-4.718914,-3.6632938,82.63789,62.52465,30.361105,30.563992,22.84696,25.460674,10.973396,13.201391,12.2907295,13.027975,13.657642,9.838342,13.195143,10.226749,7.4674044,6.1564627,6.6412883,6.529737,6.6397433,5.0109425,6.284998,5.574487,6.340437,4.89102,4.3944936,3.980052,3.5752306,4.236467,3.5228333,4.191375,4.061665,4.312704,3.7187283,3.9396062,3.6857302,3.9825447,3.7009315,3.9520721,3.3307297,2.8512127,neutral,17
-440.97852,128.11446,-3.8653502,22.378628,11.962646,-5.6006117,12.211155,-18.310251,-20.975986,2.4295344,-11.5423565,-7.8130426,5.338019,-6.0952215,-7.2322483,-1.9137485,-8.203102,-9.602734,-5.576638,0.9685979,-7.83179,-2.2591393,-6.2162557,-0.9792119,-6.3011856,0.2774335,-6.4537563,-0.6533376,-9.525362,-0.4863326,-3.51905,-1.3788255,-1.5749372,-0.94810736,-5.879129,-3.1122851,-6.280258,-3.1826668,-5.283971,-2.4396753,67.857086,67.66443,33.258488,31.161263,18.154346,23.807856,8.804483,12.373079,11.975064,11.715106,13.665729,11.37632,15.409432,10.975621,7.709577,6.5941772,7.880746,6.545367,6.3986087,6.536357,6.0118175,5.363543,6.368828,5.495586,5.5632,4.391386,4.200207,4.398548,3.4406817,4.003393,4.2621064,4.1576357,3.3898146,3.6810892,4.270576,4.2543764,3.6100454,3.4075937,3.370997,3.4483175,neutral,17
-407.7965,111.62401,-2.3557377,18.42986,7.953921,1.0426499,-2.3061059,-17.747026,-14.098036,-4.5939884,-11.621019,-11.900522,1.6446698,-7.391857,-7.3840423,-5.2487273,-10.240061,-5.7278204,-12.182685,-2.1460822,-11.205798,-2.3209524,-11.693637,-1.5775939,-8.432703,-4.5686927,-8.240676,-3.9965138,-11.826705,-3.878851,-5.7919707,0.7048415,2.5103197,5.7397146,2.6084907,5.543049,2.7527297,1.98191,2.007845,3.849998,57.186966,56.784096,19.353472,26.175735,22.773264,21.153028,14.346591,10.716528,13.014663,12.52612,11.724358,10.289224,12.088703,8.591503,7.0460606,5.027574,6.8545938,5.6284037,9.237628,6.4827256,5.3976803,6.831408,6.9487495,6.596637,7.0499187,4.680316,4.544369,5.3616076,5.729446,7.7286777,3.5821793,6.6113386,9.383907,14.437206,16.481043,10.247118,11.055431,9.924848,8.071459,7.3134537,happy,17
-399.3918,109.6128,-2.0412085,20.56059,3.71745,-1.5822836,-3.612957,-13.536087,-16.278168,-2.2500608,-9.56408,-13.3499155,4.394716,-9.671326,-5.6295767,-3.4922965,-15.304385,-6.658524,-10.502798,-4.486285,-11.902233,-5.9078555,-8.496273,-3.8759356,-10.4243965,-2.138164,-8.408836,-0.159735,-4.7330875,0.94116944,2.8445735,3.0125203,-0.123507,0.2159858,0.22780554,1.3299762,1.3042144,2.0861464,0.84565765,3.2931075,63.791153,52.60596,23.924799,26.867472,24.154385,23.35759,15.557103,13.933968,11.1037655,13.561568,12.169904,13.690713,11.215657,9.434695,8.202306,6.911775,7.178735,5.161515,9.549336,7.7745595,7.018865,5.182112,5.4659715,6.1703067,7.2250443,5.605815,7.3778243,9.243641,14.661873,12.32275,14.382201,10.195714,11.389666,10.004974,7.173948,9.417117,6.109918,6.252586,8.964658,9.709153,happy,17
-352.3101,105.56707,-14.123728,15.631807,6.331577,-9.081013,-0.38889435,-19.248104,-24.420116,-0.6259515,-10.952592,-16.104649,6.4283414,-10.21464,-7.6718135,-4.599098,-11.879974,-7.2116766,-9.211677,-5.177025,-14.920045,-2.771678,-9.935041,-5.930222,-6.754241,-4.57195,-5.979056,1.0407956,-7.9052863,-0.101106025,-1.176881,1.9091496,-0.7901097,0.5091055,-3.7418723,0.21115145,0.19408233,3.3225036,3.0063102,3.1086202,72.05438,82.37463,32.76387,31.186872,21.291122,25.05784,14.094541,13.487535,11.260028,13.065933,13.075931,10.334877,15.349412,10.861125,9.1719,8.16613,8.179383,8.658145,9.81076,8.0628395,6.309947,9.527972,6.2232823,5.495205,5.995075,4.271011,6.602109,9.857313,10.335877,11.053939,12.168825,10.259771,9.550232,5.7481112,5.5548167,6.0445,10.1219635,10.877281,11.370728,11.860032,happy,17
-382.41354,108.9944,-0.39066255,19.34701,1.85173,-1.4209415,-2.8525534,-17.657013,-17.973549,-1.6296349,-10.309355,-15.293846,4.8024936,-9.508313,-9.504728,-3.6417346,-11.774904,-4.48691,-8.74194,-1.417274,-11.474944,-6.628213,-9.858311,-4.100579,-7.7068934,-0.69986564,-8.817242,-3.6552908,-11.1297245,-4.267598,-8.272434,-3.8720593,-2.7158914,-3.312494,-2.506962,-2.2880478,0.7065623,-0.1840235,0.6303846,2.105526,69.64589,69.04813,21.733889,28.911188,25.612251,23.540976,13.537963,13.530193,12.972889,11.557944,11.989846,10.935482,14.378399,8.574811,6.122457,8.287744,6.639504,6.834947,8.163338,6.140949,6.4761286,5.162535,6.639139,6.4467707,4.6981745,5.2556963,5.0111704,4.1832075,4.0067725,3.8786807,4.9997225,4.0382814,5.8152814,5.363632,8.738913,10.749932,13.315125,8.149063,8.444045,9.898211,happy,17
-277.6957,78.642586,-7.1293354,10.466928,-7.076507,-4.761576,-9.331702,-8.245466,-15.216777,-6.5087347,-6.075015,-12.133253,-3.1997333,-11.104215,-6.785947,-4.4691973,-17.226051,0.62761736,-7.1926904,-4.0295844,-0.98548335,7.376151,1.471418,10.465862,7.058173,12.375302,6.092383,10.314867,8.584872,8.152475,9.885114,10.283162,7.116614,7.782991,5.0857444,6.2602816,2.2307343,1.0292829,1.6183871,7.2452245,57.644363,41.36809,17.674608,29.056812,26.104904,20.35579,16.860361,11.844239,9.357447,12.858225,7.78372,12.734958,8.3456335,9.758894,10.101879,6.310859,7.750361,8.033519,8.338717,8.137073,17.363293,12.827898,13.774304,15.259033,11.402511,11.093814,9.562326,11.732458,14.159378,13.947615,10.112156,9.074897,11.5756645,12.455259,11.24514,9.825394,7.869522,7.203581,7.3209786,9.933913,happy,17
-246.63724,67.722946,-8.93707,8.013716,-5.864493,-4.2512207,-7.873225,-11.719388,-14.011988,-7.467747,-9.583634,-11.736979,-4.561044,-11.457657,-10.47424,-4.563678,-13.187547,0.6636881,-1.5165657,-0.02806806,1.3375157,5.6527696,2.2038927,12.753415,9.051095,12.05095,3.6760523,7.3461485,4.6369033,7.973793,6.619368,7.060569,6.770698,9.29409,7.2004046,5.7740817,5.0708456,7.430064,2.8938098,2.565162,60.958443,49.609203,20.047716,30.130371,29.642467,20.883865,15.636199,12.4651,13.583026,12.870598,8.036217,12.664404,9.691106,11.4590645,7.0835,8.965943,9.914574,14.004206,17.46512,12.980281,12.8491125,13.376915,15.074352,12.384555,11.942189,9.547461,10.274737,10.264668,8.068845,10.05544,13.869448,11.124569,8.658257,7.784392,8.79294,8.846958,8.262922,9.550967,7.7606735,6.078353,happy,17
-346.9256,69.03064,-4.5011115,4.135289,-2.9565866,-0.8437921,-10.427908,-13.828188,-15.961395,-4.346559,-7.3938446,-13.769397,-2.0323799,-12.627649,-10.559809,-5.394465,-18.547829,-3.5209503,-10.135841,-5.62015,-2.3155887,4.1287603,3.8059845,6.570859,3.5960846,8.103285,1.4240667,6.5844545,6.926886,4.8787584,4.4356704,6.338746,5.0045304,7.676257,2.4079018,2.6187658,1.7152364,3.2647445,2.8187273,4.3996816,122.65514,70.65776,24.461637,29.151203,26.37743,21.515762,15.734732,13.222837,15.128883,15.685601,11.978069,12.47187,12.97955,10.538768,9.50171,8.033811,13.080172,7.09965,10.612605,7.8305373,16.905964,16.35882,17.35438,13.650406,11.549695,9.175945,11.073939,10.664993,9.751953,10.153222,8.6128235,9.176872,11.939725,7.9410048,7.9374514,8.564817,12.235976,8.0563345,6.2632685,8.286948,happy,17
-300.73645,64.17176,-9.730456,-0.1228043,-9.184925,-1.5071921,-12.717209,-16.418085,-19.982449,-11.14422,-13.944576,-15.35512,-5.6986146,-10.710469,-10.437451,-6.748924,-12.810551,1.9989934,-5.8444734,3.9344313,3.5387027,6.5618644,5.063013,7.493174,8.169987,13.95438,2.8759773,2.1821833,-1.995454,1.307141,0.8651264,1.9208273,0.8694883,2.2996793,-1.2293856,2.5568705,0.16366103,1.864224,1.5089569,2.6629167,66.635826,80.92035,26.32717,24.701384,19.540407,21.721748,16.538574,12.553845,10.688453,13.633213,9.220165,12.202274,11.566871,13.861883,9.691816,9.291903,8.034281,14.053487,15.640453,19.110682,19.970638,17.95254,19.728659,14.766842,15.603633,14.48645,9.836455,10.109346,8.344012,10.127194,9.258086,10.255155,12.331485,11.65958,10.993495,10.09516,7.965679,7.716876,10.339431,7.600635,happy,17
-405.14352,123.443344,-8.27524,22.511168,15.03625,-6.2588825,8.038172,-12.263885,-18.849747,0.76972157,-5.3720307,-12.554514,1.591549,-3.6711771,-5.548771,-5.66871,-5.86877,-6.850066,-5.8188176,-2.578874,-9.525997,-1.6252329,-10.96801,-0.47383067,-7.791803,0.5801034,-8.766074,1.1095091,-10.021306,-2.8680942,-4.547803,-3.1095767,-4.4447737,-0.54449964,-5.2829585,-3.6234126,-2.1267903,-0.64522755,-3.2608721,-3.036906,69.21645,61.510746,26.497852,31.963652,20.903683,22.839573,12.881477,13.835005,14.968641,14.498384,13.204683,11.30827,12.59583,6.8931456,5.4808245,7.0614204,7.8492513,7.045045,6.0644975,6.2043166,5.6566396,5.210463,7.323235,5.643706,5.03074,4.4388385,5.3042016,4.55805,4.8552904,3.9118214,5.0300403,4.164919,4.57617,5.2001514,3.662394,5.6907907,8.162098,8.965566,10.058869,7.470641,sad,17
-393.4325,125.87682,-11.649736,15.036528,11.808491,-5.9702816,4.999751,-13.861386,-16.941296,-0.052465405,-7.840259,-13.051587,1.9658982,-5.771997,-5.4135337,-2.9955857,-6.4057364,-4.660709,-8.06138,0.8441913,-10.245577,-0.8810458,-9.467037,-2.0492194,-3.8467858,1.9410844,-7.789341,1.7130624,-10.812838,-1.9440609,-6.0950837,-5.275087,-3.813616,-1.6029335,-5.3595715,-1.4752008,-1.6509589,0.41035402,-2.6637468,-0.8201562,72.50989,57.887077,28.007086,28.0369,20.269901,24.044607,11.631681,14.082201,13.050995,12.802614,14.328397,13.259486,15.401272,7.422394,6.7388124,6.039707,8.04639,5.591396,6.4990473,7.1437593,7.0922136,6.163084,8.560022,7.0665803,5.1817102,5.546017,4.2551956,4.9832745,4.662764,3.9108353,3.780798,4.3410425,4.7296305,4.3686824,5.1426272,7.2580957,7.8165836,9.817024,7.311115,6.794579,sad,17
-439.22592,119.578316,5.915329,28.058468,4.072775,-5.937011,9.22506,-13.52027,-18.556429,-0.2647412,-11.725771,-10.911955,3.1876068,-4.223659,-6.341628,-1.6788857,-5.72339,-7.796193,-4.388621,-1.313085,-9.039649,-3.1475139,-8.278704,0.05455163,-9.595371,-1.2497851,-7.0942216,0.17301255,-7.7365212,-1.5847895,-5.946307,-2.638277,-4.231269,-0.95329404,-6.3457236,-2.4935062,-5.3381214,-2.8638942,-6.053355,-3.9600317,74.724205,76.763504,25.657724,32.014496,20.958828,21.758919,12.225142,15.492298,11.656911,13.422303,12.049283,11.135062,12.412395,7.594715,7.8154306,7.048526,8.061439,5.865191,7.8480644,4.4943705,5.747959,5.7912207,6.4940925,4.781074,4.692366,3.9390514,4.993911,3.926583,3.52054,4.234978,3.832355,3.2602725,3.5016756,4.5743566,4.069306,3.2305841,4.2670145,3.9903753,3.592729,4.220489,sad,17
-393.14478,116.05524,-10.557794,22.574123,3.1732821,-5.541917,5.2581816,-10.509381,-19.102554,-0.32715586,-11.053934,-13.546716,5.2075124,-7.8836584,-4.468254,-5.429145,-6.791396,-4.4303927,-5.6391983,-1.6338549,-12.435805,-2.0223844,-9.287959,0.3842848,-8.858313,0.8417105,-5.0382204,1.5001893,-8.9944725,-1.6397332,-5.4979305,-2.1327653,-5.1908035,-1.4122868,-6.595295,-2.0926557,-2.6677155,-1.7221848,-4.159636,-2.957998,76.84777,78.47552,32.94268,28.669827,22.214222,25.39063,14.855171,15.427541,13.100616,13.5503235,15.242703,13.159233,12.524334,7.561864,6.77678,8.393633,8.198975,5.831474,8.561572,6.7621217,6.7688823,4.4187083,6.5278096,5.3991594,4.216665,4.5469327,4.0519195,4.0685816,4.308393,3.0959635,4.3619585,5.0212083,4.6551023,4.6211534,4.7163606,4.888075,3.7741122,2.9122653,4.795446,5.953774,sad,17
-421.043,96.477066,-14.585246,13.551147,12.522535,0.80161244,1.012486,-13.174716,-14.320224,7.9115825,-0.49041852,-5.379849,7.370038,-2.7415435,-1.1186018,3.2443254,-4.0003734,0.48328215,-2.6174862,1.3477314,-2.2233915,1.7626437,-5.7686124,3.017547,-1.2276582,3.893161,0.045228,2.7201939,-3.905333,0.07056616,-1.5728911,1.4230431,2.3745298,3.2986977,0.49789208,0.12949917,1.5100056,2.3042388,3.7126756,4.3122907,145.73195,44.41772,26.280788,25.337427,19.707693,22.313702,10.161815,11.447164,18.338308,13.629497,15.421362,12.856838,12.767076,10.5479965,12.012083,10.317744,9.663408,7.4010367,8.433449,6.0908747,7.7001557,7.040031,10.221317,7.026555,9.207595,7.419664,8.846986,6.4168224,7.302049,5.838019,5.7533207,6.7241006,9.864193,7.0642724,7.7312613,7.8567886,8.772471,8.127559,9.179957,6.7699213,sad,17
-435.77103,96.36052,-16.927462,14.7281,10.74276,-4.2225237,1.195686,-13.576937,-18.704725,4.4718013,-3.3604925,-7.0772705,5.275985,-4.7848825,-2.3732052,0.33264634,-6.526257,-1.3164432,-4.9395967,0.5865985,-3.9260168,0.063882604,-7.695201,-0.21641321,-3.689814,1.9160142,-2.6218684,1.2580386,-5.2027206,-0.47913504,-2.1496994,-0.04183741,0.90490323,2.1843286,-1.0310314,-1.6774253,-1.2203256,0.60731906,0.9465269,2.3904383,146.6497,48.391254,26.902164,24.9949,18.635534,21.192038,9.073059,12.321567,18.438004,13.209606,15.351148,12.555316,12.813982,11.062141,10.576633,11.194511,10.283661,8.216293,9.478308,7.9928584,7.6888084,7.4215026,8.666095,6.69909,8.961652,4.9660907,8.01524,5.7053256,7.368995,4.614808,6.0706444,7.5899677,8.919103,7.035939,6.7058573,6.620565,7.8370886,7.1493897,8.119124,7.945334,sad,17
-441.5696,86.1353,-16.817558,18.429361,6.781929,-0.82799995,0.83907765,-15.966515,-16.768349,3.8635864,-1.047843,-8.907307,8.404254,-2.354554,-2.135426,5.208791,-3.4499002,-2.2623045,-2.5110545,-0.21900731,-4.943033,1.701311,-4.4497643,2.6844914,-0.2448038,1.8550731,-2.1103616,1.90417,-4.2348175,-0.40727526,-2.054643,-0.506991,0.20554313,1.5183995,-3.1610086,-1.5743326,0.67913723,-0.26632768,-2.7934065,-1.7158035,137.16911,62.620693,31.412363,22.226336,20.553469,24.447138,10.73255,11.659023,16.641811,12.492787,14.022904,13.334828,12.588566,10.598793,11.892238,11.872135,11.514459,9.013048,9.497374,6.9916987,8.281602,7.0354595,7.852203,5.615949,9.508351,6.872157,8.516504,6.0190887,6.98492,4.2955832,4.733286,5.626401,5.0280633,6.247197,5.7690997,5.968237,7.1383696,6.224856,6.130466,7.1000113,sad,17
-333.63034,95.72791,-22.134722,16.29471,9.599264,-8.8752,-3.1618836,-12.508939,-28.577927,-1.0876174,-10.775008,-17.997759,6.262526,-8.533141,-9.865252,-3.4369538,-8.0272045,-9.029703,-9.784178,-0.16397256,-9.80252,-2.2719514,-9.782922,-0.3368155,-6.2538714,-3.2438664,-6.203303,-0.10062092,-7.171032,0.11170657,-5.554453,-3.110081,-4.006679,-3.766736,-6.6437182,-2.5094802,-2.7475195,0.7593039,-0.29555413,-1.4904323,70.47301,69.65803,32.736828,28.434702,22.383217,25.7245,9.795774,11.994419,13.281114,10.401343,13.991162,9.539026,14.943383,7.647325,9.257379,6.2111454,6.3396363,8.339057,8.99114,4.757152,4.379925,5.835459,6.4945173,5.560123,3.9749966,5.9509344,4.1995044,4.0416207,5.725339,4.296001,3.761878,4.0595703,4.202827,5.0718303,5.170013,9.489898,11.51785,11.687383,10.711764,10.4210615,sad,17
-451.91168,108.778,6.6439977,16.890045,14.747668,2.6865747,2.905758,-5.8844137,-6.279102,-0.2870684,-5.4602456,-2.3133395,3.35,-1.1421794,-3.9790275,-5.44695,-4.8896017,-4.487493,-1.7523057,-1.8236243,-6.1776004,-0.81008685,-8.224079,-2.3517523,-6.246416,1.3398776,-5.8563395,0.8059737,-5.2629075,-4.106139,-3.910318,-2.7139056,-0.7869741,1.9903644,-3.026407,-1.7535677,-4.0504613,-2.0529013,-3.8001688,-2.5166268,94.21536,53.58379,25.118818,29.889322,23.145247,21.443712,13.129606,11.68225,10.417824,12.168139,10.910924,10.559605,9.799877,8.121298,6.472049,6.2051477,6.4924297,7.6360765,6.359145,5.3034735,7.8145127,6.712575,6.405114,7.2823253,4.8796945,4.547746,5.4162703,5.133783,5.1812015,5.344824,4.6780725,4.0795617,4.1268997,3.416596,5.2898636,4.715674,3.0796409,4.6944275,4.075597,3.3215106,angry,17
-418.57108,119.92395,-0.42495257,17.64766,9.232287,-1.5971236,3.3516352,-8.569541,-6.2515864,2.1561012,-11.240638,-3.6803005,2.08951,-4.8513217,-5.3352284,-3.9620812,-5.2782297,-5.4937987,-4.3029413,0.84490246,-8.771393,-1.9345158,-7.5584307,-4.0778713,-7.881868,-0.5234283,-6.6262093,2.300107,-3.57966,-2.665644,-2.2399244,-2.7889876,-3.8466742,0.2836099,-4.478881,-1.027273,-1.5091066,-4.5694685,-4.347733,-3.2503266,81.64691,55.86134,25.622776,30.358143,26.423582,25.003801,14.001094,11.932937,10.523262,13.500936,10.697893,12.042115,10.635497,9.413469,7.1845036,6.7534266,11.356813,8.362332,6.3051176,6.6472535,5.5757275,6.893091,6.3164535,6.263138,5.249018,4.2187333,5.623009,5.219698,4.976738,4.104887,4.1718664,4.450689,3.8091073,5.5836124,3.7245653,3.7883584,3.3006892,4.5448103,2.9912145,3.7208776,angry,17
-346.00058,100.669495,-22.74971,23.762508,8.198383,-14.544888,10.230298,-16.487938,-19.362778,4.2047577,-14.098667,-9.326864,7.1053123,-9.484407,-4.2759676,-2.599736,-5.2227616,-7.182692,-3.3277345,-2.956447,-12.935709,0.61451143,-10.6224575,-1.3968401,-9.186912,0.018643022,-4.8582983,1.6526561,-6.7531557,-1.8252366,-4.7627764,-2.7284884,-3.7918653,0.18630674,-6.123932,-2.5030637,-3.966423,-2.56527,-5.6601276,-5.0139394,77.2683,75.800186,38.578236,29.25539,27.398151,32.41199,15.34827,14.047711,10.428995,10.585584,14.587134,11.517606,13.40351,12.333072,6.8569145,7.4097915,9.252201,7.8950076,7.3149114,6.947292,7.0933857,6.9518857,11.009063,5.518971,6.3467236,4.7732177,5.237585,6.6536827,3.9908435,5.0470204,5.8780713,3.40454,4.1622276,5.0133896,4.7090163,4.290717,4.625273,3.8846018,4.5847316,4.5257373,angry,17
-406.33398,106.142296,-4.547956,20.24993,8.833599,-3.702042,7.683898,-18.69921,-15.894425,3.1826816,-12.226613,-8.028973,6.6615133,-3.511181,-5.014191,-1.4396862,-7.1921434,-7.207085,-1.4173566,-2.1473563,-12.649296,-1.1321619,-8.07438,-3.6677806,-7.036301,0.97246444,-6.2667823,4.09946,-9.503088,-1.4652555,-3.4176536,-0.39243364,-3.0162678,-0.8749471,-4.600898,-2.8183763,-4.417486,-2.9829047,-3.6698925,-5.123484,86.55137,83.10304,32.708138,28.922026,24.940321,27.833794,13.01792,13.84088,10.995068,9.814967,12.448554,11.166312,11.322836,7.987753,8.049693,6.8121734,5.873564,7.6126337,7.881017,6.26215,7.6691985,7.261539,8.659686,4.8978276,4.704071,5.1377463,5.436452,5.3174615,4.05629,4.866313,4.49984,3.95159,4.4592967,4.244684,3.9218163,4.345074,4.0417204,3.9317684,3.3591924,3.6995547,angry,17
-233.277,97.22351,-34.021954,20.068678,8.123727,-13.8959465,0.7120898,-6.229831,-23.451883,2.9577854,-13.412852,-13.463303,6.6029387,-9.058975,-7.402156,-3.71104,-11.963214,-4.8165655,-6.331193,-2.9549365,-9.315245,1.0726621,-6.498129,-1.185677,-0.64835393,5.371322,1.1601156,6.1856875,1.2599692,1.4904855,-3.2843454,0.56670415,1.7025828,3.1649256,-1.8023779,-0.2663832,1.6293244,1.5932926,2.077199,0.906745,86.48451,52.618782,28.133821,26.283129,26.521002,22.407969,15.652832,16.941683,13.118733,9.459504,14.260387,12.587175,14.066861,9.591942,10.486965,8.087312,9.193174,7.7998652,5.2725673,6.9419003,11.758735,10.9417715,6.9949813,6.76385,7.5241756,9.367895,7.9046955,8.442272,11.255324,8.159924,8.347307,8.304426,6.389706,7.030434,6.5200963,4.417685,6.3951955,7.482833,7.226111,8.852551,angry,17
-178.93631,86.05891,-35.246586,13.189666,3.6478457,-21.868862,-2.2030468,-8.922546,-26.58031,6.034574,-9.35333,-12.130083,7.9376974,-9.4602785,-11.70531,1.4437463,-12.535032,-2.1953034,-3.7590027,-7.238026,-8.785907,-0.9431485,-5.434463,-0.73281014,0.6500733,4.608539,-1.3697237,5.1339965,-0.91041124,1.9508799,-1.8048179,0.4730207,5.9979973,12.482174,10.074364,13.658251,7.8823056,5.090165,2.523207,3.1675725,72.44089,45.849716,29.49626,26.921732,26.351484,25.457159,15.859465,16.139414,14.766952,8.892201,15.152535,10.92059,11.344503,10.975386,7.9449344,8.450069,10.868849,8.877584,7.6894946,9.758303,7.47822,9.699879,9.231226,9.282407,8.136244,11.165574,10.551059,14.326134,9.866059,9.762729,11.660389,9.638359,10.604895,12.501481,13.99106,15.456356,13.150454,8.065862,7.264696,5.2594886,angry,17
-222.58871,88.95034,-32.885597,10.099967,5.0189204,-18.146305,-1.3751817,-4.2959366,-30.052557,1.5637013,-11.690212,-12.89876,5.6248803,-8.387455,-6.4294744,2.0844648,-12.920701,-1.482305,-6.7259874,-3.5070672,-12.27914,-0.9240208,-7.1688514,-4.775894,-7.382497,-0.8417844,-7.63237,-1.0769523,-7.4511337,-6.25408,-6.222713,0.71344405,2.2026956,9.739707,6.9373894,6.335612,3.5627148,2.6316273,4.552005,8.393014,73.58701,63.27491,36.796734,26.835503,27.518955,33.224594,16.440763,17.118765,11.832552,8.980771,12.98946,9.864551,12.148343,10.588191,10.667853,7.603313,6.440558,5.5886035,7.7096944,7.598443,6.365967,5.5484643,6.2470603,5.694973,4.3165574,5.320406,4.7067156,4.5928545,4.552906,8.973616,8.608098,10.498592,12.440393,12.937867,16.748968,16.88945,11.676066,9.274664,10.852073,13.320039,angry,17
-225.68314,81.45155,-34.387375,13.721239,4.4466577,-15.114977,-2.4712222,-10.793079,-30.328815,3.5146344,-9.946836,-16.493298,8.727404,-8.403135,-12.378658,2.8687036,-13.955575,-5.29213,-6.8004336,-4.9924498,-11.786996,-0.0997758,-6.935258,-8.9544935,-6.483242,-0.24943931,-6.44104,3.3140085,-7.2330804,3.237785,1.2536958,4.2039394,6.9617143,7.4471455,0.5378898,4.270515,6.0798135,5.213426,6.4163494,7.52142,70.63806,63.565296,36.94861,25.335875,27.094557,33.235138,15.469529,15.035966,14.267304,11.03049,13.717812,10.502212,10.707808,11.750848,8.49903,8.965935,7.3772283,4.8517094,6.854836,8.51425,6.0118284,7.0664926,5.57675,6.674284,3.564704,5.1695995,5.417377,7.932779,10.147668,12.155678,14.77983,13.991718,15.062666,14.228664,16.227615,13.48624,12.4316635,12.660775,15.539009,14.172269,angry,17
-571.03546,114.83406,4.857932,19.048191,-0.4647298,-13.099829,-4.7472405,-29.96851,-14.894093,-4.6966233,-3.1164715,-12.06871,-12.280093,4.1203074,-8.546681,-13.444453,-8.719925,-4.544565,-7.230367,-12.435955,-5.8435516,-3.8571734,-12.96197,-4.28397,-6.4446387,-8.102953,-8.500585,-1.5288707,-7.7371,-2.6932898,-6.1746507,-3.2922688,-7.966269,-2.9730635,-3.5936387,2.7166665,6.832832,15.609531,20.069881,21.180132,65.27895,51.84193,27.760916,23.58555,14.531517,17.613836,14.846139,15.579088,10.220683,12.192583,8.799575,7.424761,9.620343,5.8405404,6.23727,9.2235365,6.8674307,7.2788615,5.205925,6.530264,5.7597466,5.891718,5.607997,5.5404534,4.9336424,4.874184,6.0810676,4.137585,4.340055,7.2536063,4.7441354,5.0814414,5.620578,7.155437,10.8459215,11.715509,12.236283,11.154619,13.44512,15.446676,neutral,18
-552.7738,111.694565,10.074306,13.885921,-0.40234122,-11.454861,-4.152284,-29.610497,-11.691215,-5.072317,-4.076838,-11.726052,-13.481099,2.499999,-6.199148,-16.290148,-8.671825,-4.4652095,-6.990305,-11.834774,-7.580402,-6.341036,-15.846828,-6.20096,-8.142896,-7.6609473,-8.757844,-2.2319279,-9.002356,-0.85284084,-8.484464,-3.8725755,-6.408504,0.08857552,-2.2154117,5.5225525,6.2541003,11.252078,11.339762,14.189023,61.595997,51.14434,29.37567,28.26379,14.932308,16.957762,14.536138,18.38555,11.089467,11.77393,7.6099577,9.74207,8.809568,6.9498854,6.84872,9.823884,7.223133,7.7793465,6.4463496,6.132787,6.5391445,6.357039,6.5604734,5.216161,5.445382,5.5005093,4.924006,5.513328,6.779632,6.228245,5.9534845,6.6862717,7.6370673,8.660751,13.050175,15.624184,16.617918,13.952922,12.197391,14.616789,neutral,18
-572.1511,97.5695,22.35929,10.621113,-6.9786897,-9.275443,1.794747,-27.288885,-15.314258,-4.9989557,-6.314982,-6.934137,-14.411728,-1.0185406,-3.6776497,-13.166201,-9.292232,-5.022557,-9.317173,-14.310431,-10.577326,-6.0882645,-15.656852,-5.257657,-6.528709,-8.603533,-6.6100035,-1.1529757,-10.969208,-4.0591846,-9.975975,-2.2751575,1.0969397,12.58543,12.173159,15.365611,9.004471,5.365124,1.9581128,2.8217623,71.74764,54.77664,29.250168,21.174253,14.865049,18.208115,19.78656,13.340282,10.227606,12.893231,8.783561,9.766465,9.923419,5.709902,5.847118,7.4658303,7.345561,6.9280734,6.7905064,6.309612,5.8418884,5.4798684,4.5634904,4.4852996,6.2590485,4.2335486,5.3373985,5.646125,7.2441173,7.2432585,5.8858266,10.249157,15.484142,19.33622,18.529781,16.610907,14.47917,14.42109,11.847979,10.596496,neutral,18
-562.81726,117.394295,7.659851,8.182418,-5.4518075,-7.374742,-8.830202,-29.559969,-17.93726,-0.92078096,-5.345702,-9.543986,-7.254744,-0.28696805,-7.962196,-14.124761,-9.990231,-3.914186,-11.154044,-10.295099,-8.432811,-4.74979,-13.572825,-4.6754746,-6.0017276,-7.750301,-10.68999,-2.5854695,-7.5749717,-5.420248,-8.486773,-3.9797807,-10.012756,-2.839715,-1.6854995,6.298679,9.530042,17.352554,14.543333,12.069651,60.004494,58.084286,35.04845,22.994062,15.498152,18.781752,16.666872,13.577259,9.772509,12.853392,7.945784,8.62228,8.975812,5.6261277,5.8671308,7.3531303,7.614585,6.070408,5.945478,5.5619116,6.478124,6.6671214,5.40121,5.3600693,4.396964,4.890164,4.8417993,5.396268,4.3599105,5.841805,3.9815154,5.999087,7.317543,6.790051,10.120668,15.590278,19.77836,18.703844,17.066374,18.605299,neutral,18
-413.08752,92.20255,-23.708092,3.7580984,-3.446427,-17.402704,-8.593028,-34.041496,-16.789108,-14.032385,-13.621738,-9.772013,-14.440188,-5.749758,-9.0421,-17.44305,-14.284731,-10.927406,-10.986322,-9.115821,-4.709992,-4.3994007,0.84412336,6.878813,-1.420069,3.055864,-0.53752154,5.220285,7.268832,8.21458,1.8178142,6.436983,3.2592335,6.1618505,1.2553241,0.3667779,-4.1804075,0.15893854,-1.9058404,0.7689276,62.468407,51.932945,39.057632,28.422916,21.621847,22.188356,16.449415,18.792711,17.506693,10.82907,11.222204,9.651459,11.391324,6.6683865,6.815653,8.644955,9.930262,6.058657,8.734048,6.714381,8.795941,12.667709,17.96627,15.747006,12.731426,15.723791,13.4489355,14.793046,14.086018,11.915737,12.55944,16.395386,16.296339,12.069847,6.607926,6.4134717,6.2882648,6.153154,7.171026,7.1398463,happy,18
-428.64548,85.73315,-25.937113,8.357482,-4.3796387,-24.794569,-12.102494,-33.26285,-14.669619,-5.4862294,-11.899819,-14.325221,-14.933872,-1.1829004,-11.630071,-16.483856,-8.008733,-9.833027,-13.48042,-9.351382,-8.607964,-8.258075,-1.5005624,14.504429,12.208545,18.478786,10.68952,5.1783433,2.4345415,1.5357202,-1.7316802,5.0395093,0.19672158,2.6973863,1.1176069,4.9885325,0.76832676,-0.48992684,-6.4115777,-1.5330844,49.110313,44.272408,41.706463,26.375214,17.446537,24.464481,14.24303,15.272087,15.727699,11.999715,11.241992,8.461369,13.873284,6.694279,5.846057,8.69706,9.580231,6.929909,8.770554,9.029189,9.239515,11.466679,14.979102,16.284117,15.819329,16.41324,14.881787,14.954626,10.582248,9.154537,6.4356356,9.615742,7.8422136,8.803494,11.656735,7.8722277,6.893765,6.839142,5.181916,6.2559023,happy,18
-471.14032,93.59369,-14.723396,11.972592,-2.508701,-15.6709385,-11.843699,-32.80735,-15.253205,-12.42567,-11.552913,-10.089976,-15.380385,-1.2228712,-8.4885235,-16.560015,-12.333037,-9.065582,-13.790659,-11.952816,-6.917338,-8.904769,-8.883841,-0.76892215,-6.936649,-2.853641,0.28253067,5.1239386,1.6658628,7.806761,-2.5493217,2.8802602,0.2035593,7.351748,3.8614073,8.254476,5.0373745,3.1674745,2.2765658,3.5435872,60.01911,62.557877,40.217846,24.50004,17.930447,21.82378,20.04568,18.01786,18.429901,11.6045685,10.460733,8.2787,12.67443,8.383539,7.6676326,9.478448,6.650342,4.834212,6.611613,6.742941,5.4475274,9.694303,10.920615,11.140176,9.329907,12.32692,10.975024,16.308739,18.79136,14.54818,15.264829,12.565889,13.817331,13.058609,14.203933,13.145919,12.725258,11.319089,12.272895,10.0414505,happy,18
-457.38446,83.32715,-13.482676,6.120412,-4.5431604,-24.177223,-12.972148,-30.796799,-15.826318,-9.74458,-13.275891,-14.303252,-16.04026,-4.092028,-10.332915,-16.116224,-11.694736,-11.307718,-12.589127,-12.120491,-9.168452,-4.1453657,0.055780597,7.1793547,1.1295322,8.582636,3.6374025,7.203663,7.8304462,10.706444,1.977403,3.7583804,-4.468452,-0.68009216,-1.865187,2.400562,-0.99582446,-2.0394351,-3.7473032,-2.8608456,67.866356,56.37162,41.611534,20.768803,17.673506,22.001328,17.523598,17.7569,20.494312,12.836037,10.6565895,8.23274,11.010678,8.803307,6.6130505,9.823136,8.762196,8.721806,7.739053,9.241059,7.0953927,12.841212,17.119482,19.30887,18.235931,15.6095915,12.910627,15.174131,13.587617,15.2891245,13.264523,12.293461,5.8083053,5.5470037,6.203892,6.54215,6.720133,4.368192,6.985817,6.328388,happy,18
-277.6912,20.774893,-52.470474,-20.895948,-19.559015,-20.980404,-14.797258,-16.502047,-30.387146,-5.180543,-17.564352,-10.538093,2.6506178,22.318325,25.792177,24.06949,9.7715,2.8406174,-2.604549,4.4616265,0.14410634,-11.026507,-15.768397,1.151536,-1.5586451,7.7232695,-0.26339617,7.2538996,5.648815,1.719703,-7.8609037,2.5198262,0.11702151,-1.7084752,-1.3351839,0.15928945,0.4539564,3.7232723,2.8632205,0.9949183,53.78592,34.882492,38.64123,28.420156,20.626413,19.385363,18.518492,14.011189,16.150938,12.637017,14.855432,17.921913,18.131514,24.540897,18.906315,17.47334,27.795769,25.795568,20.032564,15.6539955,12.195701,17.091892,18.268414,17.401417,14.964175,13.741966,10.6125555,9.814797,14.32786,16.443714,15.175348,10.073617,8.707568,10.507963,6.397562,8.485627,6.877382,13.591512,12.471702,13.287016,happy,18
-288.08997,35.150448,-44.054935,-12.492511,-17.09121,-14.466502,-12.142177,-13.097366,-22.34432,-4.5587683,-18.966959,-9.762117,0.7786241,17.740112,15.989308,19.193613,11.188088,6.910945,-0.96825683,4.612214,0.48153272,-0.5786532,-11.272156,-1.6651477,-3.45615,7.3532968,1.1483438,5.89631,4.0140567,2.0005596,-4.9299946,2.9568477,-1.321129,2.7546082,-2.1170511,-1.43613,-0.51251966,1.8906885,-0.17384341,0.7375622,66.41769,43.478493,35.913975,39.17222,26.12938,22.621317,17.697412,16.029057,19.3353,10.688836,14.018193,13.117999,16.611715,21.549097,20.14207,18.360886,17.893398,21.464405,19.167292,16.159655,11.959283,15.740398,16.117378,14.052411,13.920213,12.9018135,9.578556,11.99794,11.663561,13.818766,17.00783,10.100157,9.833691,8.254169,8.242169,7.1287518,7.4161806,8.521604,13.220027,10.023239,happy,18
-280.4804,24.574001,-64.6324,-11.390335,-21.217415,-28.301186,-19.661224,-20.283134,-27.528158,0.3621597,-14.991774,-14.9606495,0.5763005,10.501389,14.969855,25.32594,17.53636,13.5627365,-3.1952977,-5.1467123,-3.776195,-0.39487776,-8.982963,-0.46853054,-11.923641,1.440837,0.73103684,2.120696,-2.38241,9.22133,2.0370321,6.2424936,-3.0042462,3.3269947,-0.570326,2.5377736,2.311578,0.31327426,-3.7146463,-1.3138428,64.19153,37.98862,43.85835,34.07933,24.03548,17.866983,17.91017,11.124058,19.736353,11.420336,13.234568,17.8718,23.51165,24.380943,19.648943,21.597626,18.908121,20.945492,18.711483,16.614971,15.84553,13.499392,15.994243,16.732384,14.041059,13.15828,11.650637,8.711753,13.416206,18.04283,17.155552,15.529955,11.99996,7.4933705,5.7489967,6.602202,6.8125134,9.749754,11.873251,12.120988,happy,18
-282.54236,10.089669,-52.82811,-20.446062,-21.999199,-23.607218,-19.476921,-18.981606,-23.546791,-1.5334628,-19.064133,-10.447157,-1.1138561,15.299123,22.678783,27.296543,18.69669,3.6070175,-4.3852715,-3.0922139,-11.031506,-10.180565,-11.782699,2.814995,-6.335815,4.8896594,2.2802255,6.871093,0.08412495,-3.5372813,-7.9411,7.4680805,2.6121318,-1.2383645,0.99232596,4.9900823,-5.07695,1.8807639,4.668236,1.589017,53.61266,34.88261,39.911896,31.603018,23.45258,21.133106,19.598116,15.584482,16.15762,14.854348,13.823799,14.669409,19.058983,28.42309,17.421999,13.454372,29.218987,28.74475,19.620102,15.995352,15.765158,18.018496,21.513357,12.600006,17.164782,15.6552,11.2122555,10.035224,16.080343,14.415881,21.508183,12.534988,10.30428,11.639201,7.7527714,7.855777,10.4415865,11.007908,16.966202,10.969402,happy,18
-461.7206,103.041214,-20.117176,-1.3664,-0.66062874,-27.236464,-0.2047754,-24.116257,-26.469927,-5.976646,-5.5055456,-13.856652,-6.84059,-10.822863,-7.0078783,-10.173577,-11.7406225,-7.6236663,-8.658893,-13.634194,-6.9828677,-4.134478,-8.350282,5.413821,2.242975,10.642146,7.0245595,6.185595,4.731052,5.8822837,8.359294,8.527713,4.011562,3.4680471,-2.0325925,2.2900622,2.0129585,2.8419905,-6.4669,-5.6746864,51.46204,53.705814,37.628986,29.377115,19.323887,24.90639,18.648756,15.1942215,12.224422,13.015463,8.025583,7.942948,9.624398,8.589993,8.270014,7.5389433,7.042988,6.1569166,5.796687,7.325645,6.400578,7.1488237,10.076682,15.317296,17.74556,21.407444,21.31378,14.817034,15.641844,19.571892,20.537115,17.976236,15.314888,14.1756935,15.170495,13.2643385,9.343334,7.28733,6.5207257,6.6389704,sad,18
-477.64337,95.063644,-15.353408,-2.3020785,-10.289912,-18.281866,-0.5389831,-23.20283,-25.774591,-3.986936,-8.507814,-16.471972,-6.9528794,-10.992491,-7.775721,-9.682268,-10.278507,-8.895951,-7.1299844,-11.123614,-6.2107587,-0.6098479,-7.467368,6.220322,1.1269414,7.5991893,2.6261292,7.4414487,4.7443666,9.762582,6.699894,6.516823,1.4592489,2.1213746,-0.07422913,4.9049525,1.7133136,3.339455,-2.8774564,-1.1411096,64.0567,58.789818,37.323605,29.074577,17.664164,24.279596,18.644148,13.563627,11.6785345,15.440704,9.95242,8.6652355,8.769462,9.265488,7.1445036,7.694822,7.7643604,6.4583106,6.8602896,7.307583,8.408823,9.701205,14.5742855,17.635414,17.540651,19.528038,18.906925,15.470166,15.766909,21.23207,16.526014,16.51719,14.858946,12.952483,15.003181,13.577748,11.505061,12.544541,11.563754,11.438403,sad,18
-532.5927,89.81686,15.418132,2.6454182,-7.5036516,-11.913762,-0.024790939,-29.347845,-16.992338,-8.63869,-11.59202,-9.203408,-14.116263,-1.4921358,-8.69046,-13.163735,-9.608887,-10.428863,-11.319933,-12.58276,-9.92976,-7.153345,-15.330119,-5.8207603,-8.250269,-9.618039,-8.194382,-1.3736337,-7.2507825,4.8655553,2.6158893,10.628063,7.907608,11.520406,6.40071,9.335091,10.486549,10.144472,7.365537,4.400367,52.007374,62.432846,28.084301,25.612694,14.82643,20.32001,19.177563,13.297944,11.048253,10.901737,8.86581,8.40137,13.15308,5.392852,7.519124,8.297505,6.5315905,6.5784183,5.7931757,6.0772448,6.335781,7.0683656,5.60382,5.734956,5.293106,4.841621,6.733334,6.0377364,11.45633,13.54474,14.995054,20.945946,22.019789,18.044342,12.418758,16.226593,18.665833,14.687636,11.572918,12.266744,sad,18
-508.4242,93.38195,7.2986436,-1.2597207,-5.846764,-12.739072,-1.8436054,-28.946003,-22.156069,-5.257661,-12.3185425,-8.5705805,-12.645986,-7.6528096,-4.790465,-13.937975,-9.098625,-10.40156,-9.903895,-12.878009,-9.187309,-8.715817,-13.505694,-6.7834673,-9.877031,-7.7548995,-8.050158,2.6936224,0.8383473,11.465354,8.585664,11.484529,9.934696,10.937192,9.781636,10.132891,7.3271937,1.0779593,-0.3499703,2.2814128,51.773335,59.95596,31.911816,30.61416,17.386866,22.545835,17.879663,12.164138,11.345412,13.366862,8.493074,9.846796,11.33425,8.722278,7.6882544,9.137581,6.4268203,5.769721,7.742345,5.951586,5.0020914,6.732468,5.660037,7.3426585,6.893242,7.270652,9.032938,11.801768,16.188992,20.220139,19.131336,18.627777,18.456217,20.133085,17.722658,15.251734,15.408572,10.311453,10.93413,13.54023,sad,18
-375.55264,53.606762,-52.46783,-19.348606,-28.40245,-26.203539,-20.021631,-26.310818,-36.703144,-13.254145,-0.33948714,-17.747301,5.247534,11.018607,8.727843,14.370703,4.8027005,11.5643215,7.8741746,9.756158,1.0083296,0.3284713,-19.819242,-0.8909319,-3.451639,-0.26892453,-9.869196,-1.0016629,1.7640946,2.9796093,-11.721454,-8.792293,1.4051054,2.3126721,-1.0053433,1.2908853,1.1637375,2.7111945,-3.9212294,2.697097,85.813614,38.65244,35.121403,30.783922,31.112333,20.658304,20.805862,15.232279,16.382725,14.488469,17.26443,19.388653,20.463608,23.741083,26.3955,19.547792,18.43608,24.627308,26.167631,18.649271,17.041069,16.637468,13.897734,13.296826,13.753224,10.807348,12.271924,11.264962,10.707325,13.293118,10.082301,10.693361,16.081343,13.700966,13.123068,8.069301,8.57845,11.721992,11.501949,12.532619,sad,18
-352.83243,54.38543,-49.12514,-12.6245165,-26.823559,-31.512115,-20.746655,-30.182442,-37.721718,-9.721183,-1.1987293,-22.81262,0.09371248,1.1028221,-0.31484544,9.681915,5.3847914,12.410834,9.417793,12.60736,11.505804,8.198808,-11.542843,0.47623107,-7.6062264,-1.1952683,-4.8097367,-3.322572,-6.1692805,3.1699572,-3.4038942,-6.0620947,-5.134609,-2.0310445,-0.23498592,2.6668446,2.8836274,4.3754206,-2.6366973,-1.7592666,69.414856,36.17387,38.859715,27.73596,30.012787,17.656046,16.530447,16.669508,17.926868,8.4056225,14.866545,12.762817,14.8370905,21.979431,21.282368,21.474943,19.858986,18.53502,23.398893,16.150112,20.58519,20.411522,17.848751,13.579291,11.446253,7.848719,12.22208,9.849339,12.49645,10.717569,8.153154,12.534695,10.306876,8.978779,10.108948,8.28216,7.412977,7.837533,10.580017,11.384736,sad,18
-376.36096,58.20455,-41.237343,-16.58365,-10.859791,-35.25588,-22.541252,-30.505629,-34.551083,-6.1383214,-0.56312764,-22.698519,-5.353595,-5.4982824,-11.818468,-3.4302576,-8.350801,3.3208973,5.6749506,14.377436,15.323804,24.68153,6.0340424,8.431092,-7.69199,-6.4200025,-5.085834,1.07317,-0.7714619,-1.1134735,-8.180671,-3.985003,-2.5306492,0.49265593,-2.1670792,-4.4027634,-3.3999248,3.496447,-3.2749805,0.33748797,74.57284,48.3483,42.83165,24.872578,22.45349,22.884264,15.891265,13.063119,16.958506,10.910892,14.225702,10.993657,9.277562,12.268144,12.429123,12.38182,15.234037,20.773993,19.49881,16.84078,17.26034,26.73615,23.093784,18.32618,18.392197,12.807978,11.199624,11.286419,9.708201,10.7172985,9.130888,10.04401,10.040786,11.027935,10.375313,9.819945,8.761471,6.6123676,8.087381,13.428141,sad,18
-390.70206,45.798435,-41.107357,-11.419074,-11.751441,-31.67782,-21.228807,-20.56735,-35.101627,-4.29529,-3.219763,-23.31105,1.994488,-6.801445,-5.466436,-2.6586826,-4.720062,1.4571658,6.8531246,13.14172,16.483816,19.147715,-0.51377404,4.681091,-5.3226547,-3.743643,-2.9094942,4.1640744,-4.645766,3.6667662,-9.613876,-4.1575675,-3.901898,-3.0428278,-3.9889965,1.035742,-1.1505606,2.7532709,-2.8609397,1.0666336,91.762794,53.063744,45.224457,27.353777,23.638105,22.186758,13.908607,15.150822,16.093168,15.028081,16.892368,11.277632,13.805825,13.509129,16.315342,19.034071,16.094048,19.90818,18.746315,16.755243,21.216532,25.21105,23.59809,15.177082,13.338962,10.329494,9.8188305,12.459522,11.255374,10.548258,11.609535,8.831774,10.985017,8.508004,8.364248,8.525294,7.909771,7.7256975,13.391667,11.884349,sad,18
-394.0659,91.23255,-42.80179,-0.03675461,-18.153687,-22.71046,-8.980743,-27.848944,-29.883753,-1.8886281,-8.750198,-10.9169655,-7.566719,-11.758362,-7.893603,-15.963083,-13.774016,-5.5375395,-10.52814,-5.179235,1.1763718,3.2886562,2.1473596,2.2369947,-4.1446643,-4.727712,-6.9037323,-0.28598985,-0.36439273,6.6917048,0.94874406,5.0062385,6.528354,7.751984,4.643805,4.063683,-0.18460067,-1.4404542,-1.6711867,1.6738662,59.628456,61.994274,36.900723,34.8528,24.247334,23.959316,22.346989,17.131794,13.506552,13.659217,10.760236,11.036928,10.829217,12.068187,8.674902,9.1285305,7.096113,8.390722,7.6287193,11.435831,14.272688,17.39518,21.320477,19.373663,13.187179,10.149299,11.101467,13.88199,13.305581,15.764464,14.838487,16.645565,15.789501,15.153263,16.139914,10.767823,10.14454,7.7689667,6.4884443,6.9533353,angry,18
-399.57394,77.47354,-22.302837,6.2253013,-18.278711,-12.054665,1.641269,-21.022898,-22.900785,-7.4130607,-8.283883,-6.4937935,-9.201029,-9.613689,-6.8856363,-9.582014,-14.752953,-9.791098,-7.6397157,-7.8828497,-5.402293,-5.6388364,-3.1827362,0.30950457,-5.0957465,0.6166592,-2.7421918,1.4694533,-1.2927375,3.5305436,0.08802696,9.583181,4.43672,7.365869,3.302837,5.117226,1.0334879,1.4429797,-1.0692878,1.2920578,52.950012,61.30714,33.811222,31.016552,17.75227,21.27377,17.30398,15.760446,14.329283,12.083225,10.582484,9.660433,10.893917,10.029173,7.9532776,10.207811,7.965481,7.841028,6.0424795,7.830379,8.850895,13.283025,14.884564,17.122099,12.200223,15.528874,15.635514,13.7443495,12.805002,11.0976715,13.511328,15.36228,15.461068,13.087955,8.666844,8.841549,8.833581,7.9234104,7.17644,6.593566,angry,18
-363.23648,76.781105,-24.699535,-4.1391315,-19.015383,-21.644293,-9.552096,-27.919619,-32.061405,-7.94247,-10.587339,-10.466112,-11.790984,-10.473442,-8.038234,-14.182809,-10.128851,-6.8555336,-8.334382,-5.9006705,-3.151027,-4.09552,-4.51088,1.1027809,4.2972174,9.168031,7.7707596,9.407607,3.7960951,6.827262,-2.0347102,-0.064957336,-2.4936652,2.569768,1.7425771,4.2699537,1.4638308,0.26993737,-2.710626,-1.024892,67.07803,86.226494,46.155113,30.297308,28.85256,25.281805,14.5748,15.722583,14.2528515,16.787827,10.893444,8.894603,15.139555,10.291042,8.039062,9.964188,10.489712,9.763119,14.360912,18.213003,12.413817,12.403066,12.596584,14.074666,19.826273,18.894024,16.74419,16.34719,15.967815,13.65808,9.922767,10.560439,9.674035,7.5961256,7.8539095,8.604541,6.5577974,7.814451,6.6748257,7.4368453,angry,18
-381.41177,84.820595,-27.319975,-5.8634653,-17.835184,-23.249569,-9.116898,-26.128082,-30.351137,-10.003941,-8.981254,-14.390265,-13.312665,-9.912099,-8.051005,-16.32358,-10.369137,-10.0082,-7.7446313,-2.5584953,2.3597085,3.646945,1.1889168,-1.6241702,-2.5874867,1.3332648,1.6411188,9.35255,2.1638668,10.764605,5.265259,6.6223164,2.3227339,-0.5225545,-3.0343046,3.8484623,1.3781587,-0.11163913,-4.6932797,-0.6211766,58.229378,72.54443,42.627266,30.920752,21.177631,22.781874,17.115416,11.555349,12.6242285,13.597407,7.5763683,7.6544204,11.6926985,7.9504256,8.110104,9.206506,9.521924,12.699212,10.431947,14.655418,13.477967,18.69539,16.049725,15.866669,15.16497,18.15666,18.613764,16.874157,16.300062,18.420269,16.694386,15.116441,12.881796,9.844715,9.443695,8.7188835,8.303078,6.570445,6.3473096,7.4577165,angry,18
-224.90778,5.692716,-69.575035,-9.975198,-34.840523,-22.089516,-14.321841,-10.894775,-27.207249,-13.2135315,-12.173619,-14.928198,4.571292,11.690338,28.167347,19.320007,8.86019,-8.948657,-13.907165,-4.647995,2.5997124,6.3654146,-11.314453,-10.0982,-5.660576,6.176608,-3.3587813,-0.44733605,6.5440536,11.501438,-5.018254,-2.29848,-3.5574234,1.4386561,-3.269752,0.039333545,-3.6023762,2.277882,-2.1714158,2.697647,71.23061,39.370316,30.36947,28.987461,20.40908,27.036478,15.179838,20.415056,18.94098,13.644582,13.6952,17.69333,20.016005,18.610268,29.505733,23.410494,18.290108,17.461517,16.58592,14.22475,11.6766,15.293493,19.41915,12.270506,14.787426,8.194404,8.001404,14.631506,15.980502,15.703523,16.403513,12.912552,14.334106,10.70442,8.179165,7.010116,7.216972,10.949524,12.288329,14.054679,angry,18
-215.28911,-14.193668,-71.905396,-15.235594,-37.430725,-8.990448,-14.29245,-10.113752,-21.589243,-14.025247,-11.431848,-0.7148271,22.316582,29.630655,29.306328,0.6734456,-10.752616,-15.030187,-7.620007,7.505138,-5.7149887,-8.421917,-9.277284,9.008948,5.279202,1.6597409,2.3142197,5.375601,-1.2599107,-2.5394082,-7.974289,2.5290792,-3.128569,-3.7260675,-0.31655484,4.663754,1.078828,2.0045955,-0.3322491,3.6512134,58.276848,42.990284,35.46323,29.76235,19.61091,23.208454,20.06461,17.06594,20.284842,12.870323,16.481152,17.21269,20.976543,20.71427,25.098753,22.637272,19.568113,17.17266,14.118276,15.92684,16.645653,13.889408,21.43688,19.621214,12.475503,8.166326,11.944695,14.368335,20.90214,15.537616,16.554016,13.402177,13.883185,10.43648,10.326565,6.9679666,12.712824,17.38488,14.171993,14.204171,angry,18
-226.56813,-11.232014,-66.512245,-20.437311,-36.20901,-15.621923,-16.183458,-12.259652,-22.425013,-7.337615,-16.995693,-16.0187,9.419495,18.809332,29.954805,15.2257185,-1.5554703,-14.434204,-8.755116,7.7988977,-0.6314872,-5.568175,-16.63451,1.1543418,7.909416,2.6113484,-4.52391,9.282372,9.837228,-0.0004971761,-16.314203,-1.6995358,4.8001227,-1.9793262,-6.0123606,2.3637242,-3.1207516,-3.61331,2.4264925,10.607982,67.28868,51.228603,45.292194,31.971037,24.73393,18.193676,19.3448,20.159512,17.217026,12.017229,11.682436,14.622092,15.858811,22.392635,27.739655,17.873123,18.502752,27.715427,21.551966,15.167039,11.984843,12.929098,14.118209,13.863866,13.408174,11.049529,10.485841,13.964568,15.916911,13.237214,12.116434,13.209295,9.232737,9.108948,10.258297,8.711509,7.015344,12.086132,14.72086,13.718497,angry,18
-245.00871,-5.704142,-62.015503,-22.200487,-34.261917,-9.04161,-10.682277,-11.175245,-18.499025,-7.9783993,-14.315755,-10.553307,6.685536,18.466625,26.76367,16.845137,-2.6120996,-11.706083,-5.2552547,6.809785,0.8169107,-1.9943755,-16.022192,-2.8061192,3.183913,3.1081614,-0.08044881,3.773902,4.8452563,6.032003,-9.134184,-3.6015024,0.23693003,-0.32655576,-3.4245458,1.6977923,2.9272475,2.938271,-1.6124046,4.5371327,92.592445,47.762417,44.937798,24.356136,23.954273,22.112543,22.71659,15.94788,22.273561,11.040528,14.747276,13.303093,16.243586,24.294544,24.697208,17.301771,20.725122,26.830166,19.167536,12.792051,12.536029,16.403732,12.57898,17.43136,15.167011,9.624293,12.092563,14.40912,16.331854,16.645721,14.222546,13.244213,8.337586,10.92642,9.33688,8.825066,6.9343653,11.964814,13.7685585,11.958601,angry,18
-528.08765,139.5556,6.8981915,21.906723,-0.56158334,1.7161703,-6.6495442,-14.567216,-22.172709,-7.3527045,-4.5710945,-14.892648,4.2735934,-2.3362865,-16.707783,9.17582,-10.875464,-6.918238,2.5090055,0.9475049,-13.840359,-1.5725199,-7.543476,-6.2145,-3.0452454,-0.71039116,-4.8838263,2.258693,-3.0573425,-0.85385525,1.5706605,-3.1403692,-4.635226,3.3101077,-5.2880516,1.3718048,-4.957922,-4.8468533,-6.869511,-2.7875144,72.45843,45.06591,23.283493,27.255888,24.762657,16.11132,13.729686,15.460453,14.684862,9.388442,15.548744,8.6544,11.933078,6.908474,13.341219,11.256955,9.056512,7.023503,7.4521747,7.0127935,6.1424246,5.263953,5.289359,5.713782,5.0750675,4.2901697,4.0400167,4.6564403,4.251263,4.885056,6.168517,4.632688,3.3924956,5.860388,4.4286785,3.2439573,3.5751312,5.065659,3.9618945,4.3288565,neutral,19
-529.0879,132.3995,8.495561,27.497032,1.5124717,2.3166187,-7.7872787,-13.381797,-24.64416,-6.218528,-4.9668417,-11.059194,2.639651,-5.629591,-13.757134,5.414292,-8.795168,-8.057651,3.281718,0.8938289,-10.938833,-2.459704,-7.30849,-8.221677,-3.2638605,-2.0150878,-3.5799792,0.86430025,-2.274043,0.0076857265,1.3041402,-4.536686,-3.1158378,2.4174194,-2.583625,2.215915,-4.556947,-0.98713607,-3.6017962,-0.14306445,71.925095,50.333744,24.454174,26.53375,22.349134,17.725473,16.617332,15.958824,14.191471,10.0150385,12.66813,8.140802,14.066705,6.653334,9.748105,12.074148,6.6891036,7.1867895,6.281771,7.056654,5.824827,6.4966683,6.224299,5.378054,4.215701,4.6943197,4.313582,5.125924,4.662748,5.3316097,5.932886,5.2104588,3.599771,4.250306,4.3980064,6.0519123,5.095426,10.287025,8.440552,7.4638677,neutral,19
-519.5673,119.28377,5.098927,32.575935,4.4412317,8.403373,-9.274151,-16.03124,-27.208033,-1.7795609,-5.741446,-14.894245,2.6628938,-6.045534,-13.096624,8.67849,-7.430618,-8.29948,6.0394063,-1.1905575,-12.650995,0.24445578,-6.9072795,-7.754695,-2.5128474,-1.6915021,-5.1358347,0.984061,-4.1907496,-2.907012,0.23314768,-4.434491,-4.0077496,1.8112279,-3.1387186,1.6581732,-4.4574037,-4.0064793,-6.016458,-2.0867238,74.34298,67.76131,25.601028,25.06593,20.631144,16.731031,16.222986,16.39219,12.856689,8.866802,13.071914,6.54401,13.132974,6.302545,10.02405,10.426338,6.828689,5.731918,5.912422,6.2817388,5.6166964,5.016759,6.146301,3.6310852,5.6421733,3.186711,4.3969197,4.0997815,4.150565,4.589202,4.6043615,4.410108,3.6325967,5.0082054,4.978486,3.3470292,4.149076,5.409964,3.800291,4.8838143,neutral,19
-509.29996,114.81585,5.9769297,32.185844,1.2919018,7.8854384,-13.026999,-23.083948,-26.20717,-6.798425,-7.216836,-17.30503,1.3600619,-6.4829473,-15.615228,8.033652,-8.6362705,-11.661516,6.3509107,-2.070865,-13.727879,0.6428439,-9.628764,-7.957104,-4.382559,-2.6160407,-6.0921235,-0.79502124,-4.1654167,-0.46150982,-4.0624743,-4.722353,-3.9730144,0.8003941,-2.8046296,-1.862073,-8.471339,-7.711306,-7.5838213,-0.68027806,65.62212,64.01448,26.569727,22.34295,21.928362,14.611781,13.087164,14.680339,13.410995,10.326302,15.71516,6.4726906,12.821467,7.2697873,10.258623,10.719918,7.5314965,8.877882,6.2486796,6.928867,4.9635353,6.591532,4.3707085,4.274268,4.7282186,4.360303,3.7532692,4.011706,4.466578,4.9135213,5.0602703,3.824386,3.5589724,4.8932157,4.9084315,4.7170377,7.2116013,5.5075,5.377446,10.806336,neutral,19
-589.4971,97.23853,9.677502,12.64355,2.4323413,8.988852,-9.839987,-9.203726,-12.884759,-3.4825325,5.5942936,-9.405573,-3.2682643,-1.8453811,-2.33364,-0.84270185,-4.756553,-0.6059467,1.8097551,-0.92853695,-3.9947503,0.007061009,-4.301898,-5.5167775,-0.23758419,-1.8057795,-2.468709,0.31655258,-3.4003675,0.30452305,-3.7091568,-3.0385416,-2.121361,-1.604591,-3.2926562,-0.9437694,-4.6468496,-2.628584,-1.8778344,4.6740932,140.58441,57.8698,30.172396,22.995745,24.783497,22.719921,17.098597,13.459334,17.624807,15.129259,12.759829,9.129921,8.364068,11.588385,11.261944,7.368264,7.4505568,7.176773,6.5251703,6.053543,6.608064,6.1133537,6.1276536,9.043367,5.316768,6.1453505,4.66118,4.7000937,6.1492276,4.5821075,4.357018,5.088347,4.1876793,3.8902094,4.2962475,4.117437,5.0861564,8.221943,9.147123,11.65298,happy,19
-488.75592,99.232544,3.2594235,19.303862,-1.572995,10.694683,-9.112219,-11.52509,-12.027965,-10.100944,2.5539675,-17.885664,-4.4754996,-2.481079,-7.5252185,-2.3721116,-7.533088,0.48612067,-2.09483,-4.890771,-6.635557,-3.1627398,-7.591694,-6.2404246,-5.5931787,-2.6447895,-4.4172907,2.8259196,-4.7868333,1.7609373,-0.5034829,0.8465597,0.9183002,3.6767156,3.0344522,6.237001,1.0452472,2.4621668,0.30932188,6.010836,105.30716,48.277214,30.212309,28.34988,26.997837,23.467512,20.178768,13.992464,18.136616,16.629648,15.218374,11.591465,8.158203,9.0999975,10.454218,8.414235,7.4770427,10.031922,7.6796618,5.940305,6.55114,6.644586,6.7700005,6.6820054,6.8931537,5.861947,9.891246,7.8520875,8.12986,8.969982,7.2185583,9.394206,9.325313,10.832308,10.322939,9.201135,7.9883633,7.76167,7.4292755,8.486452,happy,19
-565.30524,107.474594,10.668114,22.103369,-1.248947,19.434517,-11.348342,-11.050022,-15.765919,-5.4912677,-0.07970727,-9.504067,0.57016563,-5.8248463,-7.5941405,2.9856997,-6.8732543,-4.4800386,0.0003210766,-2.8117998,-5.291035,0.21025872,-3.9039578,-2.4823818,-3.9781377,-1.2092756,1.9202485,2.6025343,5.9337583,7.1468244,3.7400012,1.803305,0.6053885,1.7439812,1.7034136,7.7460027,3.0493147,4.96176,2.766219,5.311118,125.12719,67.37492,23.801205,22.816088,23.491756,16.746088,18.6187,17.482853,16.371584,12.614511,13.812168,7.040701,9.517015,7.3339496,10.523255,8.294638,9.954394,6.793655,7.5701165,5.404472,5.6138844,5.0436506,6.216987,6.082212,5.902115,5.8534274,7.464353,8.225168,9.7150135,15.018058,11.53984,11.713208,8.97544,8.349624,7.4072676,6.968198,9.868051,10.974516,9.991112,9.134469,happy,19
-539.86707,94.97464,-5.5627494,19.281141,-8.334154,14.211188,-6.767125,-10.551285,-15.430325,-3.0953474,1.8428702,-12.090739,1.5107939,-3.736805,-3.4103014,-1.1903378,-9.038678,-1.4899195,3.7054436,-5.625103,-7.495769,0.23936303,-4.0064573,-7.864879,-3.0797687,-4.048181,-4.1154766,-1.8975087,-2.184807,0.88174665,-4.3598704,-3.5160866,-3.3383422,-3.884822,-3.967775,2.7143881,-3.7238367,-0.6564445,0.2065155,6.271361,137.04016,58.982002,30.418156,26.628628,29.630655,18.133377,16.920732,14.58493,20.051096,11.659932,12.858332,10.650881,10.691528,10.356926,11.976493,7.6509957,10.127294,10.573256,9.112133,6.224469,9.138636,5.6696315,6.653963,9.510319,5.019911,6.5255237,6.851245,6.033963,7.0449877,6.1593537,6.041326,7.40712,5.8354073,5.0344334,7.5478983,6.445458,7.2425194,6.7286406,8.433222,12.872652,happy,19
-410.27417,85.362015,7.7232575,18.0308,-9.126815,-0.11175317,-15.359405,-8.593743,-17.481363,-11.32086,1.9090234,-14.659895,-4.94998,-3.1722162,-4.643296,-4.304433,-8.844195,-2.080807,-4.0843744,-5.487016,-8.00379,3.4434822,-1.7177055,6.4600625,1.6701452,6.5415263,-3.6845577,5.9943447,-2.1049078,6.445282,1.7151635,1.2502024,0.77851605,1.8721937,1.9262419,3.205618,-4.0916667,-2.8080854,-3.9104495,3.8728683,67.62742,58.844093,31.866714,26.04048,26.588507,23.104288,20.79324,12.29389,12.598245,10.476029,10.942157,9.641611,9.70559,7.9092264,7.635564,9.547092,8.303029,8.532791,11.219592,7.125784,10.827626,10.74953,13.782576,19.842552,17.906286,8.829332,8.998742,8.746272,9.855413,10.060501,11.353668,12.393622,8.703577,8.572507,8.112459,7.179781,7.703529,6.4542756,6.3589277,8.73557,happy,19
-425.75452,57.63482,-20.976519,-0.948358,-8.662902,1.8651884,-17.146715,-22.50609,-12.90831,-7.9555626,-0.97097117,-10.676594,-6.9308825,-5.92654,-4.2784743,0.39228868,-7.902067,6.002485,-5.0245533,-4.127277,-6.166772,1.989798,-2.507969,14.07045,19.473299,26.968653,18.229517,14.88597,-2.3957596,6.6102595,1.8418577,6.2129765,3.588692,1.817244,-2.3020298,6.718579,-0.10198784,1.3466582,-2.9429789,-0.5731379,118.819336,43.02231,32.500687,31.195642,25.444199,20.120628,20.614313,23.260796,11.650034,17.78642,12.754272,8.787877,9.356092,10.681441,11.029754,7.5037184,8.686371,9.29518,9.647312,7.1970696,7.754945,8.439457,13.1017475,16.625813,25.157711,21.333403,20.118753,16.036646,12.398998,10.859414,12.188328,10.047666,11.158137,9.063433,9.489452,9.422166,8.655048,8.932989,8.365011,6.85536,happy,19
-353.50137,58.86936,-15.805763,10.329516,-12.254066,-0.5081833,-19.440287,-22.155153,-18.280018,-8.775636,-2.858893,-17.989174,-3.00423,-6.821927,-11.402979,-1.615369,-8.915519,-7.890181,-4.3160124,-5.7140455,-9.7762165,2.3534825,-2.4916382,4.597406,6.778955,10.354367,1.7929809,10.643403,1.600785,9.876571,9.820144,7.6363754,7.525019,9.175208,3.7802649,7.3582344,0.7158663,2.4560359,2.0062006,2.8168502,80.53791,74.05117,39.60368,30.943783,24.837103,25.48188,20.478434,20.814102,13.532407,11.922475,11.742455,8.932591,7.44467,8.308903,11.156989,6.4200163,7.4582963,10.057141,10.683322,6.4096456,7.927898,11.511353,19.901375,19.529068,21.171833,16.86396,17.543718,16.501024,19.19199,12.735651,11.066041,14.971813,14.691324,13.633733,10.416891,7.6474957,8.722022,7.6499653,8.3628235,9.184232,happy,19
-430.2427,83.46321,12.746349,25.957476,-8.144029,3.261051,-10.147826,-8.487929,-18.212988,-9.701974,-0.9003851,-17.15966,-4.013669,-4.496279,-5.59897,-6.646605,-10.4413395,-2.267614,-0.7342773,-5.344523,-6.922638,-2.43914,-6.2002125,-6.9332347,-8.28551,-0.8999563,-8.47135,6.5219254,0.90640146,6.5868516,4.0360703,2.2540624,0.80521846,4.181616,3.158084,8.793632,2.1254537,2.4639807,-0.9151104,4.9496655,67.636856,82.78304,24.580137,30.539692,28.5758,24.078856,18.853132,14.281361,17.691786,14.809757,13.120959,8.914304,6.890046,9.134723,9.917087,8.4096365,8.247166,6.726433,6.949431,7.993645,7.375706,5.88526,9.117688,5.8020062,7.4053793,7.107194,7.2305884,8.373825,15.082155,17.544634,16.17117,14.274115,9.529054,10.158246,9.969992,12.646097,10.325416,12.364819,11.09945,11.628928,happy,19
-538.9855,113.80826,19.279463,22.93942,4.994245,12.757344,-1.8710195,-15.7015,-11.706245,-7.41362,-2.9111257,-13.997693,-0.59211296,-6.6595964,0.77585727,1.987907,-13.024778,-0.5403161,-5.0603347,2.6542912,-14.003131,-1.765921,-4.2943673,-6.656023,-2.7135696,-0.3597307,-6.337,1.0374559,-5.225807,2.424118,-2.5499625,-3.9709373,-3.9481292,-2.8602471,-3.9878576,0.53271496,-3.6986148,-5.0220838,-7.345878,-4.153875,73.59088,51.094917,23.535933,28.548342,23.163418,18.149826,15.830205,14.742867,13.483198,12.7445135,13.229045,6.6393156,8.167667,7.455408,9.252616,8.838992,9.105915,5.2867064,6.994048,8.74107,5.9008374,4.6086884,5.0827804,5.3722863,4.513044,4.719519,4.575693,4.2000136,4.9717937,4.069775,3.2979026,4.0150347,3.6549678,5.4763336,5.2437315,3.6797223,4.633601,3.9058487,3.6579573,3.8223748,sad,19
-565.94073,110.28328,17.277628,23.648846,5.6322594,14.186899,-4.295032,-18.734833,-7.6117945,-8.909797,-3.0335157,-12.0944,-4.2864585,-5.681233,-0.14231311,2.1318336,-9.716981,-2.3124733,-5.8847885,-1.3249836,-10.461965,-2.0877736,-6.3632536,-3.544772,-4.7516384,0.98616165,-5.7214537,1.4638216,-3.5050056,1.1843638,-2.9840088,-1.8248434,-3.0786748,0.32716218,-2.940352,2.0329475,-4.585675,-3.676863,-6.179959,-3.1921945,60.909107,54.352173,22.318186,25.336174,20.873266,20.914448,14.450869,11.860607,13.748196,10.999903,11.3610525,9.7472315,7.4997354,7.93139,8.931518,7.0031033,6.846095,6.3468466,8.43099,5.9130645,5.673167,4.895937,5.83785,5.8004932,4.478121,4.677182,4.793139,4.987059,4.815733,4.509586,3.9331448,4.7247114,3.9073467,4.3720107,4.590145,3.7035701,5.130703,4.022451,3.9747775,4.423681,sad,19
-529.83716,127.548035,14.760938,22.90178,1.6541257,14.789669,-7.783683,-22.796984,-12.722442,-2.6287863,-0.1436592,-13.921394,8.08736,-7.3269978,-4.4130673,5.006675,-6.9591804,-4.366178,-0.3769747,0.45525005,-12.648985,-0.17455418,-10.548233,-1.3126487,-4.7595067,-0.9653744,-2.583946,0.8664143,-2.7117255,0.035367165,-1.2201258,-4.024788,-5.601389,1.2121351,-5.3917036,2.4036794,-5.227157,-3.5813487,-5.9693336,-2.517801,64.15196,58.42207,18.790363,31.324734,19.843678,16.855598,14.041238,12.584514,12.472521,14.116431,10.05628,7.1057067,10.149962,7.785303,10.463302,6.49552,8.346027,5.6103067,10.612054,6.153702,5.3745008,6.9969697,4.5291257,4.7944474,3.97837,3.8336387,4.2653413,4.762435,4.4869018,3.7946277,3.8964233,4.687331,3.3288217,5.253896,3.5337272,2.9318912,4.258289,2.7408583,3.182095,3.7153444,sad,19
-563.7105,126.95635,14.676912,30.814762,3.2037091,12.716129,-3.631095,-15.127879,-14.447584,-6.934726,2.32685,-8.685032,6.126493,-1.3691896,-5.7715325,4.2135043,-8.306785,-5.4530315,-5.515697,1.6866233,-11.258444,2.8935618,-6.685457,-5.103647,-3.9642737,-2.564167,-6.4853525,3.341504,-3.562084,1.1829599,-3.7460322,-2.6300015,-3.555167,-1.9898299,-3.2801645,0.283717,-4.0261755,-6.9552298,-4.655012,-5.0112014,81.774574,57.757977,25.641882,29.027704,22.997229,16.338562,17.548244,13.942206,14.271577,15.13738,12.198284,6.0431585,10.134127,7.3091245,9.152701,6.0471616,7.133365,6.4454455,10.596476,6.599851,6.1172085,5.8409023,3.7087352,5.477197,5.862725,3.718934,5.181726,4.6370745,3.4818475,5.304397,4.6200233,4.886039,4.906778,5.515592,3.5541587,3.8968165,4.552309,3.7471428,3.4272594,3.921689,sad,19
-378.63165,85.36411,-0.6249605,20.407393,9.808972,0.52012193,-23.73529,-14.556155,-10.42236,-16.483667,-8.286048,-12.086179,-9.499554,-5.225741,-5.2251287,-3.5363486,-5.112982,0.3570301,-3.0143142,4.2402606,-0.8767851,3.053573,-3.0292692,3.220581,-1.2543073,3.3388984,-0.9345022,4.25407,4.4961696,7.9489827,5.749375,7.3199325,0.1433983,6.1981235,4.1946263,6.2368073,2.4947786,3.1896102,1.0792363,6.8721952,89.63994,60.820023,31.379793,27.038332,25.699135,21.548185,15.630831,12.464903,11.421031,13.190758,9.820718,11.078925,8.447142,7.402318,8.976457,8.948131,8.379314,7.0407543,8.471318,7.702815,7.984653,8.311948,8.79443,8.341811,7.025705,7.6714187,9.009718,5.648086,7.030529,6.675788,10.373419,10.478822,7.45786,6.1703897,6.4890165,6.4260836,5.4703064,5.641596,5.8388743,7.3420167,sad,19
-590.19385,79.61696,-3.76562,18.981838,6.795062,5.4300356,-10.669062,-8.131709,-6.557446,-9.356661,0.084846124,-3.6233535,-4.503751,-0.094305,-1.1580766,-2.6857302,-0.633425,1.5875578,-2.3522348,3.9215555,-1.5571676,0.32402322,-5.777754,5.0936837,-3.8231328,-0.65009683,1.3275754,2.9745777,-0.7609314,2.888754,2.8316698,0.578638,-0.6770774,3.180339,1.9797751,5.047295,1.9300296,2.699183,-0.92213154,4.4404135,179.80879,73.02511,26.321274,23.580162,19.496307,20.416147,16.481314,15.314362,15.782431,18.05528,9.121123,14.058157,12.9167,10.792058,12.091144,12.927731,8.731356,6.6465964,9.096572,7.1104393,8.471484,7.3338237,9.671179,4.7334976,7.717048,7.1611576,5.0709743,5.732602,7.4585857,6.304395,4.774938,6.1335306,6.8882976,4.296438,6.105924,6.2927237,7.1651564,6.775455,6.847821,6.3913493,sad,19
-477.57278,116.3431,-1.6884891,16.6452,-0.88136494,4.101489,-27.589287,-14.759423,-8.494495,-25.242569,-15.051889,-6.911276,-9.718392,-11.628973,-6.47024,-8.595602,-8.718369,-2.7250142,-8.122543,1.6875831,-3.4776223,-7.8743377,-8.570769,1.0156778,-9.166004,0.357163,-3.3770034,4.171203,-3.897361,1.6530198,-1.1176662,-2.2440226,-7.230115,-0.25443637,0.121883765,0.48298717,-1.1539661,-1.7968272,-2.4755456,4.9037995,59.599617,67.662994,30.21994,35.882626,20.204739,20.9302,20.353203,16.855995,12.189412,13.905296,9.425718,10.889281,10.607248,10.114274,6.39468,8.187359,10.939875,6.2272677,6.584365,7.933631,5.451431,5.8538585,6.9975257,9.817271,7.2603564,5.1238546,8.622175,9.561291,10.490659,7.8046184,8.007344,7.1805124,5.5528154,7.7976217,7.076302,8.201996,8.832935,9.300874,8.649463,9.445706,sad,19
-494.19864,102.44713,-6.8951726,18.740704,8.866861,5.4588704,-21.507341,-6.5912547,-9.227106,-21.371946,-5.3072114,-9.06428,-5.730237,0.35483116,-0.13992868,0.4760149,-3.91808,1.1574888,-1.9312108,7.8516207,-4.824254,-3.089386,-2.1776998,4.798689,-1.9172801,2.0545805,-1.111493,5.8622937,-0.701581,1.9214892,0.8027183,0.5497313,-2.492276,2.9099772,7.547698,7.228769,9.294844,12.622474,10.773161,15.913007,124.111305,70.06762,32.27277,27.247053,24.186844,20.988638,21.521385,18.04555,12.217265,17.496132,10.753922,11.810295,11.524097,8.850813,8.336103,8.3643675,7.8127728,8.573304,8.283923,9.000379,7.4581876,7.5291705,8.204081,11.130345,6.1670384,6.932495,9.0412,4.787292,7.3885155,7.128579,7.1591754,9.874715,8.047651,8.118016,9.423927,14.172654,13.508138,14.349623,12.416049,13.226376,sad,19
-335.48602,82.401115,-17.545658,27.003471,-3.5733943,-12.934967,-11.759257,-8.367111,-19.450941,-10.59067,3.073396,-16.964247,-2.1129017,-5.555891,-11.871067,-1.9096482,-8.308664,-5.9949155,-3.128041,-4.744385,-8.6497965,-1.4085608,-5.260535,-0.39633685,2.1038964,6.2843018,-1.6116866,7.611607,1.910555,5.3395824,5.5092816,2.7012868,2.1109555,3.9113188,1.3079693,6.054462,-0.84623104,0.4083966,-1.263105,3.3790078,90.20463,54.419846,50.813328,31.703365,27.776892,22.639973,18.564114,18.226366,15.121316,9.82434,12.228082,10.984192,9.98999,8.956815,10.448507,9.101429,9.106582,8.97115,9.2264,8.191376,6.2600164,7.353019,11.762727,14.5468445,16.732365,13.837621,11.494653,13.359123,14.522514,12.766141,10.586121,9.194333,7.4199266,8.2576885,7.6697264,7.2812357,6.825624,5.9781575,6.9728537,7.7393584,angry,19
-387.83334,102.617615,-8.409584,31.37271,2.9518087,-4.69949,-11.570481,-5.154845,-18.707245,-8.162395,3.3933396,-17.05255,0.18788278,-2.662511,-11.5221815,0.3484418,-9.598311,-3.1407902,-0.31957874,-0.15924637,-5.02033,-2.3465226,-6.9201083,-1.830077,-3.8890786,-1.2933941,-6.328549,1.013541,-5.310067,-3.0857291,-2.127647,-4.7182193,-1.7569885,-1.7603906,-2.628207,4.9364777,-1.4738642,1.9126295,-1.4889823,2.7215445,85.28789,51.6576,41.42067,32.405537,25.148262,30.29658,18.99154,20.338778,16.403496,11.076354,13.572197,10.8077,8.0882635,8.6055,8.812734,9.7185955,8.675708,6.8018684,6.192462,6.779824,4.943354,5.270647,5.2027016,5.253919,7.207562,5.16641,7.3243694,5.755535,5.2285337,6.1198864,4.074001,6.141741,6.4466634,8.553723,9.130573,12.663956,8.470868,9.445269,12.52234,12.566202,angry,19
-430.6076,91.98476,13.018117,30.994019,-6.32555,-3.0373523,-13.443498,-12.096374,-14.820104,-4.7640424,-2.969549,-16.745491,4.449888,-6.3527474,-10.701452,-3.9033754,-11.55309,-0.24531378,6.530776,-4.089331,-8.726057,-3.9678123,-12.63056,-5.4324,-3.5579677,2.6237042,4.5229464,7.6504846,-1.507736,-0.9594468,-4.8300424,-2.2110846,-1.6999341,4.754063,-0.35131475,0.77676624,-6.895594,-2.2242515,-1.8912355,1.2897195,91.18971,64.860916,41.544605,31.518461,26.59373,23.021046,14.748895,11.8426075,15.240062,5.9698024,15.723549,9.728864,9.068666,8.350939,10.503646,11.164437,8.304026,6.661108,5.9227495,6.8392253,5.987537,7.809797,11.446069,6.16423,8.02243,8.766974,12.720461,17.697178,8.024115,7.7071476,8.207983,7.8477297,6.70494,7.7497087,5.868059,5.0481477,4.898896,4.0465503,6.249235,5.7853804,angry,19
-372.0854,85.35886,2.0996463,29.699013,-6.236435,-12.06503,-10.26383,-8.258762,-25.147535,-9.37709,-1.210797,-20.737059,-3.2633464,-4.2028427,-6.458015,-4.092267,-10.853269,-1.3107921,-1.1161786,-2.7069805,-8.949202,2.546936,-6.136824,-10.4216,-7.761665,-1.4240216,-9.200285,1.5485812,-3.8210742,-2.6449797,-1.6419836,-2.3870258,-0.86579263,4.221053,5.444197,8.702128,4.6266522,3.4999619,1.1514925,5.0700665,78.64886,78.033615,31.983957,31.374674,30.340033,29.216791,19.801546,14.091037,16.939793,11.608598,15.23288,13.8392105,8.162125,7.9728518,8.139956,7.4101377,7.749472,6.521488,7.029452,9.492109,6.827098,6.9742475,5.136363,6.015702,6.959796,5.598127,7.1246114,6.859789,8.239397,10.584575,9.411419,8.899482,9.006035,13.984641,14.493058,11.361924,12.415281,10.688283,10.009023,10.74583,angry,19
-202.74974,56.56758,-43.18295,14.541425,-16.625208,-23.651981,-16.16309,-5.2693048,-24.040043,-10.550171,1.6055669,-21.669634,1.6799854,-4.96776,-15.395102,-4.052762,-7.5253696,-8.131156,4.2675953,2.270391,1.6900804,8.463778,0.88452214,10.122077,6.927669,9.781347,2.1893747,10.88489,6.100678,6.8527164,3.7209349,0.18040915,3.193886,7.6304417,2.808874,5.2137537,0.16829112,1.575961,0.72723174,0.8782905,79.009964,49.645008,36.6838,28.195791,29.16675,29.008293,18.990158,18.800117,12.676823,11.734517,14.489881,12.046508,11.885798,10.269259,8.342644,9.526384,9.669027,11.992059,11.376505,13.05358,15.622205,17.363947,15.490433,13.070614,11.799335,12.10661,11.12375,9.842326,8.290036,8.238694,7.4568534,9.964859,6.2838707,7.492307,6.2170496,7.7843795,6.7482457,5.174437,5.1089425,6.5643086,angry,19
-186.20563,52.33033,-62.34123,1.9783436,-31.801,-23.90461,-15.538206,-5.5826955,-22.20901,-10.004393,7.0764537,-20.13321,-1.377512,-6.9660068,-14.758376,-6.430532,-2.284038,-8.015822,10.443023,11.492475,9.418027,18.590508,11.480264,3.3920298,0.19211225,11.247146,-2.2999406,10.878108,0.13077132,2.1749394,4.09975,3.7523704,0.6239833,3.081569,-2.7918458,5.0823607,1.9694195,1.5130081,1.0838552,8.466312,90.894646,40.120472,36.84307,29.797174,34.603756,21.049414,16.15265,23.594858,11.689485,12.71676,14.297965,9.973456,9.213063,8.130556,12.743931,12.820537,9.424882,14.020049,15.115045,16.722868,17.369505,15.235419,14.848588,14.552035,12.13119,10.853966,10.346298,8.971928,8.413617,9.923847,9.751853,11.599664,8.304381,10.141184,8.760628,7.792542,5.747312,6.336058,8.698009,12.271703,angry,19
-153.18211,49.957516,-61.098595,-6.5845194,-28.787413,-20.3779,-22.90322,-4.3964505,-21.484531,-9.226182,4.961371,-21.604517,0.43910158,-11.727548,-14.232408,-9.02206,-2.4929187,-7.4179406,12.978439,11.461077,5.505619,13.009182,10.034027,-1.3771496,0.6241139,6.791838,-6.081714,8.147477,-0.35638762,4.247343,2.1906922,1.9478097,-4.147071,5.236561,-0.5987359,2.6645887,1.827283,2.7319407,3.2175727,7.033306,71.14036,43.43734,38.725357,28.242867,28.750612,25.217125,15.93593,26.496174,11.949112,10.007169,11.118771,10.043886,8.187035,8.2197,13.820594,10.59004,11.18054,14.268411,15.98566,13.760606,11.689919,16.754412,15.365154,12.065924,10.477234,10.003681,8.089918,7.4562545,9.401381,7.8238635,8.225586,7.4764442,9.038916,8.635591,8.288916,8.314316,7.00968,7.5429945,8.05974,10.922082,angry,19
-242.4417,47.59988,-41.984966,17.71,-15.065972,-24.723848,-19.058855,-7.6389704,-25.14905,-9.495937,3.5896814,-19.058146,-2.1080747,-6.371605,-18.977701,-7.65161,-9.917995,-14.906425,2.1338823,1.7023135,-3.1088328,4.0171914,3.2517953,-0.9169442,4.0678406,10.4089365,4.7625175,14.178298,8.231612,3.147697,2.0269072,2.6368887,-1.2182654,5.013131,-1.8646699,4.1127563,-0.6596657,-0.824907,2.254038,7.9035172,87.78837,62.61722,40.268448,28.439348,28.444098,29.50449,15.45909,21.84974,15.369482,11.612953,15.272212,12.656152,9.751107,10.452942,8.958503,11.194405,9.651165,10.565039,13.399221,14.5009985,14.190512,18.782038,17.567282,15.572202,17.032492,12.493786,16.291513,18.130175,12.282408,10.027255,8.776607,9.875498,8.993855,10.193577,10.237405,8.321915,5.958372,7.5398355,8.492545,8.515503,angry,19
-520.0675,73.585304,-16.482044,14.304942,-16.063103,-17.785988,-16.91279,-26.623707,-12.247241,-11.106068,-3.7497075,-14.277582,-10.102291,-4.6405783,-14.251803,-11.69426,-8.387823,-6.74772,-9.436391,-7.469662,-7.6092362,-3.73081,-6.721086,4.8102126,2.2626774,3.7791595,1.7195525,0.9617411,-0.27635315,4.09413,4.6171813,8.160798,3.8779957,6.418612,4.449483,8.693433,3.8577142,3.880994,-4.8116574,-1.2497096,54.78215,55.88718,26.493122,29.513819,18.742147,18.750015,14.303043,11.602337,11.932392,14.906548,7.7986608,8.564554,13.178332,6.729728,5.8061743,7.0455704,6.4476037,6.515798,7.5394354,7.3173537,8.259829,7.3447237,11.845937,13.56153,16.503935,17.869741,10.52853,11.294418,11.634328,12.770026,13.079033,12.230868,13.278947,11.175147,13.01785,13.943889,12.792949,9.0736885,6.485523,6.2166123,neutral,20
-499.0916,68.79089,-23.493597,14.377463,-16.732367,-23.220028,-14.418163,-26.39379,-12.442563,-9.425933,-9.921899,-9.309506,-12.6427555,-1.5802282,-14.8093195,-10.891801,-7.0405025,-7.0406723,-4.7871413,-4.464546,2.1080475,2.563385,-3.168331,2.6136863,-2.4984064,4.6398187,8.682508,10.772845,5.263401,6.690295,-0.8356398,2.0020413,-2.1173296,1.6162611,1.2330319,2.558627,-1.6514367,-2.3521783,-5.385955,1.1386391,67.42153,55.120033,30.021214,27.421326,21.031645,20.591793,14.968892,12.448086,11.933662,13.445576,9.988598,8.7500925,13.3868,8.762029,6.291539,9.23043,8.494862,7.054041,9.228083,16.87729,14.72928,15.076727,14.685706,14.77873,14.103723,15.04371,16.886028,13.069757,18.938946,14.958209,13.327903,10.000894,8.130126,9.951966,7.314891,8.77773,7.595847,7.5048156,6.0699997,6.8774433,neutral,20
-505.77258,74.875626,-12.567286,9.938232,-16.651777,-18.630482,-17.79265,-27.391441,-10.898613,-9.637865,-7.9663196,-12.45138,-10.145824,-0.92827034,-15.106373,-8.488881,-6.628322,-5.7228107,-7.5834317,-7.405758,-1.3496891,-3.7861483,-4.140584,5.3889837,3.8799324,6.9283824,6.6580544,9.437789,3.6189642,6.5845823,3.7062416,7.4418054,2.220053,3.4052963,-0.13473749,0.6578809,-1.2511524,1.5608294,-0.38355178,3.4327002,61.148438,68.64525,32.771187,28.552376,25.945461,18.154423,15.934611,11.370905,12.8206005,13.222299,10.000869,8.390894,11.311003,7.655243,7.016626,7.1367664,7.3260984,6.431816,7.299408,9.3487015,13.557517,10.285001,12.558134,10.715568,10.986981,17.217268,18.686901,18.056295,11.620018,11.636392,14.5741205,14.6286125,10.60918,8.690318,6.45186,8.067341,7.2935095,8.30503,6.4386334,7.131417,neutral,20
-503.80872,61.8507,-15.159451,10.610448,-15.601624,-21.60281,-17.803251,-29.230713,-9.42467,-11.175684,-7.6747518,-11.346092,-10.966029,-1.2548927,-17.199287,-8.669424,-6.6196074,-6.975584,-6.525854,-7.242059,-1.4676404,-1.3411276,-1.2298194,8.706078,6.3998656,8.620116,4.5794287,5.2060275,0.6402799,5.044039,-0.12983833,4.3967338,2.009505,6.1457357,0.43327585,1.9072479,-3.056603,1.0917861,-1.8582834,1.162517,61.63491,65.93084,33.19211,26.649313,22.685005,19.909698,19.64234,11.126307,12.678167,10.103366,9.943769,10.909666,12.606234,6.5880375,9.285043,9.695231,8.155366,6.556441,6.1625037,9.532577,12.059469,15.323068,18.28232,16.4594,15.594301,19.021227,19.861347,20.15922,13.391888,12.609066,13.680413,15.551299,12.403284,12.395697,8.513167,8.265165,7.3930917,8.348533,8.095228,9.582705,neutral,20
-371.8803,70.91052,-39.25274,6.7001977,-21.198147,-29.768688,-14.413097,-35.51616,-22.03034,-10.828128,-22.543392,-2.3606994,-22.55786,-3.9097548,-11.2666645,-13.716688,-3.9850173,-6.064886,-5.6988735,-3.7835772,5.8896756,2.086042,-0.42302015,1.7803136,3.3253288,5.3173,4.0170026,3.0969331,-3.3112438,3.794497,1.6940576,3.263651,2.4860096,1.5521839,-5.658806,-2.3295114,-2.8849196,1.4091636,-1.3772782,1.0285708,71.57252,45.436596,32.09093,26.916395,27.873955,21.671528,23.692379,13.990187,11.10982,14.691903,14.71957,15.065735,15.262521,13.558385,13.545324,15.597837,14.762893,11.478965,10.570746,15.76681,15.865248,15.042847,15.810388,17.054821,16.12333,16.321865,16.27043,12.650772,11.040498,14.455226,14.789958,13.603105,11.636516,8.190928,6.516452,7.7405868,6.3301125,5.490643,9.316985,6.780373,happy,20
-433.13184,60.711636,-29.419748,3.4311097,-20.495445,-27.046135,-11.351637,-31.999966,-10.963161,-20.818388,-10.770679,-5.7448316,-20.925903,2.4576924,-19.779715,-7.6923795,-9.52301,-10.041209,-7.379342,-1.9791993,4.8020444,6.276608,6.100776,8.691042,3.536468,-0.79483,0.37101403,2.4665744,4.5641184,5.959841,-0.38139227,2.29048,-0.27488825,2.800721,-1.7140388,1.8495761,-0.6891864,0.85889995,-3.070451,1.3742328,65.359985,45.082336,35.720234,26.60175,28.149273,19.277514,22.14668,14.1056795,10.876412,14.983256,10.721693,12.719452,12.852511,10.015409,11.6154585,8.264534,10.463644,15.971109,12.530088,16.14672,17.721994,20.294624,23.47847,21.329935,14.931091,17.196707,13.036953,14.267052,14.45699,20.638878,16.675358,15.585157,12.158753,12.739652,11.119503,9.27045,10.518877,8.285155,9.670681,9.974113,happy,20
-456.85413,66.51672,-7.021626,16.906805,-13.311594,-12.979343,-16.787216,-27.954704,-15.539343,-16.62569,-11.379303,-2.7563727,-17.776934,-1.2382509,-15.782396,-14.6509,-3.6354134,-10.067292,-15.286876,-6.896644,-8.751748,-9.323539,-9.975592,-9.776956,-6.626812,-4.900491,1.4957938,10.647786,7.548963,13.900181,1.9330958,1.7962577,-0.13094619,3.6846325,6.8711834,7.6763134,2.3700955,0.925272,-2.1010418,4.97773,89.02942,67.00009,35.692703,26.595322,26.114248,18.342571,17.143793,14.978246,12.472841,12.255093,14.001126,11.054276,13.900667,9.513567,10.075008,8.240823,7.458254,7.935623,8.860361,6.188708,7.3481216,7.3543105,6.488796,6.213179,6.5620923,9.298347,13.489529,13.734897,20.07422,17.327124,15.062503,13.607625,15.333459,13.37447,10.113964,8.937623,10.036372,11.5666,12.679151,10.280234,happy,20
-461.27295,48.872543,-32.04299,-3.9286795,-15.758028,-26.259708,-19.09158,-38.12288,-17.143383,-16.94223,-13.6024685,-1.7286817,-19.837234,4.788409,-12.462757,-6.705301,0.6202423,2.2752612,8.220205,10.077237,10.205488,6.5714173,-0.5377111,0.07353953,-1.0347564,0.96304965,0.3798078,2.9091258,-5.4037967,0.67129487,-8.472224,-0.3786046,-1.0775163,4.434346,-0.6343606,3.3468018,3.715887,3.014194,-2.6863425,-0.11119888,62.193577,72.19196,35.299248,24.39695,18.103306,15.459391,18.268982,15.009058,11.606111,12.380665,10.900903,13.6482525,14.252256,9.86827,9.948629,13.065258,18.214779,21.133812,15.794814,20.519514,24.241865,21.548294,15.530686,14.554121,12.843024,16.100714,14.824381,12.660868,12.737524,11.319063,9.810921,10.637712,10.270203,11.35861,11.920847,13.22574,10.896848,12.276939,10.988702,12.342065,happy,20
-334.17633,58.139126,-73.60762,-7.966203,-37.740147,-39.958366,-21.085638,-37.017212,-22.742588,-6.415864,-25.818447,-3.4626296,-19.835226,-5.044975,-2.8834472,-1.9567361,10.789601,6.6715207,4.5210047,2.030165,11.04457,6.6766095,1.0180213,4.4045587,1.4116627,5.0714417,-0.12650499,2.129406,-4.441217,3.298184,2.0704758,4.33966,0.4880412,0.3871655,-5.465059,-1.4034132,-2.23442,-0.30682376,-2.7187388,1.3572868,78.81656,40.760963,35.18346,30.756907,26.211187,14.060997,20.03461,13.700437,14.61879,15.618268,13.110969,11.842637,13.263705,11.167261,19.189657,18.238756,22.126286,19.83375,14.481208,13.373672,19.547941,18.039793,15.222109,22.231764,19.624083,14.58772,10.61715,10.786639,9.444975,9.529841,10.639193,10.206463,11.070421,8.349971,7.240911,5.7480464,5.8189845,5.9614573,7.2372046,6.2839165,happy,20
-370.75146,42.84044,-51.93668,-6.2824364,-26.009045,-31.146902,-14.092897,-29.254173,-16.74499,-10.730247,-19.03164,4.113719,-7.6956,11.437055,1.6117977,6.3931537,7.9234023,4.72965,3.547511,1.5618397,-0.09135829,-1.3864921,0.83456475,3.2957096,-5.0042615,-0.7298022,-0.5156765,0.4392714,-4.1586246,4.7938337,-3.0357082,2.8235219,-1.7466649,2.8867395,1.6886379,5.1458526,-2.0732155,-1.4098698,-1.4252826,1.9832858,78.544365,41.167503,40.800194,30.844769,27.76679,16.051859,22.208366,17.312647,13.248167,13.783493,11.949374,14.867542,23.451149,26.721792,18.28671,18.230217,22.27735,21.690283,11.869532,12.164774,11.803824,11.431516,13.508325,10.198646,10.984103,10.500993,6.9410105,8.810137,9.109635,11.268202,11.506757,9.63006,9.721456,11.016845,8.5394125,7.619261,5.732999,9.026741,7.7414994,6.506717,happy,20
-284.28857,45.43173,-63.972954,-9.209538,-39.26543,-38.063892,-31.689575,-37.023926,-17.884829,-9.298651,-8.038267,-2.0277133,-7.705223,5.3315845,-9.643763,-1.9515696,7.434239,7.3812222,8.6379,-0.36810982,3.5722582,2.6313667,-0.4285314,3.3399165,2.1350245,-0.28906107,0.3104428,0.79970634,-1.9002787,4.937683,-3.4151108,3.3888912,-1.7868764,4.9264445,1.2563088,1.7123156,0.08660644,2.5102136,1.6048312,2.173015,65.28943,56.360886,44.00556,24.531122,30.61877,22.39133,17.038538,15.261135,13.606179,14.648876,15.484711,19.249641,19.13442,17.48412,17.611626,20.099892,21.716478,23.185757,18.721588,17.025818,15.839055,15.794585,13.508007,9.915387,11.200453,10.254565,10.270605,12.366639,9.913987,7.5492463,7.8610907,8.474591,9.506596,6.524932,7.260137,4.7446337,5.80553,6.9648657,7.7268744,5.481925,happy,20
-289.58325,16.319489,-61.593426,-28.993134,-35.379337,-38.71094,-22.04705,-32.04109,-12.989047,2.408732,10.7665,29.785622,11.313314,15.872206,-13.457129,-11.133045,-0.15519595,-11.516375,-6.1487966,-1.0658712,12.385529,10.995722,-1.0083926,0.8085042,-2.008653,-3.804958,-5.134629,1.657907,-0.82531196,6.9555097,-1.7092831,1.9537327,-4.278614,1.7209198,0.8338835,0.69794154,-0.76159984,-2.3346226,-4.7320285,2.9493306,76.08116,44.593643,42.504776,30.744823,24.858698,15.702148,19.522858,13.5728,18.040485,18.888947,21.786533,24.90849,18.656767,27.239923,25.090218,18.255316,13.26431,15.155188,17.318745,14.126126,19.883768,18.430323,15.470706,13.111614,9.739779,9.492092,10.176016,11.345734,11.408002,11.677939,11.120702,14.560594,11.287017,7.278858,5.684225,6.2959013,8.252626,7.3341727,9.345788,7.8832054,happy,20
-593.5682,60.108826,-15.57353,18.330862,-12.177997,-6.2338834,-16.062307,-27.140028,-7.600455,-6.883631,-9.90958,-9.113381,-5.3961334,-5.3263316,-8.376954,-2.947888,-7.364067,-2.182858,-7.6405144,-5.0748577,-4.9458222,-0.8268483,-9.346103,-0.22146447,-6.2303343,-2.0449965,-4.0464444,-3.3619146,-7.0195312,-0.39732182,-2.7534978,3.4880176,4.218728,8.690791,11.713892,12.296012,5.2320495,2.6646478,-0.8165828,1.1209842,62.06678,47.996494,24.355228,24.237719,15.459638,12.641281,14.028005,14.3259735,11.379828,13.486558,12.266063,9.633129,7.3928814,8.455991,8.61255,10.063367,11.139272,6.908733,5.998291,7.470911,6.942375,6.7996793,6.5409393,5.62665,5.8379974,6.4924955,5.3214526,5.9454427,5.617944,7.4094048,8.506846,10.300112,12.946711,12.67198,11.605008,11.130869,12.116604,9.458402,4.654967,4.1874714,sad,20
-654.69995,68.72689,-5.157057,22.477955,-8.123844,-1.0725175,-15.371689,-18.433647,-13.815202,-7.2648096,-5.209414,-9.806014,-1.2405477,-4.822035,-10.895554,-6.8454747,-10.132561,-3.301885,-7.4610195,-7.983371,-4.2548337,-0.243637,-7.6381745,-1.367549,-4.496267,-0.9730947,-2.0352771,0.091846704,-3.089072,2.2633696,-1.4685092,4.3576174,-0.370844,5.886784,6.01463,10.503943,8.546339,9.420019,0.76564837,2.5061665,101.693954,69.95357,23.761856,23.550257,16.995857,11.217932,12.123199,12.821451,11.826902,12.424542,7.808747,9.517376,8.566984,6.6584806,5.436529,6.5891185,6.2865295,6.506708,5.25229,5.965518,5.6677155,5.5192704,5.3698235,4.9002643,4.453693,5.7714686,4.5925794,5.1627584,6.8253613,7.4242225,8.789071,6.5185633,7.0832634,7.528962,9.235254,11.723082,11.2631445,10.221144,6.660047,4.6413665,sad,20
-595.37885,64.79646,-6.325676,16.225826,-6.7239146,1.8066835,-10.881227,-27.04371,-8.29402,-5.407823,-7.302429,-8.669548,-6.069923,0.50894916,-12.209854,-10.188094,-8.98678,-2.9234262,-12.901106,-7.926915,-5.056485,-2.0701475,-8.830088,0.24993888,-6.8808317,-1.9181136,-1.5154684,-2.0409567,-4.231299,-0.41105056,-0.89628994,2.9689188,3.9141507,10.670238,13.25374,12.479493,7.2935033,6.0330973,-0.034113806,2.5017862,62.97559,69.018936,21.755272,23.855774,15.831733,16.305262,11.404749,11.024369,14.379834,12.848544,9.255445,10.024338,7.252936,7.7741847,5.9262877,7.5893025,8.750117,6.6638594,6.324851,6.6064982,7.378285,5.742511,4.02433,4.1356435,5.3083506,3.3148117,4.1210904,3.636872,6.653879,6.820035,8.035903,9.362685,11.244586,10.855261,12.026996,11.845689,11.366613,8.055468,5.007166,4.7150536,sad,20
-605.39124,75.201294,1.7253286,25.30758,-6.1789427,2.892224,-13.028208,-26.159956,-16.622156,-5.6103554,-6.156439,-9.650187,-6.811155,-2.964254,-12.764645,-10.738737,-8.723358,-4.597,-7.3543262,-8.174686,-7.8274584,-3.2429895,-8.770117,0.0056773126,-5.4688554,-2.8267202,-0.8648987,-2.5027127,-6.159109,1.5208852,-2.3641853,0.75018954,-1.0949292,3.213509,2.8777618,5.8963823,1.5958838,2.7976294,-1.8340337,1.0688448,76.74584,72.2839,27.498161,25.174408,16.917692,15.032417,11.346004,12.850017,11.484459,12.837077,9.26952,9.965647,8.118134,9.738239,4.449355,6.4696374,6.8543773,7.9657645,7.1394863,5.7051044,6.2538853,4.492437,6.319484,4.393255,6.5596547,4.4870667,4.1930237,4.141568,4.283186,3.897946,4.738205,4.340809,5.610391,6.27819,6.594464,5.94185,5.743348,3.2046165,3.6278188,3.6912496,sad,20
-560.3991,84.23923,-16.842554,13.791612,-5.54276,-29.988882,-19.032637,-28.144512,-23.145515,-6.2832503,-15.87305,-1.397336,-13.020471,-11.999337,-2.2957354,-10.665009,-9.396472,-7.9595327,-7.545937,-11.153883,-6.729483,-1.5215799,-2.7447712,6.4873376,8.136384,6.976836,6.875421,2.2848573,1.6798394,7.932961,8.131544,8.828021,2.2433052,1.4575481,2.621281,7.336792,4.0347276,2.921598,-5.260387,0.5426026,65.18649,45.89901,28.080715,26.182753,17.75325,17.32216,18.303661,14.947654,13.047463,11.920488,10.554827,13.552356,11.70434,9.733235,8.356344,11.633245,6.559189,7.0468063,9.2013855,8.227266,7.6925325,8.1391,11.812023,14.967793,23.106085,21.685194,12.421933,11.744708,15.250846,19.885162,14.849901,12.036385,13.400937,11.940978,12.907829,8.917558,9.878809,9.255889,11.569341,5.857459,sad,20
-380.09912,44.14297,-54.298595,-12.805087,-22.976881,-44.550354,-15.615736,-33.7987,-37.30268,-1.1775079,-21.567621,-1.4524024,-4.191401,-0.91146445,11.675325,2.4910245,12.414407,19.174803,6.063061,1.098085,-2.368353,-1.7756248,-2.7453005,-1.0508292,-4.3774767,-4.124166,-1.8111174,-5.2046347,-6.752172,4.5260687,3.74232,-0.12545857,-3.8102794,2.4489908,1.5971496,4.385525,2.3826506,5.2577033,-3.4537444,0.6265676,85.94144,36.969696,34.903053,27.363852,21.879383,17.79983,17.91497,14.000665,16.371183,15.868619,15.524154,15.247397,20.044506,25.414988,17.354624,17.613749,25.122965,22.647955,22.71347,15.45702,16.109896,11.997025,13.185602,14.488312,11.360171,10.037462,8.203473,9.5059395,10.113426,12.046631,12.100516,10.677436,9.697038,8.110835,6.766716,7.28795,7.972625,6.6355367,11.920302,8.109957,sad,20
-560.5865,76.37157,-5.7194247,3.076403,-7.0399656,-23.73761,-23.905245,-34.74194,-24.12879,-6.0634723,-21.353056,-0.0777324,-10.213673,-9.205611,-1.7022812,-15.043138,-5.786703,-1.7914504,-7.581701,-0.35168758,1.5592377,7.149266,-0.20457186,10.699594,4.455529,8.335506,2.4198601,-0.022015424,-6.391031,-0.7569855,1.1554614,1.2408562,-2.832733,-3.4172823,-5.8624644,-2.3562934,-1.5895746,-1.4496299,-4.6006966,-1.829876,61.53215,62.919785,33.15651,29.119034,22.067396,22.264387,15.8747635,14.876064,12.269038,10.306704,8.866795,12.966693,8.600784,10.632421,6.5269117,9.9145155,9.24764,9.567318,10.774033,12.634419,13.550497,12.002831,13.55892,16.800348,18.477303,16.753923,12.657289,8.937781,10.0269785,9.420474,9.557127,8.865545,7.8029733,6.9728684,6.5071087,5.568319,5.9550824,6.9645247,8.15054,5.995454,sad,20
-398.5739,45.09021,-54.237343,-12.517452,-23.655598,-43.269314,-26.531685,-29.8005,-43.806313,1.530049,-15.806029,-5.9445167,1.1507431,-1.7665735,14.375398,7.4069195,4.432084,21.80197,4.408341,0.6005242,-3.5644822,-3.811546,-8.52138,2.5953867,-2.4410844,-6.971838,-2.7016687,-1.3106601,-1.2435024,-0.12096709,0.39915773,0.875683,1.4087098,2.550068,-0.4130566,3.2900457,0.43739465,5.6035366,-3.3488746,-1.3865889,90.91597,48.27495,42.899563,27.097391,25.517025,17.79352,17.727446,14.335915,16.836517,15.654895,12.724941,12.152883,16.419395,28.106503,19.193892,21.908693,22.250029,24.998997,17.183563,15.981289,14.934538,16.469515,14.096313,15.622648,11.162119,11.826964,11.213685,9.451673,6.74451,10.877395,10.97081,9.235284,10.020296,13.328628,7.6872168,8.7936325,6.1568537,9.672556,13.245953,7.385719,sad,20
-511.58295,82.06906,-9.195908,8.973528,-13.010983,-10.332091,-13.23074,-27.167318,-14.457359,-18.69137,-6.0379267,-8.243026,-16.353247,-3.976662,-14.783045,-7.9283595,-12.796949,-6.081569,-10.601317,-8.471119,-8.816094,-5.5274696,-9.867032,-3.3898032,-4.744316,-0.8718378,-2.4951408,-5.1295204,-9.4926605,-1.1667144,-2.0629902,7.966364,4.467074,9.317428,6.8288383,8.647622,4.4268045,6.242124,4.289953,8.280018,61.79052,50.958015,28.529964,32.58663,18.435984,14.48099,15.133793,15.01886,12.279633,12.267551,9.613186,14.1615715,11.807741,6.596962,6.6764264,6.9075837,7.09844,6.948868,5.2656217,6.373638,6.0666256,7.4862,6.42866,9.420216,9.775296,13.492299,8.365877,9.302071,6.520703,9.170164,11.741629,15.019966,12.852102,13.741911,15.829579,12.077303,10.375206,9.28971,10.159736,11.647815,angry,20
-384.83063,55.90857,-26.157087,-9.452148,-22.493095,-17.15686,-12.475383,-26.292246,-19.467476,-14.937694,-12.111564,-7.860212,-17.557835,-6.335568,-18.379826,-9.642262,-8.327441,1.251082,7.426902,10.575347,12.795721,4.0855417,1.5662885,5.2250113,5.4413257,2.7730951,-0.8842171,-2.1266458,-2.2693667,2.3885949,-4.3935785,-4.609207,-5.89133,-0.77655995,-0.4437853,2.1907282,0.43228468,4.3835692,-1.2178438,2.1957524,69.73389,48.093033,29.561531,34.824413,21.883417,19.68199,20.140095,13.876614,12.539429,12.197601,9.569661,9.6507015,10.588625,9.0707035,9.474173,9.508244,10.682142,17.379507,21.932066,23.235626,18.33313,18.333885,19.1873,15.924592,12.258941,11.9085455,10.5069895,9.824233,9.397709,7.243332,7.7972965,9.49363,10.552087,9.229682,8.455429,6.0723753,6.1448197,6.7883687,9.337382,7.902424,angry,20
-435.12015,64.018135,-29.687769,9.23204,-20.716389,-16.860504,-20.687153,-28.624157,-14.239639,-8.142275,-9.735215,-6.3076563,-14.081238,-6.1505837,-12.962364,-9.295082,-7.9119687,-5.3474083,-12.791616,-10.437468,-4.9441204,-4.4098263,-8.85142,-5.0134425,-4.857013,-5.7973695,-4.903512,-1.1678371,-1.5438266,8.189531,9.069434,11.261551,13.347075,12.913505,10.720729,12.669961,5.860008,4.931183,-0.8416243,3.9174702,68.10851,65.79401,42.790638,28.620207,27.408888,20.504547,13.741557,15.367736,9.36165,11.392489,12.88952,16.291538,13.258572,10.072819,9.510783,8.598599,6.8099356,7.016202,10.740623,8.239812,8.223489,9.21328,6.39311,6.5218034,9.090046,10.202233,8.872183,11.7749,12.875789,16.033714,21.556583,16.226221,15.151799,15.54431,15.802371,16.34171,12.822902,10.301095,6.3898396,8.141078,angry,20
-368.0293,46.23356,-28.30158,-10.816715,-23.695372,-29.745453,-15.880007,-30.035395,-18.877644,-13.80186,-13.408847,-9.159618,-20.80295,-6.2915897,-21.88338,-14.641046,-12.281665,-14.496292,-12.334733,-2.688995,3.1630113,9.889104,4.814218,5.3938503,2.1096087,1.2763177,2.4832723,0.5456414,-0.333211,5.5142345,0.16480188,3.8276057,0.35319963,0.91326845,-0.3623729,0.37856242,0.21430959,-0.23226349,-2.0019534,-0.8169017,71.74263,66.10704,45.165966,30.37583,29.269672,23.956541,19.865139,14.908307,14.852666,12.113201,12.087528,10.825034,16.471163,9.198974,12.102313,10.872284,9.930186,9.91876,13.71348,16.644989,21.431519,18.463535,20.683357,18.9139,14.055171,16.39182,12.550652,13.305077,13.155646,12.593344,13.58943,11.743685,11.749733,10.718431,7.468842,7.558031,7.716845,5.53796,7.7715325,7.408812,angry,20
-293.94882,61.917236,-16.314472,13.6281805,-25.334867,-20.948338,-3.6056035,-20.90616,-12.700554,-16.3957,-12.781977,-4.5506043,-14.2257395,-1.8032918,-11.947365,-5.9114003,-4.2613063,-4.783824,-9.466059,-6.9178157,-3.352523,1.7360849,-0.40800002,3.0697641,-2.7644215,-0.2942557,1.85147,2.8501892,0.2915239,6.5881023,2.7851713,4.037479,-1.1090721,1.4572028,0.8378508,4.420937,1.3252391,2.3617668,-0.088985674,1.7851871,107.30881,58.814377,38.05074,32.289036,26.733158,27.42311,24.09962,14.730734,11.645336,15.868817,10.62986,11.848732,13.482652,8.8522835,10.5591755,8.617566,11.557082,6.234004,6.6382747,9.248227,7.5752606,10.031774,15.110236,12.325927,11.232409,10.377582,10.123481,12.476538,12.560425,11.824802,10.403847,9.218337,7.9620323,7.43886,7.29764,6.541642,8.378223,6.883065,6.6501994,6.395126,angry,20
-211.1764,46.562443,-52.469433,-18.955563,-37.47846,-38.063644,-11.123402,-23.032465,-13.076631,-6.1968627,-6.9596086,2.034308,-14.394584,-0.71245176,-2.094462,4.627487,10.156928,11.12387,5.3963947,6.343373,3.7929566,-3.8943186,-5.7272606,-1.6851002,-8.330502,-3.7127235,-0.42436668,4.955252,-0.22502127,5.419597,1.5358415,3.866779,0.34011996,3.7784264,-1.0898151,4.907323,0.26337552,0.3890948,1.382024,2.8375216,90.64595,42.381298,35.422733,34.132755,22.872883,21.014845,27.041096,14.914577,14.223826,16.015167,12.457047,16.950853,12.808578,17.62334,22.16487,12.597298,19.618628,18.474371,14.973599,14.217103,15.623953,15.3999405,15.096238,10.597155,9.545908,8.318714,7.745408,7.5746727,9.935749,11.456898,14.0480585,11.919679,10.110214,9.257036,6.6865435,7.584704,7.172376,7.875112,8.45537,7.1780543,angry,20
-202.31331,36.78716,-49.082905,-24.304003,-28.854239,-30.106754,-11.571065,-17.721584,-12.809822,-9.668708,-7.367167,-8.16053,-5.6488676,5.4901423,-4.281796,5.3999066,4.156643,9.927087,-2.1513894,-0.77613616,-0.05414008,1.0812119,1.2890263,1.5712533,-3.4296286,-1.8950704,0.07216012,1.299713,-3.9170332,2.7277408,2.2795613,3.1580167,1.0170286,2.9289024,-1.1775603,1.354095,-0.37153164,2.9979987,1.987266,2.1037736,88.20227,51.049706,49.53646,26.725697,19.637878,20.366531,22.24138,14.474157,15.689666,14.300585,12.297189,14.8249445,20.857088,20.000961,16.39563,14.623873,18.742254,19.728516,14.452103,13.113447,14.574194,12.65802,14.025056,10.295207,11.6374035,10.478989,10.754008,9.101067,10.378637,9.67544,10.322222,12.610539,9.745419,8.480761,6.7160993,5.994004,7.2340612,5.4532814,8.514854,6.4522557,angry,20
-286.8816,48.156082,-16.68129,12.049053,-29.201578,-16.209402,-17.546585,-29.214912,-15.633956,-19.88476,-14.142607,-11.582031,-17.607052,-5.497218,-12.822993,-7.5491953,-2.5643826,2.3354826,1.787384,0.5851947,0.21075404,0.8513069,-3.5408754,2.4953518,0.31747264,1.9425361,1.2523994,0.5973983,-1.911159,2.3515985,-2.0628405,0.014710426,-2.311387,2.7114959,-0.55533534,4.0950713,0.9003708,3.694036,1.9262395,3.941331,81.63475,68.99292,45.069702,26.609411,26.46904,23.151615,16.106041,14.370737,10.971425,14.258019,12.388094,13.447205,12.4679,10.203503,9.149869,11.44008,13.378293,13.711542,13.240255,13.527525,11.256801,10.082049,10.702507,9.1595125,9.620096,8.497613,9.67613,7.4173017,9.590528,9.362172,8.251583,8.907286,9.463172,7.1665115,6.0349236,6.769602,7.526849,7.2137,6.7908964,7.5149508,angry,20
-441.70108,125.30316,2.2070467,21.53128,12.688866,-18.222906,3.5943983,-10.48674,-21.918509,-5.0418253,-3.8769116,-9.690587,-4.0509152,0.6843704,-6.516442,-5.998929,-8.096408,-2.6251018,-3.1173131,-3.60729,-7.720615,-1.1611483,-9.119385,-7.73275,-6.076087,-5.0219827,-9.314607,-1.791784,-4.195421,-1.6625583,-3.4888794,-3.1195605,-6.10185,-1.8613154,-3.9844368,-0.49933282,-5.7937436,-3.38947,-4.351449,-3.832871,103.34027,57.330204,32.999126,29.36922,23.58693,24.27408,15.461277,15.72195,15.751016,12.456597,13.840954,12.89958,7.1911244,6.393614,8.334174,8.327553,6.7968554,5.061776,6.872907,7.521843,5.6360803,5.7185106,5.3238993,5.2756777,5.142384,5.8701158,6.455085,5.0061073,5.070472,3.6627717,3.7683098,3.9169059,4.9323516,3.696474,4.6423187,3.4656477,4.1605787,3.098644,3.6553879,3.5736792,neutral,21
-473.19833,122.28384,9.292849,25.313465,10.737476,-12.170632,4.7029433,-10.073117,-18.466845,-3.6893554,-2.6674402,-7.136468,-3.0988119,0.8410567,-4.9717126,-3.5878687,-6.4508324,-1.5641711,-0.7075997,-3.4766142,-6.156643,-1.0542269,-6.914782,-6.147052,-5.1652784,-3.812477,-7.1397533,-2.0267322,-3.149711,1.0484643,-3.7916365,-1.7920841,-5.391437,-1.3524907,-4.06828,-0.90285355,-4.7154455,-3.9283137,-5.230821,-2.3971648,115.91365,65.72328,32.399876,25.236673,22.267027,22.855812,16.129856,15.860469,14.663927,10.905414,14.5093,11.600195,7.986859,6.2806168,7.905156,7.694658,7.629486,5.699208,5.827437,7.6586294,6.368766,6.0259776,5.759027,5.803467,5.455871,5.183101,6.304102,4.5665874,4.9646077,3.7606857,4.3457713,3.1559052,4.4910603,2.8990214,3.6340778,3.7173042,3.9340801,4.3073015,3.7270482,2.8544674,neutral,21
-422.13715,131.88953,1.9909134,22.171946,11.180201,-11.047973,2.1697965,-14.266089,-22.545534,-5.405571,-1.6589441,-7.45493,-7.920395,0.3264052,-5.127866,-3.6373699,-3.5267954,-0.15698119,-2.3658247,-5.145716,-8.735355,-0.024485694,-8.13478,-8.585304,-6.224081,-1.7846955,-8.624671,-3.2216747,-2.7227664,0.41276085,-4.21235,-3.9589016,-5.9554396,-2.0569496,-2.5541594,-0.9176501,-7.176432,-3.9540033,-6.890917,-3.5997326,94.68663,70.51193,35.640022,23.986517,20.062624,24.90997,15.014103,17.055368,14.82493,12.102609,14.389592,11.330444,8.553603,8.304032,6.623955,7.7714505,7.836982,7.2135897,6.048534,7.9289446,5.6224475,5.596982,5.7903204,5.797437,6.1967945,5.807806,4.19146,5.2851577,4.815299,4.5067954,4.3949785,3.001045,3.47548,3.1887302,3.9200063,3.152748,3.9975736,3.608292,3.9654872,4.0823145,neutral,21
-445.39206,128.34494,-0.2757764,21.15045,15.479576,-6.8210635,-1.0090588,-15.010727,-20.069317,-2.901339,-3.4390523,-6.5327954,-4.0970964,1.1538022,-5.8735867,-5.307521,-8.4468355,-1.213632,-3.031927,-4.4371915,-8.321268,-1.6358736,-6.642359,-7.8106327,-6.3803315,-4.376964,-6.541837,-4.4730253,-2.8002632,0.21969499,-6.114781,-3.9442756,-6.7192206,-1.5257148,-4.124008,-1.2371635,-6.3553476,-4.53852,-6.557904,-3.378529,96.122665,69.275566,31.39151,28.428347,20.257837,25.850006,13.954521,18.048338,14.195352,12.441032,15.267759,9.691172,7.9555154,6.9979644,6.6844234,7.3093777,5.8514323,6.522119,5.936524,7.420531,5.4449134,5.880658,6.4718122,5.3889756,6.0597334,5.758525,4.711163,5.029632,5.258712,4.010216,4.1656003,4.234706,3.7088802,3.7657187,4.0386233,3.2264974,3.306062,2.89098,3.8719997,3.9451475,neutral,21
-413.83698,120.83311,-5.8280797,24.978336,11.592112,-15.433135,-1.7135954,-11.84391,-22.02235,-2.5972745,-6.9822526,-9.663047,-2.0329435,-4.419128,-9.226631,-7.663694,-8.686873,-2.6557531,-4.0686116,-6.8499684,-6.5789175,-2.376479,-10.032015,-8.087428,-4.066597,-5.8779597,-5.844053,-2.3438172,-3.2665715,-1.008063,-6.5536833,-2.1059759,-5.264568,-3.4988704,-4.6719112,-1.7858516,-6.0021887,-4.724001,-6.17991,-4.371761,86.325035,63.114162,32.716778,26.143385,23.888893,26.03662,17.413124,17.209812,13.845284,8.965104,18.871794,13.499179,8.065264,8.827962,8.770579,8.891767,6.4951634,5.6601844,6.88624,5.977088,7.202176,5.4083395,5.8015933,5.297311,5.385879,7.4445114,5.424873,5.6349792,4.8124456,4.522198,4.812089,4.7254415,5.238329,3.4487302,3.7096791,3.77212,3.5346434,4.0661654,4.781514,3.9618137,happy,21
-394.81442,121.16196,-14.345774,25.951714,18.572485,-18.809341,-1.918301,-8.264698,-25.223555,-2.9512954,-5.919057,-10.5295105,-1.5418887,-3.0537968,-7.6312666,-6.6244974,-9.895897,-4.4382296,-4.4976935,-5.7957225,-8.640775,-0.6766549,-7.990305,-7.176166,-5.1779585,-5.797288,-7.799293,-0.568158,-3.4124446,0.19980367,-6.598355,-2.3431199,-5.4919105,-4.8425756,-5.3188386,-2.6005313,-4.7967424,-5.6660404,-5.339189,-1.7926397,80.235016,63.943954,39.289875,25.920975,26.12917,25.513453,18.059608,14.416247,14.607684,9.817574,17.858452,12.226903,7.9523196,8.41918,7.935007,9.913634,8.13448,5.962129,7.480609,6.1070404,7.675789,5.5685873,6.241584,4.775095,5.9717207,5.9352756,4.6865616,5.190828,5.545082,4.3715644,4.763418,5.8662744,4.852168,4.853441,3.5381463,4.6712475,5.196616,3.6372912,4.479953,6.040175,happy,21
-368.26602,119.69881,-18.445343,26.661419,11.653027,-16.177847,-4.2532287,-17.828337,-26.593065,-2.5603573,-9.0758915,-11.598674,-3.1484785,-3.1556344,-8.992016,-7.6760516,-13.6401825,-3.0718746,-4.10847,-7.6513762,-11.285273,-1.014523,-8.431222,-10.158389,-2.7173195,-7.3640614,-6.956788,-4.10001,-2.9311059,-1.1862032,-6.2591605,-1.6179508,-6.694921,-4.0011225,-4.1119466,-0.92893726,-5.2682266,-5.4717813,-4.3138895,-3.2944849,85.431046,74.77572,40.92391,28.231253,21.060455,31.494583,19.407482,16.689829,13.925564,12.129105,19.130693,11.018162,8.897626,8.483156,7.5453057,8.070533,6.2637534,7.064294,5.845096,5.735487,6.072926,4.509449,7.3136253,5.158245,5.7680492,6.2297754,4.991425,3.4042635,4.5780654,3.227843,4.349153,4.8389397,3.824237,3.7687736,4.5231485,3.935463,4.4063497,4.093484,4.5453715,4.5303364,happy,21
-403.00516,118.651146,-8.437096,20.608694,7.4582596,-11.195795,-7.6599755,-13.411745,-21.477945,-7.253149,-7.597,-10.737807,-5.116875,-4.933596,-7.7493186,-8.635107,-11.990185,-2.9056902,-6.278083,-8.907725,-10.508462,-1.3587319,-8.625783,-9.110207,-4.120453,-4.3702197,-7.421349,-2.4219742,-3.900433,-0.39498782,-7.752673,-2.76078,-6.1295176,-3.759248,-3.2922015,-2.957989,-5.9876947,-5.8438873,-7.311157,-3.7988594,101.91697,77.96233,34.96886,30.921417,19.52993,29.905107,18.729353,16.148542,17.192816,11.712789,19.609776,11.336294,7.960083,8.661271,7.1025305,8.619331,8.56574,6.2876034,7.4685364,6.896823,6.842631,4.945086,5.66056,4.5293007,5.946561,6.4167514,5.057448,4.163406,4.6291547,3.8033774,3.556132,5.3558397,3.647673,4.4296784,4.4111385,3.60808,4.274346,4.6375136,4.6585274,5.2359405,happy,21
-297.0971,108.68616,-33.597404,22.484648,5.5064425,-25.941282,-8.006941,-11.372496,-32.797318,-4.1808295,-8.918104,-19.788862,-1.3572924,-10.444955,-9.715172,-7.2212315,-11.837643,-8.471371,-6.566562,-9.124169,-11.818194,-3.3184772,-10.222958,-11.77966,-6.7791824,-8.917593,-11.001658,-2.9364684,-2.3523037,0.072911516,-2.477075,1.2255641,-0.14434174,0.8241621,-0.26197702,1.3257153,-2.150633,-3.027915,-4.154345,-0.11392796,69.966606,58.729412,38.95083,32.397896,20.796799,28.317303,21.197565,17.869564,16.83414,13.7686205,16.56906,14.261657,11.04452,11.05283,10.943054,7.392158,8.70435,8.059856,5.333153,7.788233,7.5073304,8.256444,8.360353,7.01026,8.389349,6.098208,6.0674596,9.26619,10.0001135,14.1171255,8.849225,11.4568205,11.3683,11.465573,7.650951,9.121988,8.245749,7.329442,6.750573,6.708796,happy,21
-323.9774,98.496,-32.35252,18.001621,11.088941,-23.30566,-7.5894737,-9.326841,-33.794147,-2.60613,-8.979977,-17.99306,-3.446534,-8.136488,-11.646862,-7.785427,-13.047933,-9.287588,-4.8886366,-9.017723,-10.203641,-4.2952447,-10.938715,-11.430766,-5.6641273,-8.271344,-9.005899,0.5191341,-0.5730213,2.5112576,0.29129863,2.2500825,-2.8058896,-2.7694573,-1.4940214,3.0914986,-1.6102166,-2.0553849,-4.470148,-0.03831628,113.5489,58.653183,34.17567,32.86934,22.284126,26.579514,20.948704,18.890697,19.542933,15.286792,16.4005,15.519243,11.5829115,9.757368,10.250134,7.949032,7.847734,7.081279,5.957541,7.2409782,6.5256786,7.2419987,8.877841,8.935214,7.885524,7.7545013,7.1254144,12.231977,12.323417,12.733233,11.031001,10.979257,10.991551,9.285063,8.791786,8.487691,5.6695514,6.0172215,5.6029716,6.2778826,happy,21
-318.22607,118.967865,-25.025276,17.781168,6.9280415,-22.817554,-12.573564,-15.238197,-32.425632,-1.7031416,-10.790442,-16.715675,-3.2084122,-11.346571,-8.561846,-7.663463,-14.776969,-5.1212583,-5.653715,-7.7638307,-9.810664,-3.834092,-7.751769,-12.386152,-5.8875437,-7.384879,-9.2639265,-3.9885805,-4.4059086,-1.4560122,-6.4836845,-4.248784,-8.240386,-6.496102,-7.2489643,-4.8201814,-6.314966,-6.647954,-3.4107802,2.4744136,81.0846,69.69,39.692436,27.171173,19.78527,33.113388,18.862448,21.821531,19.581924,12.1431465,14.927393,12.29341,9.292566,10.720779,8.446431,8.071533,8.919111,7.1933336,6.8166084,8.692696,8.233008,4.2478137,6.214638,5.519008,6.196368,5.9265633,4.4851017,3.9803097,3.6572347,3.7809827,4.2547274,4.969582,5.6775,4.7434244,5.3701177,5.5726194,4.6784368,7.6906037,9.824709,12.291042,happy,21
-290.80408,104.14652,-30.318316,18.208406,0.56085014,-23.042696,-11.443206,-13.118157,-34.84093,-6.3814707,-10.236578,-19.063503,-4.1074204,-10.265719,-11.562949,-9.14697,-15.72459,-8.495293,-5.2022862,-10.764245,-12.146305,-4.0334907,-10.404861,-13.204939,-5.4093003,-7.1598954,-6.054489,-2.4546819,-3.245227,-0.9511098,-5.854853,-4.4919066,-5.172261,-4.113889,-1.1508962,0.0659307,-2.0971332,-3.3948526,-1.5068318,1.6556044,62.764496,68.15965,41.38359,28.102684,21.6082,32.22522,18.017973,18.106918,18.87924,15.494006,16.137709,13.613918,11.858785,10.961053,8.25826,7.7508035,9.1301,10.802741,6.1864686,7.309416,10.67799,9.319283,7.992923,6.455458,6.581706,10.267468,11.043976,11.979377,9.849744,7.019571,8.743752,11.3207855,10.276549,9.053705,9.91399,11.050277,10.5785675,7.7737474,8.828994,8.673207,happy,21
-521.60736,108.7704,5.317146,29.46151,13.468095,-9.680241,5.832126,-14.908338,-15.359061,-5.8353524,-2.8669608,-11.240378,-3.3495235,-4.1927743,-3.5637684,-3.815685,-9.665,-0.4244626,-4.5237865,-2.10864,-7.0724425,1.1219629,-7.5199914,-4.5749836,-3.1507397,-2.1422608,-7.6439366,-1.4645034,-2.612421,0.23233388,-5.227062,-0.74495035,-3.9229746,-0.08061132,-4.3672905,1.166225,-3.3380365,-1.943727,-4.479031,-0.9930654,128.15317,66.24591,31.31929,25.161798,23.171915,22.773052,14.595991,18.65557,13.345652,10.404094,15.1505165,11.470519,7.384195,8.154514,6.7241693,8.570911,9.1753845,6.1451325,6.8199873,6.292934,6.9438405,5.7187815,6.015538,6.283575,6.397555,5.846631,5.457961,3.9029052,4.0610547,4.301178,5.465316,4.392927,4.5224624,4.282701,4.048697,3.8529162,3.5525978,3.056633,3.932226,3.2754848,sad,21
-536.52527,107.430466,8.435295,29.703432,9.892484,-6.284054,7.2263045,-13.388136,-9.35459,-6.4919205,-5.291476,-7.8308682,-2.875511,-3.4627411,-2.660791,-3.5539546,-9.856729,-0.7304302,-4.4407086,-3.2200344,-8.280006,-1.4215691,-9.213479,-4.1975017,-3.1993146,0.33914146,-6.2681727,-0.8270646,-2.5195606,-1.0606837,-4.527614,-2.0525792,-4.00402,-0.40884048,-4.77139,1.3996937,-3.860993,-2.65523,-6.6541667,-1.8206309,122.77351,63.60352,25.370773,23.797112,19.445305,21.651463,16.191378,16.895302,12.608413,13.256098,13.449067,10.959095,9.010612,8.605257,6.1298456,8.948058,8.526911,6.424238,6.6506357,6.4045725,8.147173,6.8170266,5.843592,5.823745,5.968288,6.8351116,5.4933004,3.7854059,4.403282,3.8761015,4.348515,5.308413,4.5754128,2.738807,4.2629743,4.1525173,4.552182,4.0014443,5.135503,3.938596,sad,21
-466.53528,103.33824,3.5367112,30.868324,9.245412,-6.8975234,4.999424,-15.950359,-13.98974,-2.00198,-2.3211637,-7.101105,-3.1112905,-2.572741,-4.4539895,-6.257545,-12.955942,1.7938175,0.54831827,-3.4946232,-9.960349,1.7920219,-8.723002,-4.475018,-5.630572,-2.661372,-5.5892816,1.22418,0.32973903,-2.7369986,-3.4032667,-0.37747544,-5.95442,-1.8488265,-2.6644018,2.7663493,-6.309254,-1.9282091,-6.4061885,-0.8251605,92.46198,73.80599,33.09553,23.32316,22.81943,23.141405,17.435167,17.63913,13.732042,9.642706,15.751311,11.346165,8.02395,7.168118,7.1070147,9.333831,6.2624893,6.9898353,6.0062847,4.5702825,6.0545797,5.3840284,6.053597,4.844603,5.4116592,6.6641774,5.2009783,4.1217976,4.84681,4.177631,5.067661,4.3533564,4.0695243,4.51754,4.0593014,4.162881,3.4781535,3.493272,4.1172256,4.2054105,sad,21
-479.66745,107.402,-1.6428922,28.79744,11.130342,-7.466546,4.9945703,-16.113338,-16.826515,-4.385757,-3.4657078,-10.52097,-2.502799,-3.3407586,-3.9347577,-2.6026032,-10.878232,1.6809335,-1.0479666,-2.6025949,-8.266253,1.6392413,-9.007419,-1.9243176,-5.403308,-2.1183612,-7.1783466,-0.57633007,-1.9276206,0.5319518,-5.235679,1.4068172,-5.6006823,-0.88440555,-2.4117498,2.0256805,-2.9666748,-1.8360233,-5.589389,-0.9258768,106.73777,71.45573,31.387526,25.0766,21.600698,25.445244,17.115097,17.910383,13.229885,9.290311,15.212965,10.367652,8.836031,8.134387,7.306231,8.00134,7.4758115,7.824714,6.509615,6.4059215,7.294257,6.0974755,7.6764374,5.0904264,5.079065,6.0356092,4.82667,4.0659437,4.616718,4.546491,4.6401877,3.3344617,5.1200476,4.145914,4.3904605,4.5418983,4.0262356,3.4837475,3.8111057,3.8973923,sad,21
-357.56174,111.98102,-31.18493,21.02341,18.58828,-18.079773,-29.13978,-2.8043377,-41.26284,-14.11275,0.9315553,-24.892313,-11.405408,-1.9533197,-14.663646,-1.6948994,-11.621699,-5.8892436,-2.363492,-9.485951,-1.9906791,-8.323531,-4.473512,-4.3161116,-7.2883453,-2.7683637,-6.503512,-3.0457504,-5.080443,-0.7442762,-1.8634857,-6.124876,-3.036299,0.09967164,-5.3323116,1.0596739,0.6249586,1.5867444,-1.252057,3.498576,105.31049,54.75791,37.943947,26.749643,27.352175,21.920532,16.227566,16.723776,19.728832,10.162542,12.603586,12.597172,11.101343,9.771267,9.152906,10.642072,10.170337,10.013085,8.973621,8.463408,6.7444897,9.704972,6.215424,5.9130363,5.834981,5.7800674,7.151482,6.694597,5.265685,5.8867164,4.776566,7.0204234,6.14829,7.877221,5.0089474,6.6278405,8.067052,11.001813,9.854469,9.277934,sad,21
-389.43857,100.42407,-24.681211,17.896112,17.809544,-16.944195,-26.866093,-6.7541385,-38.996296,-10.762098,3.6052198,-24.324354,-7.528759,-4.5309925,-14.23272,-3.1984236,-10.81246,-5.593803,-2.133352,-8.888037,-0.9257624,-7.6966796,-5.0344296,-3.6760929,-8.017816,-2.4153752,-6.5529623,-1.8698248,-5.439655,0.39798415,-0.829631,-6.606094,-3.1289384,0.2023288,-3.364268,3.428528,2.849238,4.4959736,0.9462665,4.3233743,129.8599,55.09333,37.748173,24.074183,23.456652,23.03997,19.26813,16.649479,20.890108,9.185705,13.7064085,13.82099,13.241206,10.035232,7.6937723,10.659001,8.619792,10.386535,9.636647,7.00324,6.255158,9.962149,6.0420494,6.710435,5.5137215,6.319925,8.251396,7.0737495,4.807965,4.8301005,5.034748,7.615912,5.7921867,8.615673,9.625852,11.980575,10.939463,11.094836,10.4875145,11.372934,sad,21
-406.62555,104.53989,-19.62157,23.914,21.425356,-21.855635,-10.566188,-12.928283,-34.664894,-3.747814,-5.489305,-18.460817,-6.732624,-8.024645,-9.446965,-5.8773603,-10.331882,-2.0271554,-4.445141,-2.7941852,-7.805941,-3.0609403,-3.5507212,-6.546724,-5.426174,-3.4444797,-6.799024,-2.2772763,-3.7897859,-0.89158213,-4.713772,-2.7952366,-2.2309797,-3.788935,-3.8712454,-2.0177479,-1.5788425,-4.6509194,-3.4888315,-1.5236737,113.18996,71.26178,41.75624,27.466822,22.440956,31.133572,17.182657,14.770475,19.759247,10.694726,15.568144,11.176467,9.798869,11.76931,6.4496794,7.507797,9.037799,7.54074,9.838638,7.3072524,6.1827683,5.7250347,5.787111,5.622963,6.822794,5.709339,5.964931,5.453245,5.5493712,6.1581426,6.0086174,6.0305324,6.996068,6.224683,3.8336287,5.0655913,5.0349946,6.1528587,5.2337074,7.8452673,sad,21
-400.94635,112.82593,-21.095484,22.764515,22.834354,-18.93977,-16.170904,-8.050915,-36.104385,-5.205994,-2.1637506,-19.437214,-7.1013947,-5.610004,-10.558365,-3.157073,-9.668269,-2.1726253,-4.6496644,-4.4909286,-4.4242077,-4.976358,-3.1012683,-3.3993204,-7.0917764,-0.39072353,-7.524941,-3.4512143,-3.28255,-0.31212017,-1.5182341,-5.953195,-1.2574556,-2.4212406,-2.8927186,-1.4628084,0.7549873,-2.4386702,-2.0305912,1.8365977,121.671,64.55719,41.378033,24.771477,20.841867,27.935001,13.821736,14.220959,21.228582,9.1622,14.519647,12.537173,12.71312,10.189341,6.909159,10.068864,8.705341,8.920257,8.742306,7.572294,7.513334,6.987508,4.7596736,5.594694,6.3051295,6.9956713,7.0224547,5.7352204,5.1524706,6.429423,6.339809,8.091681,6.509605,4.121916,5.1986,4.795772,5.425757,7.117123,7.6903586,8.746548,sad,21
-280.29327,85.44611,-29.292593,25.642557,10.240732,-26.304918,-3.9553454,-9.377104,-34.121315,-1.5579294,-4.872791,-16.985268,-4.9448676,-3.8482075,-11.0653,-5.3877034,-14.279964,-1.9568127,-8.300645,-5.111941,-7.7144623,-5.239829,-5.9390593,-8.420332,-5.0170712,-3.8731031,-9.77125,-2.9932926,-4.952966,-1.9664944,-4.9229164,-7.416863,-8.167275,-7.145006,-6.608686,-1.0946285,-0.9469632,3.1625736,-1.4955398,0.5354299,122.815315,50.74879,38.31548,28.739555,19.722525,34.65,18.171007,18.007793,17.852488,13.477793,15.12318,14.008777,9.983061,10.862447,10.522374,8.471073,7.5905523,6.084456,8.1624365,8.733942,8.228505,6.9122496,6.6624136,6.597821,6.0656514,5.470998,6.3784103,5.5963683,5.8341413,5.5467777,6.8571444,6.7047276,7.2947183,5.7079544,7.1909633,12.364543,12.971334,12.891053,10.876204,11.997179,angry,21
-283.27588,91.26826,-27.412024,24.426847,12.763705,-25.870703,-1.8605232,-9.193181,-34.183517,-1.4782119,-4.6976275,-16.827303,-4.9081416,-3.4467344,-12.657973,-2.5598855,-13.602854,-2.1321578,-6.5129137,-5.0511737,-6.152351,-4.4638453,-5.273479,-8.608321,-6.359593,-3.8601553,-8.59671,-3.261049,-6.2697673,-2.8566504,-4.454395,-4.6298413,-5.931642,-5.3137035,-8.697686,-4.8779035,-5.0338573,-0.2708554,-1.5755864,2.4734018,109.64158,53.781807,40.81752,29.09091,20.660507,33.103424,19.97896,18.99578,16.018242,12.825832,16.436928,13.497973,10.52362,11.154583,9.680143,8.075646,9.181895,6.1663074,8.515068,9.557077,8.441792,6.622773,6.072291,7.422599,6.2543793,5.5625753,6.0524197,6.082438,4.8626213,5.5231633,6.1663675,4.9620123,5.561008,4.653015,7.8528395,5.510682,7.542851,10.912234,14.220834,15.873206,angry,21
-266.6258,79.130424,-20.277407,22.222769,6.159281,-26.543562,-4.124922,-8.61123,-32.93462,-8.357154,-7.0022426,-19.661224,-5.9616895,-7.0605593,-7.9669147,-6.256923,-13.7442045,-1.2653214,-6.0520725,-7.7592254,-8.31809,-3.0687318,-7.7330503,-8.946635,-9.921216,-6.030312,-11.587418,-4.998682,-7.142551,-3.298095,-4.4542217,-5.4374437,-6.334706,-3.327272,-1.1156658,1.6185361,-0.27339712,-0.014242866,-5.2057557,-1.7068332,114.79861,71.03983,43.873592,23.813135,20.238846,37.794754,16.499437,15.6823435,17.688095,13.0178585,16.418137,13.902053,9.8815975,10.516378,7.963797,7.862073,8.537101,5.1751366,8.652154,9.07304,7.6312275,5.8218656,6.1115065,8.225639,7.890074,4.6042027,7.512948,5.873013,6.79937,4.9556794,7.483036,5.8514867,6.4423647,9.9623375,12.157168,13.956266,11.302855,9.727153,7.960705,7.31487,angry,21
-263.91696,88.95104,-25.49838,24.178455,9.539643,-27.227234,-4.379647,-11.213383,-37.00245,-3.3528905,-6.3656573,-21.736206,-5.8610196,-6.758349,-11.492349,-5.2351327,-14.604994,-1.0752602,-7.074657,-4.3729916,-8.78638,-4.015199,-5.1700835,-9.347245,-7.187579,-3.8846054,-10.613765,-4.561594,-7.803758,-1.698961,-5.1680036,-6.4032536,-9.458741,-5.6370564,-5.5133295,0.43481332,0.3493774,4.7213545,-0.88682044,0.47114623,126.81804,67.34631,44.951,27.838087,20.630915,39.034195,17.361364,18.149757,18.402817,11.05421,13.80626,14.471364,10.21385,10.542112,7.6950617,8.434378,7.58419,5.9502015,8.5676565,8.4194145,8.745098,7.404006,5.933,6.1396585,7.176521,5.1609254,7.225896,5.3491497,6.9464602,4.606322,5.8665814,5.2876787,7.212866,7.362675,5.918764,11.854587,12.610065,13.195109,10.088984,7.6772785,angry,21
-212.47649,77.32212,-33.18224,15.736728,8.528128,-27.452072,-10.45275,-5.2521486,-30.470594,-2.1604266,-4.085663,-15.951301,-4.3015876,-5.2280636,-10.123866,-6.3014665,-8.523409,-2.2837558,-8.184111,-8.422447,-9.894267,-6.946698,-7.195173,-11.43778,-7.820132,-8.112136,-12.72472,-5.014941,-2.0906541,5.4318924,9.776487,11.045878,3.6957858,3.3208346,-2.2999096,4.333168,1.3989704,6.9496393,2.6084452,0.9803922,110.585526,50.053516,42.099815,36.181885,20.024601,34.091293,17.273333,18.930878,18.883463,12.14303,10.802779,16.013788,12.546608,9.954017,8.406497,9.352652,7.7817087,7.9389577,7.668608,9.029895,5.7045436,8.292799,8.356908,7.8501925,9.379474,5.6596537,7.183919,9.700355,12.697621,14.478299,16.689127,17.342806,13.296103,13.227863,8.838969,9.275334,10.426179,11.914258,6.81904,8.186786,angry,21
-217.98663,74.73406,-40.09059,15.126012,7.4784217,-21.095356,-13.902332,-8.146951,-29.98764,-3.1245525,-4.851484,-17.613993,-3.669872,-8.354888,-11.139097,-9.970481,-9.572623,-7.295281,-10.22078,-10.432948,-11.122659,-5.863487,-8.225109,-9.138828,-1.4049696,-0.8416163,-4.0865927,5.713583,0.5888741,6.084182,5.552093,6.7801523,2.860623,6.979978,1.655753,4.78239,0.24129702,3.4663694,-2.489429,-0.33372846,112.20957,55.154163,44.419388,34.401592,23.573324,28.656343,14.896306,18.882696,18.255066,9.938848,11.226121,15.074356,11.462185,10.019305,9.637479,8.940696,7.381951,8.297696,8.600589,8.83155,6.032076,8.8255005,10.877748,12.984189,13.87451,14.497031,13.131359,14.428972,13.341066,13.175578,12.166955,11.863557,15.074042,12.087011,8.989066,9.6167145,8.391787,8.342383,7.4737415,5.4856277,angry,21
-241.05144,71.11497,-27.647968,14.826957,5.6662,-25.09842,-6.5311203,-13.310003,-33.61415,-5.379198,-8.16905,-18.85069,-7.528047,-5.3193274,-8.760621,-6.818178,-13.141897,0.5861644,-8.533991,-7.1277742,-7.9937267,-6.60445,-9.4106655,-12.779766,-8.90326,-7.309768,-12.123333,-4.6765614,-9.739762,-4.9903183,-6.489034,0.5846754,2.5445325,6.0603337,5.530584,7.16892,1.60054,4.129348,-0.16532066,2.6373146,114.84973,63.599148,45.707603,28.007044,17.588814,38.432953,16.729683,18.079494,17.800823,12.024616,14.044982,14.553204,9.911151,11.493501,7.4433064,8.357327,8.118789,8.145281,7.746554,8.062691,7.542136,7.795126,7.354194,7.4836197,8.193418,6.2399144,7.7258477,6.001384,7.121515,7.9605865,8.697062,11.615645,14.451605,15.476398,13.515544,12.815733,11.523974,11.882575,8.003562,8.148579,angry,21
-219.05307,66.57674,-35.894283,14.746538,5.8970566,-27.477217,-10.976913,-11.719045,-33.283615,-6.2460866,-7.0646043,-16.573769,-5.0199966,-4.8430243,-8.504831,-8.702399,-13.281337,-4.818705,-10.603086,-11.148536,-13.439497,-8.6404505,-9.891496,-12.726189,-9.445621,-5.5773354,-8.203681,1.8194625,2.735628,9.431611,7.0265107,4.702132,-2.5613086,-0.26547614,-2.7201228,4.2098727,0.6140134,5.6317496,1.8521688,4.5799303,113.92213,67.52149,49.56833,31.536718,25.629715,37.002453,16.141142,16.722784,20.276419,14.196699,13.809372,12.82786,7.862893,9.921448,7.3462915,8.019337,7.194511,5.525167,8.330452,11.992248,7.009719,9.734661,6.6778374,8.221511,8.795008,9.3606615,10.169077,13.280348,14.717632,16.071304,13.307802,13.586343,8.913195,8.34656,7.9153285,7.1562743,9.079226,10.216253,9.639438,8.574994,angry,21
-514.5161,82.7363,-1.2122103,2.087827,0.75735515,-16.67261,-10.099246,-13.527724,-24.07817,-8.771647,-5.509845,-12.811053,-4.707081,-9.8869295,0.83495593,-16.904438,-6.061568,-6.992302,-9.439297,-8.943275,-10.591783,-6.8062277,-9.09683,-4.655228,-9.266191,-5.413174,-10.912954,-2.398692,-3.8712287,5.731296,1.7400994,4.1106415,-2.897117,1.1440479,1.3341511,7.5017533,11.067142,14.5709715,4.9401364,9.218332,59.459618,47.747437,24.705717,31.78102,19.557411,17.865725,18.549036,15.429831,8.695823,13.246316,8.972231,7.4941473,11.622384,12.802777,6.822007,9.695378,6.398942,6.423244,7.269241,7.3237457,6.506358,5.1921883,5.696472,5.784362,5.7201447,6.653415,8.212358,6.0840015,9.8716,12.181792,17.75781,16.11524,11.43468,9.825544,17.89097,19.347984,19.862337,13.944322,14.565582,19.206196,neutral,22
-493.58435,75.190636,-1.2706674,-1.1564796,1.9064505,-18.21567,-16.787386,-15.284002,-24.266203,-8.022465,-9.25018,-14.202649,-9.265363,-10.768007,0.43231532,-16.75258,-4.5001454,-8.078393,-8.927684,-9.413875,-12.036725,-6.6205635,-11.2684555,-6.106897,-9.1718645,-4.2643995,-4.6244216,3.0802822,0.37239182,6.3108187,0.7948285,2.6990457,0.702685,5.7679267,6.237308,6.780817,1.4347203,5.926747,1.4976066,10.147979,65.715775,47.970947,22.384607,34.65747,22.580975,17.333208,15.02165,14.175905,12.771599,13.322962,10.712009,8.718942,10.89123,12.001111,7.0415163,9.772454,7.8331175,7.038307,5.8028026,7.090203,5.722212,5.354425,6.707288,6.7544556,5.682376,7.130053,14.729489,13.527291,16.875925,12.01835,15.043074,12.722793,13.137671,16.417408,17.510498,11.440691,10.734225,14.645451,13.564534,13.725652,neutral,22
-505.7498,80.8536,-0.851707,-6.377852,-0.0020383808,-11.346031,-15.999196,-18.96248,-21.436108,-4.6366343,-5.9778967,-17.043102,-7.153367,-7.092303,-0.39661747,-16.002293,-1.5226479,-7.9631295,-11.008089,-9.708765,-8.851306,-6.950236,-10.244619,-3.842222,-6.123136,-3.4842749,-4.4148216,4.422386,0.31177005,7.199678,4.2041645,6.2891483,2.1937265,9.303868,4.930465,6.4984403,2.8367555,5.8820906,0.8741665,10.361268,71.49327,61.464867,33.250534,27.827557,22.228716,19.964087,19.317467,15.445096,11.7800865,12.046615,8.518937,8.357176,12.217111,10.380896,8.0593605,9.737386,7.096423,6.765053,7.472812,7.6597433,5.641189,4.2544613,6.308732,6.752931,6.891974,8.465444,13.12222,15.756599,17.993986,15.473162,15.603799,14.849621,17.199144,18.110537,16.717093,11.698049,11.031103,15.930509,18.51954,14.415609,neutral,22
-505.87048,73.60999,6.386197,0.9309599,1.988921,-10.816683,-12.4959135,-18.122261,-23.712908,-7.012507,-6.945029,-15.015021,-6.994792,-9.652803,-2.6885817,-14.656761,-4.237048,-5.042821,-11.190218,-7.6821723,-10.096387,-7.89392,-9.746358,-5.399325,-7.5206785,-4.793902,-7.269198,2.041848,-0.6117856,6.0566373,2.5914347,3.588495,0.75006187,10.629591,6.6058683,10.418556,5.205457,5.6422296,-2.10134,7.0246725,68.05924,64.233765,30.552322,30.719261,18.373705,21.822134,17.62733,16.863337,14.43672,13.090571,6.923725,6.43558,10.259205,10.6181135,8.049084,7.8006263,7.1042376,6.0045376,8.576405,6.9053345,6.1493807,6.6766067,5.397254,4.8793063,8.107332,7.404985,9.507112,8.9717655,14.616237,14.199812,15.576603,10.462049,15.101339,18.93601,18.652664,13.5386,12.575754,15.266581,13.142549,10.458518,neutral,22
-500.04013,88.9922,-9.246742,-3.8731446,1.5584869,-9.249369,-14.993014,-16.511995,-19.638412,-6.457048,-11.761759,-14.8256235,-5.5767303,-13.324674,-1.7655562,-13.807032,-6.036808,-4.837901,-12.580922,-8.532271,-9.990745,-7.8199983,-9.037763,-1.094834,-8.105471,-0.5287826,-6.747416,1.6043938,-5.2560463,2.8331006,1.1346543,5.2275686,3.9400775,8.518871,6.6095133,7.1614094,6.5415483,5.0642133,0.072992876,6.9308867,113.57555,52.807205,27.039759,31.332064,23.60752,19.907854,19.956543,15.120444,12.638398,13.1825485,11.429101,8.334752,12.177614,11.725258,8.7730875,7.1499085,6.976647,5.6253057,6.0625534,5.503668,5.878255,6.7873054,6.3581157,9.96304,10.201389,13.929537,13.225823,8.857117,12.448417,9.458865,11.208236,10.729825,12.795552,14.981897,15.8806715,13.442395,11.033545,8.690808,8.938263,11.158605,happy,22
-448.61554,85.55618,-22.677818,-10.65729,3.1024601,-20.741783,-21.727192,-20.01614,-26.740765,-5.224387,-16.359083,-14.078466,-7.1840744,-14.907364,-2.197446,-16.085592,-13.293497,-5.681056,-11.791972,-10.693684,-12.038782,-3.881832,-5.4633408,9.953597,4.022297,7.781357,-3.40313,-2.6251256,-4.610187,6.3098288,6.6415873,6.811811,-2.966198,0.6439749,-0.77895224,8.173031,7.0267982,7.3849473,1.4059194,8.110393,67.21321,52.429424,33.086864,31.483112,21.731527,17.899673,13.531983,12.773376,14.92995,15.146039,10.925261,7.9058332,13.800636,10.879524,8.42239,7.8333983,6.145715,6.7240977,8.3205,7.859386,6.5672946,7.625816,13.082928,21.418034,23.72201,16.921736,14.512162,10.781276,11.126037,13.215096,12.746738,9.004166,9.116807,8.728395,10.121628,9.61979,8.832627,12.487249,14.438621,13.396812,happy,22
-444.6824,76.3224,-13.369049,-4.752895,-6.0511804,-16.764896,-22.344223,-20.62884,-24.468258,-3.8262684,-13.738391,-16.31167,-5.495259,-15.048086,-1.8761562,-16.263586,-8.661616,-4.77791,-13.863258,-7.608493,-10.641092,-6.2961283,-12.766626,-4.387999,-7.767803,-2.752295,-4.297307,10.955136,6.123248,17.602478,12.6951,9.153465,0.16098292,5.5714917,-1.3541247,6.1637335,2.604973,6.906011,2.5747702,8.550915,61.02227,64.756905,34.29565,31.866104,22.815292,25.93474,14.186347,13.315653,13.973554,12.007523,9.143044,8.004988,10.6130705,14.116095,8.369744,7.938696,6.7057214,6.6722894,6.87296,5.8499246,5.9829674,6.462125,5.8723097,5.38951,5.948655,8.807344,16.58616,17.552969,20.02153,17.567932,17.135984,15.969258,12.627262,12.007598,11.210417,10.752206,8.155516,11.617404,11.512944,12.324699,happy,22
-455.80057,83.239746,-4.904357,-11.633242,1.1093605,-9.673232,-20.94576,-19.441063,-26.317427,-4.855305,-13.216701,-16.250008,-3.5294313,-16.071321,-3.1598132,-14.075459,-5.673973,-2.9494817,-12.142241,-7.5382843,-10.540628,-6.386944,-12.975864,-2.8495219,-8.870141,-5.0995283,-5.0423546,0.6982689,0.03783265,5.213027,-3.7154255,-1.2610227,-7.009556,0.8075129,-1.3324353,3.9098592,3.0649467,7.29793,3.87373,15.086068,70.8446,60.816414,39.157974,28.639338,21.664574,21.749895,16.602041,16.751207,17.141855,13.194688,9.328593,8.717295,10.368399,13.623007,11.127038,7.4504333,6.6191587,6.4393406,6.0262675,5.512379,6.3322988,5.890593,5.145879,5.4126177,5.000927,6.096361,15.597553,16.091366,17.899544,15.823019,10.469945,8.686814,11.3819275,13.502464,13.672588,13.822441,13.246481,12.407406,16.136637,19.01046,happy,22
-319.00128,67.98628,-38.557583,-19.374714,-13.75509,-27.48941,-28.89232,-20.317127,-35.102722,-7.8253684,-14.076147,-19.344738,-13.339651,-19.981842,-6.0800867,-18.12094,-6.4728103,5.8355985,-1.2769941,4.9909587,2.1466942,1.7947699,-6.227838,7.518401,3.3633277,7.666149,2.0017226,2.3935761,-5.044887,4.648776,-0.55810034,2.5181022,-3.1599867,2.5212994,-1.8659437,5.9675627,5.1460447,3.3540993,-2.8243093,0.97993726,66.00187,46.913013,35.761765,35.552387,23.322556,19.702742,18.098139,13.673109,17.280563,12.65432,7.170097,8.308779,8.8011465,14.415292,8.002462,11.684961,16.512226,15.229826,21.64157,18.979105,18.9205,16.079195,13.771243,14.243647,14.658276,16.803928,11.328203,9.97503,11.368123,10.17402,11.3647585,13.648848,11.325608,11.476652,8.149297,9.319766,8.563579,9.438059,11.043881,10.934207,happy,22
-328.16562,67.547806,-21.829681,-14.78172,-5.377475,-21.753782,-27.450428,-19.088829,-29.638817,-8.369008,-13.214318,-22.28294,-8.825148,-15.628966,-9.377623,-19.451303,-12.978571,-4.750477,-7.1574335,0.94273907,2.8116632,7.02205,-2.061517,8.82859,3.796345,11.843005,6.6027374,4.7686806,-5.284483,2.6919017,-2.5672445,2.1141617,-2.8385534,-1.5900215,-5.890929,2.8379004,4.950754,3.9115994,-2.2063274,2.15652,71.92155,48.455475,29.148125,34.115234,26.266186,23.270323,19.100367,15.946131,14.093917,13.816734,9.029247,8.76915,8.658483,13.099638,6.770559,9.809657,8.8312,7.96812,15.87887,17.86761,18.533436,15.8909445,14.051367,14.686211,15.458958,15.089072,12.221684,13.161332,10.034041,9.783938,9.703854,8.902773,9.911585,8.412904,9.6427555,8.110709,8.715782,10.127311,10.789136,9.223785,happy,22
-311.23486,49.07946,-8.226834,-20.951946,-6.7095685,-18.417574,-25.056538,-21.637247,-32.58087,-5.3820124,-20.425774,-23.55809,-9.200235,-17.653456,-11.10333,-18.76932,-9.148755,-2.4966094,-2.6815834,8.644889,5.901713,9.772592,-0.39092714,9.83043,3.6425786,3.9556298,-0.42628077,0.53493965,-8.023561,6.219824,-0.1995799,-2.9941158,-7.538114,-2.3391805,-2.7299247,8.039968,4.245551,3.9425879,-1.1064404,7.1286836,72.0316,52.772903,33.672207,31.492779,21.695374,25.285168,15.542398,13.352286,16.29882,14.723022,8.694313,9.302817,10.006919,13.390167,7.6085396,7.82468,10.647358,12.330513,15.97001,17.93794,17.272642,13.760903,15.840703,17.725927,14.779559,10.302443,10.5933485,10.331723,11.766322,8.658825,8.791428,7.7668166,9.704691,10.0238695,10.86409,8.363365,9.42318,8.449399,8.529656,11.797794,happy,22
-343.5399,56.52004,-22.645407,-19.825275,-4.150953,-23.978436,-26.56254,-22.947403,-29.086546,-5.4652057,-17.828564,-21.795494,-10.202641,-16.444225,-12.995557,-18.79532,-9.661229,-6.8758335,-4.428231,4.2502203,3.034451,4.288793,-3.412668,8.936281,4.1611524,9.581772,8.527161,4.6536527,-1.5778003,5.5162797,0.39914763,1.5523983,-4.3943434,-0.11479171,-6.0131145,5.2167444,3.3150303,3.8854396,-0.34796298,5.7407365,66.85727,56.896477,35.81514,34.119038,25.73711,23.60976,19.46777,13.529862,16.4102,13.41399,9.8547945,8.849439,7.569554,9.6484585,6.4519076,9.363687,9.917982,8.226211,18.192974,20.068848,21.29074,16.68988,12.671206,16.015491,18.19367,17.32825,12.127609,14.085478,13.113907,10.86271,10.944509,9.346004,8.994689,9.867125,9.218367,9.798219,8.638136,9.901402,11.442789,10.726288,happy,22
-487.7233,84.41661,-8.066368,1.1507291,3.6304998,-18.49619,-16.577942,-17.697199,-24.78596,-2.7582843,-10.780857,-13.195699,-5.180131,-9.995843,-0.5164897,-12.571876,-7.9394436,-7.025695,-5.536032,-9.803392,-9.437517,-6.2410517,-11.368031,-3.907364,-8.591228,-1.0912288,-4.2470927,2.1466188,-2.560202,3.182918,-1.4242007,-1.2149018,-1.8669041,0.92895955,5.670219,5.629618,8.356589,12.866676,6.7200904,13.364637,68.09121,54.288757,26.227083,29.904745,20.800003,15.933323,17.64147,14.771893,11.439177,15.619775,7.2500725,9.171205,12.976937,12.426822,7.9949794,9.99785,6.031542,7.2653446,5.1978526,5.5122037,6.732781,6.1890345,4.658963,5.950312,4.445031,8.914396,14.032728,11.590313,16.276836,12.163661,12.688938,10.323291,11.118695,15.065384,19.057468,16.032288,10.959599,13.800289,16.80599,19.916834,sad,22
-484.4161,78.99799,-10.2916975,-3.3344822,1.5277319,-16.977459,-19.729778,-17.610346,-25.368952,-5.9326763,-9.297845,-13.896706,-6.434787,-11.110037,-2.7152555,-12.114407,-8.867887,-7.361563,-8.378181,-11.0865345,-10.363046,-6.41278,-9.973175,-1.4104978,-5.701048,0.87784755,-4.2641945,4.222927,-1.0449662,4.057292,0.98206156,3.024807,0.1597478,3.2811677,5.623866,10.646556,14.297238,19.604008,12.152306,8.733056,67.89925,50.919304,23.614065,29.997883,21.331848,17.580336,18.282549,13.257566,11.628981,14.119668,9.355019,7.583362,10.030224,12.287928,8.357923,10.0746975,5.9666004,7.297531,6.2029395,7.0358415,7.3612227,8.240658,5.049351,7.1615324,8.881743,12.076453,17.742434,14.274814,14.291632,11.868562,13.207578,17.563576,17.660366,13.23514,12.64982,14.093021,17.551989,19.376356,16.88672,13.937167,sad,22
-485.95956,63.22896,-2.2391336,-6.526025,0.03528521,-11.951723,-19.390715,-24.050192,-22.46866,-4.9331203,-7.8902435,-17.7712,-4.507262,-10.339475,-4.66574,-14.597764,-6.4146647,-5.452979,-8.224401,-8.569444,-6.6148663,-5.7918034,-11.710417,-6.207729,-10.244198,-2.7903354,-1.587315,7.535229,5.1006737,8.204249,0.9638217,0.7217605,-1.3162532,10.9355955,14.39483,18.14732,14.906881,12.959054,0.53243244,5.4748397,57.553238,62.572983,32.636833,25.088604,21.851131,21.592192,16.469496,15.161975,13.136506,11.600683,7.6206484,6.7288094,11.986812,11.289759,8.693003,7.869797,7.726147,6.1555357,7.8103433,5.718788,6.070497,4.0776896,6.719651,6.3893447,5.325217,8.013096,18.274324,19.201977,18.38173,17.555227,15.740232,17.790924,15.427643,13.83794,16.664797,18.523191,16.5991,19.549482,11.361289,11.640481,sad,22
-466.70395,62.355602,2.8994055,-7.918799,-4.6239824,-10.104301,-17.84158,-23.870844,-23.82776,-4.934661,-9.851983,-17.42992,-3.5164297,-11.47834,-4.2565193,-14.841983,-7.618173,-3.5100327,-10.427374,-10.500877,-8.660522,-7.0233707,-11.578856,-6.1122055,-9.825788,-5.3210373,-8.931961,5.591226,-1.2424321,8.138688,3.2717826,3.115606,1.8409432,10.524976,14.359306,19.493973,15.946866,14.187702,-0.53485745,3.0537279,70.50796,67.96622,33.88146,30.729193,20.875912,21.036537,15.751499,15.85211,11.96598,11.262006,7.813316,8.267869,10.478051,13.24388,9.2784605,7.423008,5.9918222,5.7807117,6.4815025,5.2556577,6.9165545,4.665356,4.37421,5.396351,5.014038,6.096198,12.430565,16.45267,16.56489,18.01987,14.544589,16.05004,17.91608,17.207481,15.594961,14.243936,16.864187,17.460718,11.243568,8.035487,sad,22
-470.02704,82.20278,-14.87296,-0.23217154,1.0682564,-14.584188,-19.64536,-14.988382,-28.478529,-6.6399803,-11.712462,-16.614742,-3.2868474,-12.207118,0.28183848,-10.326992,-13.538332,-4.6392074,-11.313436,-8.357903,-10.622857,-4.1086836,-12.12786,-3.2784312,-9.232001,-0.7238427,-5.5486007,3.0568976,3.59126,8.828688,6.082877,8.350558,4.6208167,6.787411,8.530263,13.7992525,13.057727,13.564639,1.237841,-0.06692166,64.67119,54.029694,24.731207,31.538008,26.358032,16.222311,18.06795,14.333483,11.2320795,13.274039,8.697294,7.97022,10.539947,12.27164,6.9972177,9.388567,6.676645,6.2959833,7.384676,5.410221,7.878846,6.0623713,5.1466923,6.640253,6.9996576,10.185674,11.314585,12.335099,10.749951,16.05353,19.551723,19.584423,14.039749,9.420072,12.426672,17.079647,17.077978,14.05658,10.789885,10.501442,sad,22
-456.72385,70.81728,-17.367365,2.6445951,-0.23798698,-18.421827,-22.120657,-18.46221,-25.502575,-8.401432,-13.43108,-15.477347,-2.2992973,-14.742713,0.6252263,-10.104826,-13.184669,-3.0159516,-10.873788,-8.488454,-12.51457,-5.102795,-13.966913,-4.441244,-10.791292,2.5421934,-3.5376651,9.121533,7.370309,12.647385,6.096815,10.323699,8.616077,16.689953,15.58665,13.517117,3.693101,-1.2465494,-5.1162,2.2171087,67.49532,52.350452,27.820019,30.013603,23.731598,15.820253,18.848372,15.121088,10.126219,13.056754,7.1731377,8.12489,11.177415,10.140795,8.683345,10.823796,6.658207,8.375595,6.3989444,6.256604,8.491024,6.28317,6.113992,7.026056,10.08025,12.768163,12.953229,15.939205,19.244469,20.33188,15.007672,12.599985,15.252599,19.393135,14.674323,15.069962,9.164033,4.999727,7.787051,6.588609,sad,22
-464.7841,63.14905,-5.364278,-3.8648832,-1.0480808,-10.864058,-20.266409,-20.66354,-28.892693,-5.672636,-11.669968,-20.69105,-4.3162594,-13.281822,-3.0535567,-13.002307,-12.098016,-2.2368882,-10.285309,-7.6451225,-12.72168,-5.055838,-11.980069,-4.7291164,-12.665473,-6.152913,-13.23251,0.13550152,-1.6233068,12.462871,14.284766,16.256042,15.371745,18.35875,14.613736,14.475833,7.6478095,6.908845,-2.6194122,0.8082841,65.04271,66.70338,35.280357,30.643717,21.674221,18.973938,17.203032,13.971822,11.632038,10.402955,8.368326,9.5834255,11.750764,13.37515,7.4220996,9.160163,5.7420173,5.5403023,7.717379,5.6530337,6.4435563,4.7256575,5.3152237,5.276667,5.7020216,7.0098805,8.153361,11.094428,14.517996,19.644182,16.903944,12.768826,12.765935,17.51419,16.550983,13.775467,8.970676,5.7828827,9.814226,8.222778,sad,22
-448.12695,70.00769,-14.135995,4.993603,1.8109317,-14.180719,-22.791563,-18.793356,-29.35841,-7.797842,-11.840242,-19.099558,-1.9714069,-13.830755,-2.422602,-11.877071,-14.128548,0.73275346,-12.44305,-8.326268,-12.132014,-5.987179,-12.77042,-4.5253444,-10.799918,-0.10568872,-11.33794,-2.7281861,-8.09876,2.7161345,6.088318,13.922679,18.13382,22.085907,17.03599,14.133335,5.6057105,7.0568876,0.5327213,4.371289,74.38602,66.511826,35.612522,29.537037,22.522907,22.396076,16.666584,16.95224,14.411101,10.906862,9.636788,10.093352,9.256252,11.284356,8.041879,8.752503,6.379276,5.6993,6.832776,4.547435,6.4989147,4.5408607,5.912166,5.5923166,6.498338,6.6208205,8.388835,6.637576,8.707949,10.611447,17.38442,15.863242,17.094406,14.164729,15.062892,15.405715,14.201785,11.255479,10.750824,6.679517,sad,22
-434.8118,82.71015,-2.845646,6.0532713,-6.592717,-17.925358,-16.385084,-11.7946005,-23.76677,-8.682292,-4.448351,-18.186033,-2.9744108,-12.908273,-4.683849,-10.177314,-8.018225,-3.3310397,-12.531615,-8.177155,-10.615822,-9.573845,-10.609752,-4.813736,-4.278877,-0.7651924,-0.8810851,-0.07601822,-2.8558526,-0.056467038,-1.3281912,1.0186008,0.9442959,4.9355593,-0.70510733,2.3698626,0.86411774,7.549896,2.0161543,5.7609816,79.36302,54.83973,29.213692,36.677177,24.311796,22.503584,12.105572,16.619173,11.40992,13.274141,9.441779,8.856217,11.276877,10.221926,8.014373,9.350611,6.353955,4.8385563,7.711077,6.345148,6.6780233,6.1990376,6.594168,5.728027,8.785718,14.551588,15.475855,13.942662,11.6435375,7.4120193,7.572918,10.734164,15.506908,17.655807,12.885091,10.935805,11.900776,12.941537,12.693832,11.843133,angry,22
-448.5558,88.58258,-2.9711025,2.2079756,-4.7013016,-18.34838,-17.61714,-8.289954,-26.002163,-6.29375,-6.353281,-17.25389,-3.0701766,-13.687778,-1.1716238,-9.909532,-10.630668,-2.7321978,-11.202183,-6.8057303,-9.78429,-5.5677953,-9.720668,-0.76128817,-3.9716873,1.512266,-1.2406529,-0.2344943,-2.703003,3.0096986,2.1879573,4.1741414,-0.51664245,-1.417853,-3.3283813,8.155673,10.951008,15.502884,3.9047818,-0.45069253,82.71499,57.88603,29.448889,38.750107,27.368153,24.345215,15.5184965,15.769295,12.959151,12.332808,11.540861,11.08872,14.478569,11.132574,9.269402,8.819405,6.290389,5.5072317,7.0840826,5.636778,8.065328,7.793911,6.407986,7.5741725,12.086596,18.904894,17.917465,10.8518095,7.3535557,13.339794,16.694323,17.828548,11.225762,9.68748,12.431651,17.503334,14.279982,14.533724,13.183815,11.519213,angry,22
-415.81482,71.26642,-14.334392,-2.723875,-9.456099,-18.32122,-19.740252,-12.91157,-27.239569,-7.6151867,-7.3260098,-19.40972,-0.9648283,-15.059801,-5.9126306,-13.010623,-9.424,-1.8931668,-9.997547,-8.161224,-7.6671367,-4.0367637,-3.4368398,4.4266167,0.7193479,2.6331737,-1.0935098,3.9764676,1.3583211,7.6432953,3.2414753,3.2591996,-1.1342567,-0.5060159,-2.5035048,4.598097,4.206589,7.7362843,4.517832,4.357712,91.330574,73.7859,43.669262,32.875607,30.555117,29.193117,17.152922,19.087465,12.9034195,10.559156,13.677393,9.5228,11.380146,9.992558,7.960131,7.5040693,8.698263,6.68668,7.616612,7.970209,8.737487,8.311081,13.110033,15.101482,17.06089,16.326773,14.9132185,12.805758,14.541026,14.427529,13.804624,12.620129,10.196674,13.474528,13.645757,13.957177,12.426044,11.751645,12.889106,12.872864,angry,22
-413.91025,67.17274,-9.040063,-0.46159017,-9.315788,-19.556086,-17.526741,-15.614915,-28.740017,-10.101933,-9.012879,-21.392004,-5.1876545,-12.447754,-5.9700956,-12.391357,-7.744549,-3.913389,-12.830863,-6.296027,-9.731194,-6.352758,-13.060118,-3.766931,-7.518855,-2.7814062,-2.4420185,5.41379,6.752304,11.463929,4.893776,4.5401125,-4.399262,-2.5891302,-1.137238,7.7542896,7.834284,12.509566,4.45954,4.9106216,92.707184,68.949936,41.536644,36.23727,26.120642,27.827353,17.465624,18.313068,11.738833,10.991135,11.859323,9.208414,11.566635,10.768959,7.5281024,9.209573,8.121897,6.036773,6.0301228,6.4785447,5.240577,5.332007,6.9265428,6.427682,11.031222,13.468008,14.62356,17.019217,18.702103,18.2784,17.07227,16.061024,11.922364,10.631882,10.943702,9.859415,13.53631,15.496757,13.197354,10.888771,angry,22
-305.4952,59.56308,-27.325018,-1.8479913,-12.37547,-26.834204,-15.5913,-19.136068,-25.684088,-4.80122,-14.611604,-16.282154,-7.9440594,-15.094797,-1.798114,-17.414469,-12.977124,-7.979719,-16.466995,-5.3644185,-2.23154,3.123898,-1.685291,3.9893513,-4.2355647,4.249284,5.879717,13.613913,10.5458355,11.348098,0.96621996,1.5999155,-4.7925334,5.318672,-1.2730864,3.0446143,-0.3483858,-2.4370537,-4.8886065,3.2183554,81.605194,47.67461,32.84075,37.931057,26.353374,25.63395,18.255222,18.348982,13.702923,16.332062,11.081917,9.577338,11.155314,14.850972,7.2174873,10.451612,7.9482584,8.305945,11.191727,13.095756,17.294577,20.082664,20.821781,17.718884,17.395952,14.267602,15.218578,16.001274,16.899864,14.026623,9.560375,9.212222,11.15237,10.2918825,9.918643,7.145986,7.093301,6.793726,9.350009,5.847227,angry,22
-324.4695,72.03319,-28.048971,-5.646593,-11.291209,-23.366411,-18.933458,-14.406024,-30.2684,-5.906928,-12.174087,-19.323826,-7.436743,-17.551582,-3.149348,-16.163553,-15.411713,-4.9648604,-16.789013,-10.548564,-8.833133,0.1707217,0.5545644,5.365374,2.0764644,6.1623435,3.1409836,9.454512,10.308008,12.699371,6.1651134,3.9820905,-4.940152,-0.4229438,-2.9749935,4.437356,2.840344,0.4462805,-6.9862084,-1.781467,91.06204,45.481438,32.15832,39.534817,31.6837,23.618635,16.976593,19.954727,13.865214,12.212433,10.042598,8.759698,11.519236,13.57406,8.081419,8.460274,8.305962,7.72291,10.037185,9.052532,15.484629,13.551529,18.199694,19.61843,17.563633,21.124407,13.96977,13.928441,16.336931,18.456612,12.084443,7.464077,11.210786,10.407855,7.268449,8.752869,6.287685,7.4962673,7.042613,6.4735746,angry,22
-277.48926,39.940533,-27.756252,-6.2515564,-13.2484,-26.689013,-17.72199,-21.18687,-32.065475,-7.8197327,-15.13874,-16.849709,-5.40049,-16.711432,-4.150513,-14.119686,-16.796984,-2.9862585,-21.765446,-4.4683805,-7.7711983,-2.6703541,-6.670629,5.047668,5.8728304,11.249855,8.779176,10.221484,6.868876,7.177127,4.670606,3.5627062,-4.9039783,1.3086028,-3.4889758,1.9468486,2.1618764,0.3491289,-5.586946,0.26726863,95.42416,55.7473,43.07997,37.59091,27.279236,27.246141,19.579605,18.721735,14.55124,12.84406,11.84009,8.566657,10.408008,13.373038,7.890031,8.221358,10.771697,10.510926,11.273618,11.004548,15.370188,17.682728,16.733852,20.799622,21.25328,23.557552,16.477333,17.177074,19.408419,17.02224,12.846639,11.542064,9.005622,8.989144,11.087673,8.766812,8.005048,8.668834,7.0054035,8.952105,angry,22
-277.48926,38.938694,-33.174633,-6.5058703,-15.450077,-29.38208,-17.372173,-24.477129,-30.819788,-7.5058537,-10.76762,-20.335394,-4.5633426,-18.080023,-7.5982523,-18.276543,-16.600801,-3.2923198,-19.544445,-1.5950636,-5.3235273,-0.5610947,-5.10275,7.405256,7.5646544,15.97813,11.220018,11.518728,3.7563298,2.0428607,-0.33252436,2.414015,-2.6829138,3.984903,-6.1916385,0.07211374,-1.6327376,2.603114,-0.7497585,-0.8861311,85.51079,57.85902,41.78794,36.10561,31.088835,28.99247,21.168173,14.288643,13.446355,12.677071,13.012885,9.326675,11.204543,12.773387,7.503046,9.674678,9.860404,8.328101,14.853071,19.257687,21.997955,17.909279,19.738901,20.111938,17.115677,19.92853,17.48035,18.850763,16.45438,13.632112,11.844643,10.444156,11.710005,11.849021,9.03022,8.658664,7.7899528,9.526575,9.351503,9.983129,angry,22
-464.02112,112.27146,-18.827415,12.19654,20.203806,-16.523642,-10.766305,-8.488718,-20.944271,-13.994442,0.475662,-11.478793,-4.588656,-6.2660623,-11.656561,3.157847,-13.537449,-7.282902,-6.3005676,-6.1612887,-10.808465,-5.4591093,-10.365427,-4.932492,-9.466344,-1.247223,-10.7535,-4.502586,-5.4296966,-4.241397,-6.674058,-3.067833,-7.539176,-2.3381155,-6.955495,0.6593617,-2.645088,0.74678016,-2.0139227,2.2396889,120.34644,44.367275,35.377537,22.663048,27.650362,21.121302,13.985356,16.410229,14.300026,10.8166065,14.113622,13.491366,10.0694895,9.000092,10.064914,7.1523566,10.654363,6.030051,7.874445,7.911928,6.2485685,4.971796,6.4196377,6.5931544,6.7003193,6.7212844,8.052553,6.7660117,5.080329,5.015045,5.3033915,6.4296675,8.10683,6.425713,8.850951,10.309813,10.309975,12.576799,11.344926,11.182043,neutral,23
-441.717,109.49783,-22.91325,12.089468,25.00528,-18.485397,-4.9601474,-7.027231,-21.91226,-11.47851,2.2318366,-8.467724,-4.277557,-3.3102615,-10.584368,2.487553,-10.53496,-7.733852,-6.2970204,-4.268517,-9.2589855,-1.385658,-9.714902,-3.0839844,-8.593732,-0.16539468,-8.129038,-1.954194,-4.6022906,-2.5338044,-6.2100816,-2.500879,-7.227466,-2.190297,-6.923633,-1.0344582,-3.6819985,-0.16017891,-0.26380557,3.5811439,123.609695,48.43255,34.69546,26.533854,22.249123,22.586647,14.545113,14.143916,13.691019,10.2757225,11.963441,12.027454,10.375695,9.687849,8.418006,7.082725,9.790276,5.4261885,8.074816,9.306733,7.321646,6.4442544,6.4408183,4.846072,7.2603083,5.8546495,8.593285,5.5597982,5.579903,4.2736363,5.6465383,4.557976,7.127689,5.139215,7.6886144,6.4254417,8.593676,11.785502,11.191314,12.177068,neutral,23
-421.8423,104.88751,-23.636833,7.3587747,21.641424,-22.490904,-7.010874,-11.326938,-24.923502,-13.754168,-0.5421443,-10.056288,-6.956169,-3.0153973,-13.115128,1.0062699,-14.907169,-9.098034,-6.752194,-6.717088,-14.900648,-1.6129031,-10.296091,-4.639005,-10.86293,-3.211501,-8.685781,-3.3297527,-4.7427673,-3.522711,-9.045355,-5.3974233,-9.237522,-6.6721444,-8.301868,0.25030687,-3.8863568,1.2527872,-2.7594604,2.6140163,112.16593,61.507645,41.817966,26.506548,22.501837,26.188461,14.351433,14.829786,13.914203,8.458849,13.358899,12.15265,11.0748205,7.9534984,10.239556,8.552785,7.8340673,6.8384657,9.690589,8.404755,6.291448,5.881116,4.7407675,5.5128684,4.6030207,5.4160104,7.0738077,5.25905,5.1961045,5.41586,5.74576,5.206522,6.1386175,5.3390884,6.7510533,8.403626,10.911857,10.985979,11.0791235,10.452974,neutral,23
-443.40283,107.36218,-18.659292,7.5491576,23.247986,-19.400442,-7.8002853,-12.211706,-23.935064,-11.429972,-1.5998267,-10.349765,-6.6671333,-3.339561,-12.839281,1.0259396,-14.636536,-7.0541167,-7.9778366,-6.1086617,-14.06568,-2.4852154,-8.363278,-5.1434503,-10.124245,-2.2809598,-8.9727125,-2.8343904,-2.7415004,-3.9167526,-7.558725,-2.999549,-6.9410696,-3.0947397,-6.211807,0.08704016,-3.2068276,0.8273918,-1.4217117,3.8978736,133.51443,59.63077,43.504536,26.083422,21.493849,27.804773,14.421591,16.736313,15.469976,9.597666,12.385219,10.753391,12.132196,7.9468856,10.946463,6.8363204,8.662337,6.4948916,9.545316,7.3669424,5.9762025,7.1956716,5.6462336,6.056972,6.0612745,4.4662695,6.331578,5.107935,5.2904844,5.771522,5.2975154,5.676256,7.984597,7.8481784,9.295249,9.026036,8.236159,8.549824,10.0978,12.301699,neutral,23
-402.0995,102.27599,-25.574238,5.5185323,7.810797,-18.452082,-15.933307,-17.949623,-29.203829,-13.793033,-6.3267574,-11.415116,-9.208465,-11.114118,-12.451315,2.5794988,-16.246151,-10.900847,-10.307389,-6.958245,-18.416967,-3.5854056,-11.937532,-5.3590336,-5.337146,5.2545485,-3.9806097,7.6326337,0.71866596,2.3833196,6.018989,6.287613,1.3267239,1.469556,-2.0011733,-1.4651513,1.6002989,3.9676073,0.8155211,8.215393,62.655056,46.42953,25.65603,33.565792,24.16088,19.418394,11.759248,15.170826,12.243673,11.175816,14.552251,11.528327,13.260509,10.430293,11.432054,8.955707,11.105513,8.221221,6.8122196,9.467857,11.868034,6.3477983,6.742889,8.255955,14.477888,17.85298,17.23345,14.65496,11.706559,11.659949,13.308138,13.201046,10.627342,10.343534,9.261414,7.8740063,6.9131246,9.708829,12.637396,16.483507,happy,23
-352.71597,95.05324,-23.96736,-0.39889532,4.539662,-17.82512,-16.035355,-16.747086,-27.961628,-12.045384,-9.3055105,-12.492416,-7.748441,-11.396918,-13.392627,5.2346067,-20.49826,-9.602858,-11.087314,-11.432221,-15.53967,-5.07237,-7.40656,-1.9312346,-0.3298281,6.7456512,-3.0798602,6.7582717,1.4555361,4.9761157,6.1137733,4.20952,0.9510546,-1.6597918,-2.5685184,0.24500707,0.25530767,1.235012,-3.255861,1.4188633,55.28995,51.586082,26.072752,30.363384,27.43034,17.419828,10.926037,13.110694,13.0383215,14.458191,12.701893,8.66509,14.271378,12.042892,11.239178,9.283552,11.683832,8.351956,8.680825,7.6656713,8.666525,6.365178,9.181057,11.627865,18.490343,20.122347,17.811232,14.057255,13.754616,11.325442,13.256719,11.485374,10.13853,7.70744,8.269888,7.101822,4.4872956,7.3634953,7.0008364,9.376409,happy,23
-370.1379,93.049644,-23.455078,4.925795,6.6125336,-18.807789,-18.902454,-18.97019,-29.467167,-10.897824,-8.309698,-13.7880335,-7.0477533,-11.3897505,-12.345012,3.1216748,-19.22222,-6.7649894,-8.84789,-7.9550986,-16.7655,-6.770709,-9.249604,-7.4416304,-12.677819,-3.8776631,-14.174218,-6.4914346,-7.220872,-8.017148,-6.822499,-0.52762914,1.4261122,6.392495,10.954773,11.958442,8.655086,7.023369,3.5091329,6.0031247,74.54144,64.08093,32.466976,28.326965,22.192373,24.184128,14.679311,15.340592,13.603611,11.63879,14.033669,8.623095,15.256035,9.2502775,10.228452,8.80102,9.332577,6.122434,7.9653387,8.975636,5.5707855,4.5204024,4.8701944,5.1751003,5.6585746,5.960786,6.354848,6.153866,5.6657925,5.2574515,7.3251038,11.845491,15.090776,16.011503,16.283686,11.649738,11.253046,10.931039,8.865969,9.219372,happy,23
-367.56705,91.3706,-13.535559,8.928278,7.8997602,-16.102373,-15.466964,-14.834853,-30.736303,-8.315037,-8.352565,-11.6296835,-7.082119,-10.709528,-9.815122,2.9007065,-18.004902,-6.827381,-8.829561,-6.1015697,-17.328691,-5.141991,-7.407731,-7.895942,-11.236886,-2.7558713,-13.553908,-6.095296,-8.26663,-6.427697,-6.29696,-1.4240196,-6.5631247,-1.6768072,1.3643756,3.6464942,9.325331,9.921578,6.3188996,7.8351703,74.49504,68.108154,31.930687,26.433613,20.617922,21.769062,13.629438,13.257423,13.876769,10.024889,11.096762,9.250022,14.783325,9.341489,8.769813,8.771619,10.079904,6.8216743,6.727483,7.581129,6.295292,5.167524,6.1400266,5.2208133,6.365426,4.6229157,5.236582,4.600512,5.5025377,6.384574,4.6893244,7.1089153,9.435017,9.759375,12.532842,14.61967,13.850043,13.752508,12.112858,11.665365,happy,23
-281.78775,72.29473,-32.364777,-7.0761213,-6.5952487,-19.918362,-24.340189,-15.5935545,-28.825953,-14.77757,-9.5088825,-15.305664,-14.507628,-13.294628,-16.259192,-2.3948472,-23.564194,-13.146581,-12.842851,-7.8714314,-9.119127,4.5131607,8.730563,10.970908,11.341821,13.173513,-0.5342978,7.2751474,4.2621107,2.6912134,6.662333,1.2541386,-3.6621702,-1.6635355,-1.4424361,1.2115728,0.47563502,-1.3227242,-4.139644,0.059801605,64.30886,51.30368,29.105373,31.387259,28.500359,13.956579,12.558179,13.970016,12.708565,9.992526,11.025681,9.489383,15.0115185,10.183128,10.951271,9.733346,12.110805,10.392164,7.6159744,11.913774,12.053285,17.101631,22.450602,21.050306,20.171125,16.803513,14.384327,13.386089,11.678407,13.39558,10.063693,6.673445,9.330122,5.1643615,7.794713,8.029146,8.666289,7.628469,6.9260097,7.531804,happy,23
-273.67883,72.25645,-36.387184,-6.942169,-9.517289,-20.924364,-25.641867,-16.73367,-27.649752,-18.441225,-9.767655,-11.483288,-16.653059,-16.29213,-17.057858,-2.1809351,-23.325838,-10.810248,-11.5695,-7.5835724,-7.0317373,2.9873226,8.70658,10.342499,10.706916,11.305212,-2.2540803,4.520546,0.43381375,1.2259986,8.024878,2.2246637,0.72114426,0.68001235,-2.4248114,1.0318506,-2.7537396,-1.2846273,-1.1645187,-0.027178006,59.49113,48.618275,25.263775,31.132427,27.589344,15.344122,11.454765,12.898754,12.3341465,10.324791,11.348981,9.917588,13.357115,9.618652,11.504734,10.44521,12.828221,9.783357,8.771911,10.969056,14.185697,15.053513,22.58917,22.601048,21.717367,18.651554,15.766257,12.884285,10.998582,11.525918,9.515436,9.566898,12.894527,7.6718783,9.002737,7.204591,6.373394,8.215915,6.435476,8.24306,happy,23
-279.22153,76.32677,-30.151382,-9.977979,-11.830278,-24.538767,-27.561802,-12.830518,-37.713123,-12.681862,-8.729586,-15.877711,-12.024199,-17.147724,-18.03461,-1.3279362,-21.506186,-10.356405,-10.526549,-10.4432745,-13.51281,-1.1329594,-0.49746084,-0.40565658,0.6482713,9.418776,-1.8871127,6.4345465,6.9052153,3.3309128,5.61159,4.026084,-0.9330473,2.7670276,3.074326,6.408291,-1.7996793,-4.068737,-3.1733851,-0.8442161,63.646183,62.930416,32.2898,30.590195,23.572826,20.074059,15.974555,14.405124,15.805507,11.725769,14.043151,9.761396,12.967757,8.139189,10.390754,9.796701,10.673554,7.426116,8.922181,6.396944,8.51992,9.1341505,14.463672,16.875584,19.334097,18.361185,15.787163,18.215157,13.928842,14.630789,10.515067,12.726562,12.472871,11.938507,9.157532,8.230094,7.144981,8.003712,6.1190658,5.656571,happy,23
-293.87646,86.78427,-28.434292,-2.460585,-8.468989,-24.666798,-21.660038,-15.061402,-37.35146,-13.202557,-7.4048257,-17.186222,-10.799651,-14.427666,-16.20452,-0.98666376,-21.168102,-7.8816433,-8.403334,-7.4091024,-15.196593,-5.466263,-3.4695969,0.1680035,4.2586284,13.807203,1.4202789,6.721276,1.7464831,3.0861661,4.4092083,5.6282983,2.2927282,1.2583725,2.6677556,6.4351315,1.5672275,1.9575828,0.1545696,-1.2100278,65.88999,59.597584,30.63604,26.382822,26.988935,22.544077,13.932601,15.293302,15.761003,11.513646,12.4404335,11.455981,12.46893,7.8895445,9.855138,10.907244,11.072739,7.3943505,7.5797176,7.7907763,7.341404,6.2910423,12.652612,14.952835,19.601952,16.673292,17.768368,18.53809,12.592819,11.85044,10.747738,10.464463,11.126723,8.806349,7.2035594,8.753897,8.556255,10.58778,7.1442003,6.1856275,happy,23
-496.45468,121.69842,-13.946518,13.977392,21.851719,-4.4079947,-7.581928,-12.745484,-18.797966,-12.838348,-3.346138,-9.884753,-10.272925,-2.127839,-8.427243,0.3730745,-10.53193,-4.6701307,-9.031493,-2.7961576,-6.686999,-5.8837843,-7.258489,-3.771297,-11.219587,-3.320423,-10.473302,-6.6831,-6.7946086,-1.0602313,-7.651964,-2.438863,-8.975444,-5.7120857,-9.259248,-3.8358333,-7.82301,-3.075224,-6.4741855,-3.4533617,82.74542,53.96364,34.510815,25.169147,22.69356,20.035099,13.888232,13.669162,9.8888645,12.678928,13.230558,12.8331,7.6359186,9.041524,9.89187,6.4890027,9.0660925,5.9397445,8.894775,5.7557936,7.4190583,5.3858504,5.7733035,7.57717,7.1811447,4.9735055,6.9703903,4.6807566,5.598364,6.1879625,4.9500914,4.9787564,4.770211,4.22797,5.5324883,3.5856488,4.502137,3.5452068,5.711765,8.773587,sad,23
-516.53094,113.37575,-8.86654,17.339994,17.488508,-3.7890341,-4.3604712,-11.052676,-14.440546,-10.574879,-1.8553343,-9.54003,-10.674642,0.72363675,-7.23593,0.42412573,-10.501173,-3.1562083,-6.5842066,-3.5947142,-5.512245,-5.969519,-6.0014477,-4.28874,-9.239924,-1.4512249,-11.291425,-5.6090474,-6.032853,-3.8322635,-5.65437,-2.317472,-6.43491,-5.473639,-8.51886,-3.5180643,-7.3018646,-1.947852,-5.3905697,-2.571517,126.17142,56.601753,31.542452,25.074368,19.566341,19.078838,15.282939,14.921021,11.25543,13.210175,12.124969,12.572496,8.421419,8.303814,9.076824,7.556248,8.663129,7.359409,8.795105,6.267508,5.6485915,6.301805,5.5565114,6.248398,7.394148,4.811659,7.19354,4.7364902,5.252586,5.53107,5.7473907,4.0436826,5.0686097,5.0407696,4.5803127,3.710793,5.2652044,3.3434832,4.010406,7.308148,sad,23
-456.7047,85.60641,-6.3327155,15.266858,8.03741,-1.9281774,-6.3215003,-14.5470295,-14.583809,-12.827929,-1.15674,-10.1860075,-6.9710846,-0.20772576,-8.734397,-0.3441406,-11.109372,-4.6312423,-3.7836647,-0.5690986,-8.519889,-4.259812,-6.197401,-2.1559916,-10.965315,-4.295169,-9.183557,-5.842713,-3.9353096,-1.2238415,-3.6875257,0.29262578,-6.295335,-4.6614804,-10.047302,-2.5018032,-7.0722423,-2.4168744,-3.2307107,-2.300266,65.44068,99.83508,45.45493,24.644966,22.51616,25.70932,10.3647785,14.849715,16.097048,10.694336,13.7936735,8.599267,9.336351,7.7843266,10.6037855,6.684869,7.478971,7.8605394,7.79038,6.1038785,6.5125165,5.815606,5.8475385,6.826467,8.013439,6.1440835,6.8207164,6.7845244,4.615196,4.9498053,4.2200146,4.765404,3.7647998,4.097783,4.2496014,4.652399,6.462147,4.7349796,6.0386524,8.189514,sad,23
-439.65695,86.05212,-12.210016,15.862217,9.478918,-2.8095496,-6.8971047,-16.006414,-14.529282,-13.843302,-1.8302917,-8.861668,-8.212601,1.402862,-9.307651,1.2783087,-8.879807,-6.7368593,-3.9016366,-3.8805594,-10.581937,-4.174629,-7.486221,-1.3311832,-7.896786,-2.9912884,-9.69979,-4.7153707,-6.1132975,-3.3856878,-6.197038,2.1008558,-5.734182,-3.0773067,-8.215627,-3.4857583,-5.5953064,-2.2261941,-5.2849417,-5.4874325,54.155277,97.57067,42.918613,25.249695,29.564575,27.691092,10.86617,13.667378,16.049812,11.993838,13.578716,8.510723,8.354509,11.264085,10.083427,7.2440324,6.6050787,9.0543785,8.462792,7.1256227,6.468016,7.325315,5.266155,6.147624,7.162205,5.6568227,6.4554133,7.1281533,5.3340893,5.1446037,4.4501038,5.2533517,4.261406,4.501488,4.5668235,5.36959,3.6865482,4.8872123,3.9412336,4.710698,sad,23
-476.43542,82.916306,-3.8578503,13.341255,11.797443,-5.2759223,-11.307762,-14.137224,-15.82351,-11.970959,-6.012309,-9.0763235,-4.8815036,-1.5399824,-7.6921425,1.6187342,-12.123715,-2.4372911,-5.123709,-6.1869154,-8.433014,-4.712598,-6.615085,-5.321697,-7.6776323,-4.528925,-7.128973,-3.4607704,-2.6265197,1.3214843,1.6353846,3.3775687,4.498409,4.2373405,2.1930428,6.7731647,3.2943127,6.131134,1.8580812,0.79853565,125.10876,52.855385,33.691654,33.84678,21.592318,16.895409,17.23289,15.285746,11.408108,11.225598,13.7415695,9.974928,7.499133,8.196717,9.473241,7.847858,9.350328,9.625399,6.7551494,9.521284,5.572049,4.8585234,8.020599,6.002868,6.970818,5.5674195,6.417209,7.5248632,8.625867,12.829458,16.489513,11.097444,12.989411,14.108973,13.358218,11.8468075,9.253255,10.0742035,11.958693,9.8592825,sad,23
-531.2812,83.12499,-13.895778,7.99386,11.831259,-2.8833287,-7.7595997,-15.212272,-10.733334,-6.2086606,-4.6273227,-10.45484,-2.4890115,1.2930111,-7.0025706,-0.45064855,-9.57938,-3.8399336,-3.2259245,-2.76272,-5.1077824,-3.692559,-5.4447823,-4.14862,-5.6829348,-1.8599414,-5.4091144,-4.8024564,-4.8209624,-3.6813002,-4.332973,-2.7322195,-2.8748062,2.8009899,0.18688017,5.4362783,4.4621525,6.4771833,5.115093,6.7594266,150.10599,54.34885,30.143976,27.67353,21.286108,15.177771,13.694193,15.037066,12.857673,13.382784,10.810413,11.4017105,8.777184,11.188879,10.7654085,8.517971,11.505633,7.309316,7.31106,6.014994,7.138356,6.824361,5.8706436,5.0039387,7.3826575,5.304808,8.143863,6.3874335,6.041598,5.597375,6.688591,5.193802,7.908631,12.653325,11.236491,14.647632,11.700765,12.938863,10.498233,9.316227,sad,23
-489.68173,76.04968,3.0834901,3.5531986,6.7610455,-1.7529073,-10.056627,-16.607927,-18.545551,-12.395997,-3.6711707,-16.56614,-5.3638034,-3.672,-7.8821235,-1.1410971,-10.59361,-4.695135,-4.1450577,-2.8329666,-10.892369,-3.910816,-4.431346,-3.8195684,-7.42561,-3.4457812,-9.50579,-5.8374224,-5.338359,-4.3935857,-6.6760807,-3.0887,-6.6543293,-3.4904413,-4.4617486,1.6705922,4.7342935,9.241803,9.339313,8.705355,110.6185,79.89335,35.478184,32.19858,21.450514,22.194893,16.269602,15.864876,12.422193,13.150603,14.174516,9.745795,10.167821,10.255586,10.154821,6.0104165,9.96156,8.201886,5.32895,7.604745,6.5369325,4.5990334,5.964904,5.384212,6.3905044,5.128941,6.7202225,5.26812,5.872273,4.805036,4.6092753,5.194906,7.998989,7.642152,9.453133,10.403333,13.214415,13.656368,16.710619,13.821211,sad,23
-513.3602,78.54319,-11.016468,10.49143,14.765538,-1.2912177,-5.56657,-20.842241,-10.535984,-4.312555,-5.1665907,-9.82385,-1.5605707,0.54763186,-5.8560805,-0.2503822,-8.646632,-1.8795333,-3.3470924,-0.23294488,-6.9101253,-1.5503378,-5.7396865,-4.330874,-7.81084,-1.5368844,-5.0544987,-2.3400578,-4.8591623,-2.026678,-3.7798033,-2.1679845,-5.696242,-2.3114824,-1.601866,2.5637221,3.695563,8.494208,5.553024,5.9734282,137.56076,58.00829,31.52324,28.952646,20.003525,20.245024,12.849009,18.076189,12.953629,12.617477,10.746002,8.724431,8.142404,10.687994,9.81019,5.6521907,11.717799,7.5477777,6.9022007,5.9723845,8.70685,6.2892265,5.746266,5.9464235,8.083442,5.096462,8.634523,5.2707176,4.9449625,5.782217,6.1893277,4.377061,6.857637,6.1028748,7.437103,8.152231,12.624088,14.799659,14.639417,11.385828,sad,23
-300.246,93.90756,-30.59818,2.4071016,-3.6511276,-18.773432,-14.60675,-13.041193,-30.717476,-16.067484,-6.3479786,-15.446883,-9.596966,-2.0036035,-16.426573,-1.002043,-19.120134,-8.515545,-11.069519,-9.205944,-14.729486,-3.8369846,-6.5485034,-5.050555,-8.242443,1.4876821,-9.790638,3.9632013,2.980446,5.1181293,8.640623,6.308525,0.37971312,-0.92427564,-1.5613338,4.5106397,1.6665727,3.0838845,-3.3814156,0.5275373,80.59439,56.208416,28.048935,27.153877,24.424564,22.135162,16.304098,15.257203,12.3161955,9.919425,14.312729,12.796971,9.1403265,8.917514,11.6533985,9.158783,9.911686,9.629342,6.568538,7.1617947,8.733222,6.8047214,7.4523873,8.519886,12.079404,13.730896,14.620204,13.821315,13.365301,16.955837,17.980112,13.436903,8.666488,10.413912,12.050223,8.455287,9.220036,7.099808,5.987155,9.113838,angry,23
-296.25134,91.213425,-28.030748,6.2634034,-3.1887758,-18.117151,-17.851671,-11.7151,-29.214226,-16.450956,-5.272286,-16.738138,-10.463081,-4.6282334,-18.62647,0.003959806,-15.797296,-8.455194,-10.840166,-11.117023,-13.659203,-2.9417045,-6.9515557,-6.151648,-8.777414,-0.8717658,-10.361417,2.1675296,3.4158366,4.1143346,3.5976653,4.886309,0.8253461,2.0311913,0.82829773,1.8342551,-1.1505393,0.38179845,-3.9787192,0.4491917,76.627365,55.203644,27.201897,27.93468,28.240667,21.010376,14.714329,15.705417,13.056153,11.859042,15.562467,13.821526,11.117419,8.415639,11.671965,9.687931,10.5631075,9.519347,8.3473015,7.009568,8.321284,9.285966,10.959399,10.587502,9.871657,10.18197,10.021961,14.994559,14.868188,16.725075,12.660477,10.599169,10.902626,12.025993,9.846099,7.4045463,5.8706307,8.1525545,5.6334057,5.621946,angry,23
-300.44586,90.55858,-25.492489,1.099672,0.71926814,-19.841398,-13.75989,-13.648257,-25.95813,-14.886732,-9.344068,-15.80202,-10.231843,-9.006183,-15.190539,-1.1110364,-16.543356,-8.618355,-10.340861,-13.90202,-14.650703,-5.7478385,-7.4479403,-8.442335,-10.014552,2.001259,-7.0223575,5.2631674,3.879069,4.57743,4.9336424,4.9301267,-0.11110564,0.42688757,-4.1025367,0.03608438,-0.85513735,2.5022855,-1.3796922,4.4752936,80.57527,73.64915,34.034603,30.432478,23.11908,25.211496,14.224114,16.301054,13.153971,10.998817,16.270857,10.6099615,11.574606,7.464092,10.07548,11.232686,8.153834,8.283265,7.2647095,7.8999195,4.97318,7.9970922,6.709644,5.923159,7.624099,10.9118805,15.214649,15.234659,13.770797,14.620587,12.353289,11.810244,10.690871,7.2966466,6.534009,7.384485,5.330547,8.551932,6.9305067,6.959283,angry,23
-302.72433,84.47643,-25.459309,3.852772,-6.2383895,-19.645933,-21.674976,-8.973807,-29.903854,-18.54697,-5.0214467,-19.225039,-14.801776,-7.129117,-16.919643,-5.031032,-15.626467,-8.30785,-12.752526,-10.589882,-14.046641,-5.8163576,-10.462882,-6.757665,-9.524984,3.4307714,-1.530337,4.5099626,5.7387867,4.1372237,-0.50057167,1.5622206,-1.2611127,-2.3216915,-3.0946708,1.5381954,0.90136755,4.585306,0.85852534,0.7053884,81.71081,71.614586,31.71208,27.591541,23.62633,21.666931,11.567594,14.7655525,12.196851,11.697909,17.054674,9.699208,9.814719,9.061854,11.805087,12.6139555,12.047921,8.09444,10.055328,8.906725,7.0880723,7.471675,6.3390617,5.6444964,9.51697,14.5618305,17.3311,18.083645,15.7268505,12.661275,11.755246,7.9735556,8.754453,6.765273,7.734706,8.781116,7.871258,7.912689,8.161428,8.29353,angry,23
-219.81528,65.74853,-41.188507,-2.2047598,-16.686987,-19.14445,-19.534863,-10.683106,-22.697512,-20.04415,-8.320762,-8.834368,-13.353732,-4.892574,-15.850708,0.13757811,-13.002439,-3.3328667,0.38620746,-2.7201223,0.7375032,10.724063,10.262276,13.642388,11.242693,11.763633,-4.7191706,-1.6268061,0.7983493,1.3739613,1.7148986,-2.4139667,-3.824415,3.9663234,-2.2896068,-0.28142476,-2.379864,0.31542277,-1.1023732,-3.7073896,73.515465,45.734573,23.206747,26.105932,27.671041,17.626661,14.559414,19.10079,12.677541,12.094964,11.979807,9.073189,12.223841,9.230726,9.64973,8.327412,12.1756735,19.444672,23.504911,21.365633,19.653349,18.825134,21.778902,18.033957,20.06445,17.60279,14.460296,13.4530735,10.91123,7.2779655,9.964395,10.353758,9.639001,8.72701,8.611134,7.8286376,8.837299,7.1284676,5.1016374,6.8042374,angry,23
-214.10854,67.29743,-47.043606,-6.8007207,-15.7832365,-24.166416,-17.463099,-15.490268,-24.200392,-18.30878,-12.459422,-12.362533,-11.681135,-9.532767,-15.920713,-0.25856075,-19.23202,-0.85887444,1.629927,-1.2062228,7.9922814,6.9097266,4.42378,7.2011824,5.322166,11.38651,-0.5039771,2.2568355,3.1216578,1.0717794,1.6074117,-2.7189293,-3.3769138,1.5686213,-4.363439,1.781833,-3.672497,2.3721793,-0.580757,-0.7607923,72.20552,49.689014,23.835947,25.338297,24.39288,16.843443,15.842666,13.455475,11.831984,11.100832,11.336613,7.799823,13.7326,9.460848,11.551799,7.143488,12.149272,18.3489,20.727905,23.424389,20.371721,20.723883,21.646421,18.024883,19.197464,16.979078,12.844511,15.368135,13.747825,12.216077,7.777367,7.9724913,8.102205,10.396078,10.64314,8.756268,7.379696,7.8901544,5.958131,9.424041,angry,23
-201.49509,52.363346,-47.851704,-9.514018,-15.451506,-16.581757,-19.615854,-19.971884,-21.571121,-17.790285,-11.856177,-11.6510725,-8.990891,-9.779282,-15.211185,-2.9563854,-15.419185,0.986623,10.815807,7.642501,5.978232,11.541026,3.7186542,0.74905807,4.545209,13.000859,1.7362914,4.966254,-0.18290696,-2.8877115,4.434307,1.439446,-5.5417747,-1.3669084,-4.303846,1.2075688,2.7733862,2.861882,-0.045298,1.7896938,68.811386,56.652763,28.556189,25.3696,19.007973,20.507195,17.622072,14.200441,10.762847,11.321644,16.07924,7.8689437,14.953047,9.760679,11.334088,9.32189,9.205576,20.081831,20.883121,25.054096,24.22103,20.80179,18.3408,17.584568,18.868654,19.75551,17.32424,10.191404,11.513006,11.357764,7.3331933,8.614895,9.903464,10.5745535,9.033366,7.7917094,8.807059,8.691353,8.93153,9.339698,angry,23
-230.34666,54.307255,-39.472343,-7.096233,-13.598741,-21.491987,-17.5292,-15.16508,-25.173916,-19.3351,-9.57991,-16.740574,-11.746633,-12.338115,-17.372425,-6.8708673,-19.344921,-1.3237284,6.334658,1.5777346,3.2422922,7.96976,0.54008096,2.9475834,6.7814302,14.330477,2.1781137,6.7041593,-1.3408331,-4.448212,0.082093105,2.2813694,-0.4269798,-4.9960294,-7.8673363,2.48644,2.4472544,4.947395,-1.5697082,-4.0991664,62.34468,57.674934,28.59437,24.505415,20.155317,22.749971,14.59747,13.702196,11.799718,12.418873,13.612317,10.468815,15.247255,9.400614,11.116078,8.60134,11.129457,15.20382,19.75546,24.467375,22.97719,20.84322,17.254145,18.401146,17.586853,21.68618,17.008036,13.830342,11.040994,11.560089,10.4911995,9.766569,9.619694,9.582981,9.813316,7.553429,6.270938,7.1533313,10.492362,8.197997,angry,23
-533.5056,86.395195,-17.606842,0.32017493,-17.55447,-16.519995,-23.255032,-25.248375,-16.999607,-13.116103,-16.969315,-5.8336096,-11.915513,-10.537605,-5.690848,-12.907722,-8.590762,-9.303582,-12.096038,-8.43118,-9.731441,-8.381733,-7.6792274,-5.3065934,-4.8361177,0.93129176,1.0846317,4.224598,3.2477703,8.286297,8.483548,13.467414,13.99835,12.337016,8.030371,3.854589,0.26943913,1.4003265,-1.2732344,-0.51623374,65.40514,55.60357,34.830254,32.444656,18.529306,17.508976,12.324954,17.089148,15.082736,15.767146,7.7182646,9.812937,6.971913,9.816046,7.2279706,7.3111916,6.8194504,6.78887,7.765221,5.534943,5.3715363,5.2290463,6.8520837,4.2136483,8.8787155,14.18356,17.62652,17.553112,13.280743,15.513202,17.688215,16.445024,14.266616,14.873107,16.908615,12.587,11.349069,9.617253,5.940657,7.9956245,neutral,24
-514.8654,81.22283,-28.80735,1.5537959,-19.234024,-21.400053,-21.50085,-27.299234,-16.60726,-11.296002,-19.566784,-6.0919733,-10.893867,-13.444474,-5.4954863,-11.7362,-10.178763,-8.743317,-8.858334,-8.498146,-8.110836,-8.011251,-6.0262156,-4.9427953,-4.4539084,1.0641911,-0.62184113,3.1585445,3.2619698,7.1403885,8.666056,13.787966,11.95956,12.921206,5.095377,4.948491,0.7696451,0.5275379,-0.8818751,-0.5605642,58.96881,54.54115,37.693977,34.4425,16.877363,17.582165,14.600252,16.706392,12.226015,15.187399,7.9849977,8.181524,9.204388,10.752869,7.53576,7.7910943,8.375179,8.506583,7.235632,6.0750036,6.63625,6.042547,6.1969976,5.675672,10.38691,14.684356,16.18312,15.945493,13.090787,17.652489,14.979947,13.96843,13.251131,14.927165,14.543878,8.9898205,7.610228,8.474995,6.6631165,7.3366218,neutral,24
-510.50418,83.95452,-18.451084,5.5698643,-21.414,-14.0715,-25.673397,-24.73869,-12.6435,-11.464462,-13.927513,-0.33063477,-13.288298,-8.818263,-3.4244556,-14.085721,-5.476006,-9.061448,-9.276162,-7.955559,-5.9028764,-3.983808,-0.7462232,2.870775,-0.2563084,3.7908313,-1.6708763,9.065058,9.798721,16.42021,11.6399355,7.3210797,1.8067639,3.138634,3.8077705,5.742242,-1.5110488,-7.006534,-7.4079623,-0.5586576,61.62552,68.830376,38.29127,27.661732,19.13393,19.829458,16.173256,17.43737,13.1902075,13.726577,6.7995143,8.375715,6.417398,11.784892,8.467068,7.103058,8.620853,7.224338,8.425909,6.9981327,4.9197493,9.850329,10.7098255,16.917175,16.10652,10.635382,9.266523,15.531709,18.662056,19.555225,12.90042,12.753347,20.023733,16.368279,11.267685,6.949568,8.188183,6.423597,6.7444477,7.3773203,neutral,24
-501.87137,77.17286,-15.37158,6.315515,-19.900291,-11.936426,-31.469164,-24.88549,-17.372894,-12.631604,-16.557812,-2.4818594,-9.909692,-11.689538,-1.4019673,-13.915486,-8.502231,-7.714557,-11.674197,-9.4006605,-7.142818,-6.2324204,-6.42434,-0.8061896,-0.9907408,1.0864822,-0.5516176,6.383001,3.971869,11.260433,9.430055,9.454837,5.8301225,7.179941,5.0212703,6.893011,2.1396713,-3.963761,-7.895024,-2.0111506,73.1028,68.40743,38.099327,24.336227,22.736977,17.112751,16.386219,14.699979,10.225954,18.069677,6.3733983,10.347929,6.29551,14.651945,6.0078235,7.5471783,8.041554,6.5884213,7.943098,7.510927,6.2770743,5.6532993,6.522712,11.355388,13.385076,13.798455,11.684187,14.216977,18.485407,21.099005,13.712303,12.318863,17.135307,19.212183,14.9721575,10.796619,12.206471,9.309895,8.965014,8.491855,neutral,24
-479.87143,83.69319,-23.324043,-1.3530566,-16.84097,-18.59773,-18.730503,-18.632608,-18.063713,-11.5805645,-20.735203,-1.1301842,-14.025825,-10.678852,-1.3665786,-15.415355,-8.362122,-8.534043,-12.229548,-7.295072,-4.423729,-1.143608,0.68703103,1.5619634,-2.2014794,2.278861,-4.8188753,1.7658106,3.9400215,10.7412615,7.1174545,7.403195,4.496963,8.781535,3.7789166,7.227285,2.2816358,0.2743452,-0.20838891,-0.12030927,74.602005,48.547573,35.492336,30.974134,22.610113,22.757784,12.902039,14.400648,13.752307,13.053663,10.082221,10.981673,8.749358,10.491724,11.130013,9.982741,6.5136704,8.130439,7.71828,7.896304,8.242035,9.994157,13.339788,15.981151,13.869176,10.752445,9.235795,9.080987,13.93363,17.443665,16.852978,14.890731,15.81712,16.680637,13.583017,10.7847805,14.439848,11.423256,9.934275,7.861599,happy,24
-475.6086,84.223145,-34.835934,5.816192,-9.49092,-20.10577,-17.009115,-18.884308,-16.367466,-7.8128066,-19.177282,-0.2276149,-12.157591,-11.1924515,-2.3398418,-13.850337,-7.8798842,-7.5858164,-12.088507,-3.0637531,-5.4796343,0.22349305,0.43095896,-0.32227856,-3.2967203,1.288305,-4.9065175,6.8696165,5.551551,13.314103,8.202244,7.4447045,5.692946,8.709461,3.427316,6.1583323,1.4429945,1.1085557,-1.9482629,0.69877356,62.112175,48.19749,37.458168,28.294987,19.90475,19.705898,13.795701,13.462723,14.032042,12.078815,9.613705,9.12124,8.322054,10.788987,8.555216,8.443821,8.624116,8.413192,10.848816,6.4863687,9.202321,12.46492,14.363349,16.458324,12.701915,11.315667,8.874169,14.570656,17.384094,19.626907,16.605461,15.703911,19.276466,15.679008,11.585622,11.45699,13.175189,12.563267,11.736474,10.572581,happy,24
-474.42282,96.164,-36.88296,-5.7331104,-15.155747,-16.347765,-22.55369,-21.010271,-15.886243,-10.938681,-13.646007,-1.6092252,-15.202047,-9.860669,-3.0827687,-15.488125,-6.594221,-7.2928214,-9.35436,-5.7988505,-4.808205,-2.0163734,-3.0835483,-2.0042322,-0.1653835,6.820916,2.900697,12.536791,7.319514,7.5164313,3.348921,0.788414,4.341505,5.6767154,3.384862,5.339287,0.1074933,-0.9893866,-6.0432277,-4.4908404,66.71992,62.36198,40.477562,30.853462,18.963612,15.462237,16.246971,13.3677635,12.257562,14.540585,6.867781,9.793254,6.770173,9.088726,9.474293,7.92302,9.092493,7.175569,7.201435,7.549618,10.087444,12.771506,14.239182,13.94372,14.332662,16.485294,19.128714,14.96492,14.005638,15.902816,16.494247,17.301489,11.421309,9.984758,12.6705675,14.808362,13.196178,7.1829286,6.845192,6.3265147,happy,24
-444.77573,67.37295,-30.559,-1.9410827,-17.811378,-17.920565,-27.28295,-17.710814,-19.20231,-14.856888,-15.805717,-3.7352393,-17.41294,-10.8333435,-4.7445183,-17.404676,-8.158193,-7.493347,-13.855791,-4.41329,-5.639517,-5.393767,-2.8394146,-0.14711568,0.83145887,8.852537,5.2293706,11.510706,4.0974946,1.3547242,-0.7218454,2.4614053,11.378086,13.815485,6.3612266,2.965819,-5.4458036,-4.060363,-4.6652446,0.89856535,68.902245,70.56504,45.915997,28.272465,21.319826,15.012401,20.19767,14.834658,12.822068,10.43594,7.463923,9.361104,9.055752,9.268767,9.420269,8.246639,9.298134,7.5676417,6.4547014,7.400552,9.515055,11.322302,11.5131035,12.885886,13.5220785,16.752914,16.206333,19.23651,19.895031,16.407484,12.517547,15.33463,18.954092,16.961973,15.98944,12.740295,10.493799,8.076621,7.144521,9.179948,happy,24
-357.1697,60.394302,-40.953373,6.659465,-17.837051,-25.671928,-10.98846,-17.757977,-9.489351,-5.2030234,-17.885427,6.923619,-13.865194,-6.132397,2.551805,-16.275923,-4.1632504,-5.099466,-8.81844,0.50793266,-0.26363197,0.986153,6.211462,8.504679,7.05771,8.864592,-1.5558182,7.3625593,4.03255,11.869536,14.761962,9.911705,1.4228265,-1.0421058,0.3899302,3.9615343,0.534204,-1.9769058,-6.4956517,0.5345144,71.056274,39.596104,43.763504,25.425781,22.701086,18.959526,19.574312,19.64188,11.994584,13.82448,10.924362,11.453744,10.485655,10.54553,8.268027,10.851442,6.724048,8.317396,10.998455,16.802097,11.16352,13.907726,14.668627,19.256866,18.546848,20.157648,15.046931,13.670699,17.64329,20.74923,19.08468,12.935569,14.964319,14.251349,10.87826,8.124964,8.089496,6.9709063,9.91107,8.304332,happy,24
-358.4796,70.27748,-42.85502,17.543938,-16.730808,-21.158604,-10.3579645,-17.116697,-7.4575577,-3.7188725,-18.818949,11.222835,-5.080346,-8.979297,4.4969044,-12.516264,-5.51598,-4.799833,-8.573137,0.061426956,-2.2105925,-1.3652639,1.1331358,4.315476,0.26666775,8.844567,4.208096,11.375281,2.713172,4.8331637,9.893796,15.28084,18.308004,14.449393,4.824004,-1.451573,-2.632776,1.039366,2.1192095,1.6348912,74.7372,35.305214,41.896595,26.795593,23.22028,21.154207,18.832542,23.080204,12.8674755,12.904119,10.371016,11.66716,7.513135,12.546778,10.704614,8.134796,8.498366,7.5927143,8.58671,10.918125,12.468146,13.17538,15.628886,13.480594,14.927289,16.509655,21.429981,16.868101,18.06707,14.4690485,16.89816,19.35459,21.23262,17.196815,11.453811,10.689828,8.2295,7.444223,10.098829,7.3951793,happy,24
-362.76392,49.707493,-35.360363,-3.1892762,-20.3447,-23.001133,-22.79136,-20.05123,-21.286419,-7.426866,-18.755085,0.7797651,-19.490881,-8.582037,-3.1690269,-18.53284,-5.4210205,-7.7670717,-10.542751,0.40519357,1.5179048,8.51772,9.694962,14.283994,15.137512,12.649061,5.875909,14.100139,0.9070646,4.644511,-0.17703614,2.048883,2.6699042,-1.9164416,-2.7020195,-2.7597065,-3.811294,-2.8250601,-3.899617,-3.7672706,57.247208,58.449753,39.70641,25.536354,20.762129,18.457037,19.549358,17.143045,14.454122,13.844147,8.689689,15.882152,11.098222,10.55386,10.847977,9.201521,9.342886,9.699684,8.608448,12.162848,15.688924,17.786482,17.973164,18.215143,18.892267,23.027195,20.785852,19.110659,14.805574,18.122337,17.721163,13.949895,12.579957,7.8777976,9.688551,7.814455,8.059349,9.057056,6.9611616,8.775266,happy,24
-324.89874,34.576637,-39.44551,-14.487703,-29.828388,-25.932545,-24.22604,-18.631731,-21.142082,-9.6034975,-23.093979,-5.2629037,-19.187717,-8.790942,-7.710031,-18.291508,4.3158045,14.584894,20.334145,33.50898,21.286594,8.536018,-0.7660414,2.6874878,0.26325172,1.2379243,-4.6912775,0.702439,-4.924117,-1.8601795,-9.447003,-2.1271293,-0.23603277,1.2720579,-2.5999532,2.7144866,0.508397,1.8774067,-4.071429,4.4461565,67.48204,53.63452,41.159546,28.182615,22.400719,18.275045,17.400381,16.40535,14.339539,15.727885,9.355945,9.970048,8.189759,9.787119,9.480966,13.245618,17.00185,22.032972,16.659876,18.829618,20.33817,18.496494,13.038594,10.572202,10.908554,11.715451,11.765055,12.474071,10.794126,12.267088,13.523839,9.387523,9.302701,12.390589,9.013546,6.700323,5.9338923,6.9511776,10.428139,12.035676,happy,24
-558.67303,81.08197,-4.879635,5.6887574,-8.609805,-13.141741,-22.068226,-13.267647,-16.73401,-9.620197,-14.141762,-6.330341,-10.160142,-4.299534,-5.620724,-11.769299,-6.170466,-7.076229,-7.9530444,-8.31708,-4.38758,-7.222625,-2.9331672,-1.1092212,-1.3803658,6.097275,0.90939915,4.3988757,-0.92475325,-0.38784823,-3.437634,0.43222278,1.5703229,7.4310217,9.897363,11.476967,7.62051,2.500292,-0.69321376,-1.5112112,66.444016,57.22363,29.463837,31.223389,19.832611,19.291721,12.032661,17.984343,11.426729,13.932682,8.188711,7.909629,8.835724,9.490179,6.7162557,8.173486,7.356321,8.437891,6.380166,5.8913713,4.421131,7.7464843,6.455277,9.445104,12.98363,14.319425,17.4611,15.383762,9.257528,7.683671,7.577626,7.2388163,8.623252,10.762288,13.943685,13.95288,13.992644,11.015351,7.715007,4.8708324,sad,24
-568.2828,86.05823,0.102761835,13.690649,-9.1032295,-6.6814504,-17.439415,-14.48254,-11.450873,-4.6605506,-15.546881,-1.9096898,-9.779325,-0.74169594,-4.3562784,-8.948014,-2.396491,-8.547528,-5.946933,-6.1070805,-6.2985325,-5.4817176,-5.8954897,-2.3179214,-5.3474445,-2.6817558,-4.1157255,-1.431644,-4.3331795,4.7098417,6.8405004,14.852112,16.777063,18.925009,13.719799,6.3174205,2.3857527,-1.1311938,-0.59401214,2.2925248,64.518616,51.2461,28.943739,34.066643,16.60553,19.256374,12.502301,15.78005,13.259832,14.487675,9.9843,8.532621,10.137606,7.195562,6.2276,8.953778,7.5454354,8.523831,7.356856,7.1272826,4.774676,4.4048176,5.554863,3.8114462,5.342345,6.4710035,7.1529675,7.107885,8.442688,10.3063345,10.712455,11.908192,13.90939,12.470007,13.099827,11.159026,6.4970284,5.700769,5.1793146,4.726243,sad,24
-521.9487,87.000854,-19.285337,2.34154,-21.98053,-11.645681,-23.546457,-28.784704,-18.1183,-15.110621,-16.196371,-3.786069,-14.547435,-7.956305,-0.21927468,-18.761889,-7.824865,-5.44039,-9.570396,-10.358784,-7.3998814,-7.368296,-6.2634597,-5.2216663,0.2989536,0.6223999,-2.354922,6.3134155,2.0538785,4.372351,4.1041985,8.803164,9.977784,16.175564,14.930804,12.284727,3.5824413,0.82952374,-3.5829341,-2.0612094,69.07902,58.714157,30.616152,30.371712,26.452919,15.592673,17.545906,13.858838,9.291626,13.193054,9.404542,9.4282465,9.70639,10.1184435,8.779472,9.542483,5.3055096,5.7559114,6.2144775,5.4017525,7.1029468,4.749391,4.926394,8.169904,7.5747104,10.673907,13.672696,16.824387,15.640733,19.058956,14.251285,12.340241,13.037243,14.764497,17.191105,14.884206,10.125728,7.714851,4.7818055,6.5026326,sad,24
-522.4638,79.97643,-0.08829071,13.274457,-17.326101,-10.00953,-19.443687,-10.441764,-17.641598,-13.840689,-7.5972304,-6.099132,-7.506507,-7.7657223,-0.73906934,-13.175155,-6.4999604,-6.236404,-11.169874,-9.120323,-5.150243,-7.3613663,-6.9237013,-5.669046,-6.1194744,-3.3950682,-7.2840757,0.20524575,-0.76483136,3.5851142,3.3361363,7.8159256,7.935602,9.545068,6.1005263,3.6634223,1.0084696,0.1512569,-4.960325,-0.57048583,61.895447,80.65854,37.566006,25.803232,17.919355,16.929623,12.51882,18.846472,10.522972,12.664549,7.3474274,6.6489,6.3402615,11.707835,6.877833,8.415152,5.335782,6.1537547,6.021297,6.430274,5.44943,6.4635215,6.4233556,5.055017,6.231928,5.0089526,5.668063,7.6248956,9.358513,12.226846,13.811895,14.303214,13.106638,12.141194,13.180579,10.406507,6.797347,5.1841803,3.8897994,3.8990738,sad,24
-451.86667,67.102486,-39.264244,0.3697693,-20.77726,-28.79187,-21.40251,-29.87777,-25.516462,3.7536802,-17.746433,-10.652498,5.4649897,-15.371424,-1.4668655,-4.8838634,-9.634962,6.9634376,4.1776276,8.115559,7.400345,6.3167887,2.4698029,12.873716,6.19146,10.20839,5.3720975,-2.3375776,-2.8240597,-3.4964905,-1.8352705,-0.53819424,-6.2455516,-1.1134897,-1.6360682,1.10237,-0.31773737,-0.27884832,-4.305449,2.3732095,100.03713,51.16249,46.491455,27.354963,22.939116,21.40007,21.280006,21.093407,13.571727,13.799446,12.447994,11.990981,11.458394,18.627495,11.835268,10.944293,13.008049,14.786125,14.683377,19.722872,19.501114,15.670418,13.999507,16.113617,19.149736,14.664121,14.905089,10.924921,10.907588,7.1190796,9.369401,8.206303,9.351984,10.523683,9.097072,7.554865,6.559436,7.529921,10.497572,7.3470316,sad,24
-455.06543,83.647446,-23.235462,4.0233035,-19.236307,-24.60823,-8.239364,-21.900648,-17.108465,-0.81503123,-14.685117,-3.8386676,0.6907352,-12.631087,3.3448215,-9.021593,-4.5103617,2.3332667,-3.821376,4.5140104,1.7587942,1.2982794,2.7713428,6.639351,-0.01874125,5.768987,0.74335426,7.7156405,3.4435344,4.399819,1.8312346,0.57343245,-0.8835367,2.57774,0.16835581,1.9041749,-1.3475279,1.9359553,-1.0909035,0.1915725,91.90538,59.618618,37.516758,33.70143,20.969275,24.450993,15.252335,20.069939,9.977407,12.817302,13.666306,11.829725,10.952975,13.683667,9.788681,11.666332,8.960868,13.885581,11.509723,17.494303,15.42572,11.60909,12.36475,15.167762,8.505736,11.814765,13.122078,14.777084,13.392912,12.221336,13.369366,12.618435,11.33099,9.060014,7.760707,7.430439,8.822001,8.451169,7.8186,5.15373,sad,24
-480.0864,61.5146,-11.711828,1.3799046,-12.7867365,-15.395336,-22.830233,-23.354864,-21.279385,-2.955472,-22.523127,-6.2872524,-1.1018138,-14.621026,-1.5706334,-11.621318,-8.936402,-0.4525435,-7.1635313,-0.93508106,1.4402897,1.1191455,-1.55125,5.9876504,0.47010234,5.3228917,4.2089496,6.2310066,4.9493113,2.8538125,-1.2603029,-1.897846,-4.9677114,-1.4806542,-3.5864074,-1.1982988,-2.294698,-1.4203142,-3.7971113,-1.370837,135.48172,81.6197,49.495415,29.2059,25.183853,21.41574,19.498007,18.725124,9.896111,16.323368,11.637368,9.817775,13.991221,13.393341,10.636359,10.218463,8.041438,8.391091,11.33938,10.627713,9.608284,9.763417,9.755624,12.256803,11.823196,12.594063,12.494465,15.003117,12.961562,10.531058,9.617074,8.739705,7.147718,5.8950915,4.9625106,5.922867,4.5924253,5.7656035,6.641353,4.80413,sad,24
-557.34546,64.405045,-2.6448095,-2.7210486,-16.012016,-11.330809,-15.132119,-16.054182,-20.566687,-6.0130877,-14.817968,-5.3911033,-5.4212894,-10.039266,-2.1878812,-10.028392,-5.0701475,-1.2995273,-6.358952,-1.2333943,-4.5902276,-1.8151002,-3.4121034,1.5769972,0.054274306,10.412134,7.8155723,16.573614,8.977769,7.107187,1.4083755,-1.4318584,-1.6272734,-0.0028486094,-0.23113476,-1.5328382,-4.816658,-1.7450106,-4.188157,-1.0073667,107.79006,78.897896,40.65283,27.300053,19.771875,26.204699,16.599466,19.761543,11.198588,12.79245,11.229097,7.6418824,8.308002,12.574731,9.907267,10.614875,6.964482,8.12382,7.824001,7.698564,7.759385,5.762696,7.764649,9.39656,9.530493,10.479112,9.866455,15.811064,14.486126,13.0709,9.948263,8.721967,7.822845,5.223529,6.358673,5.4629993,5.921755,4.704516,5.0042095,3.9296966,sad,24
-347.4758,63.47053,-36.607853,0.8627278,-28.035803,-23.546682,-9.576977,-22.13925,-15.860605,-3.3134353,-19.24109,4.1125193,-9.553188,-11.70704,2.355155,-14.816124,-6.6658325,-7.8764853,-9.970457,-1.7132066,-3.969682,-2.1156626,-0.9785612,-4.839273,-2.1810195,4.8138227,5.476655,16.013813,13.823465,11.596773,6.7874284,2.9095035,0.6831054,2.5821974,1.5782421,3.3195465,-0.7890161,0.33473125,-3.925848,-0.40393457,73.543465,45.542217,41.638878,41.860153,23.214819,28.505178,12.994106,24.7978,10.91919,16.547974,10.875557,11.73629,10.183908,12.346238,11.142786,8.063057,8.284223,7.930905,10.670904,12.727037,10.773037,13.916718,13.026844,10.887331,13.567398,16.727558,16.927866,16.151834,18.535362,20.237724,19.2802,14.940763,11.528015,11.35135,12.089055,11.14717,8.509691,9.169741,7.6486554,7.0179286,angry,24
-317.78082,60.592594,-37.218563,-1.1008168,-24.205107,-23.375475,-15.460879,-16.816393,-19.666618,-4.125066,-15.728143,0.8793783,-6.5437775,-11.500618,-0.55191547,-12.887144,-7.5012197,-7.137664,-10.376828,-1.0450294,-5.0125513,1.4300952,5.8342624,7.415001,9.206886,14.461948,8.336381,11.338646,7.397505,9.056815,6.588906,1.4475235,-1.2159348,0.45754784,-1.3904408,2.6981895,-2.2688262,-5.3973727,-3.199144,1.9868591,63.80794,43.538887,37.730656,34.85106,18.35858,24.064415,14.107442,24.121422,11.091986,14.175206,11.146373,10.852941,11.002284,14.610941,8.843517,9.541318,6.4019637,7.9131246,8.125229,14.774784,11.694544,12.792049,12.627059,22.327173,21.17694,17.206408,13.221108,23.674597,22.461645,17.55084,15.927974,15.596814,13.786778,13.206537,10.074503,8.795522,8.391298,7.0817604,8.821572,9.070437,angry,24
-359.94962,66.66415,-34.123505,7.5107574,-22.309658,-23.089853,-14.957078,-26.744959,-18.865313,-6.018066,-14.55148,3.8124394,-6.9050264,-12.014753,0.92313147,-12.500288,-5.214457,-5.415288,-9.940951,-5.747677,-6.5255857,-8.647716,-6.1429768,-6.9150815,-8.294171,2.5784822,0.14781113,12.785021,9.439724,10.290292,7.5051017,7.5537286,8.653671,11.01491,6.9318357,2.6119668,-4.5035987,-4.8178916,-2.9805098,5.0078435,73.49902,71.86232,47.991257,30.87664,23.515232,23.803036,15.474746,21.006151,9.582352,16.332834,9.717926,11.293726,8.98388,11.814088,8.707618,8.90918,8.524359,7.0924115,8.601917,7.6121707,7.0071974,7.2638116,7.2141075,7.064428,8.484285,7.2882886,14.150967,18.64316,19.67904,17.47004,12.977592,18.038492,20.301332,14.999636,12.913461,8.808047,9.646093,10.030192,6.9834027,6.226517,angry,24
-345.90085,58.079235,-34.608906,-5.7133265,-20.547619,-30.134285,-14.917426,-22.550463,-21.51958,-2.9391115,-14.511266,1.7960662,-12.052885,-9.862816,-2.8245535,-11.9537525,-4.849486,-6.0297723,-13.33335,-4.258167,-9.132685,-8.836335,-4.1129494,-2.3714442,1.6308855,11.215703,4.2679567,17.197802,8.339616,11.885806,10.187786,6.4348965,1.5991458,0.94632566,-1.5910727,2.0904841,0.16184656,-0.37117934,-4.476539,-4.160742,71.828674,68.18995,45.994907,31.791138,16.562096,26.000883,18.456009,22.87763,13.181167,18.395624,11.697538,12.563036,8.575512,12.9870205,10.491457,7.990548,8.488652,9.716844,8.499721,8.7093115,7.8363285,8.439983,8.323718,14.7808,16.343876,21.836218,18.956991,18.946968,17.847206,18.945147,21.327938,15.916079,10.299995,9.897134,10.728109,9.523504,9.720807,7.8564014,7.3715415,8.091717,angry,24
-281.18323,45.478596,-34.28825,2.4476185,-36.951588,-25.340298,-7.5692425,-21.801903,-16.188864,-7.02466,-21.158184,7.1649456,-15.386016,-9.729455,0.19701767,-13.042,-6.606459,-9.380912,-11.8251505,-4.471302,-1.6617279,6.35606,9.156424,13.5115795,15.476639,18.466873,6.3547297,8.057797,-1.8523797,1.3051344,-0.31332082,2.4767127,-0.45389035,-0.7394955,-1.745222,2.8735402,0.74468744,-2.0617857,-4.8708043,-2.3480296,68.51568,43.85434,41.094673,40.513058,25.284811,26.6057,15.807384,22.522396,11.121282,16.164425,10.383624,12.532862,10.253718,13.237057,9.334111,8.749375,8.591136,9.359531,9.040641,12.920598,14.453088,17.548128,16.830624,17.475828,21.290789,19.455713,16.226044,16.015896,18.04507,12.315379,12.012779,9.005443,9.737193,8.727538,7.9609275,8.815163,7.6287284,6.6278286,7.532279,7.0757103,angry,24
-310.56137,48.988766,-39.270596,1.2302227,-29.973177,-25.813686,-10.200729,-20.008923,-19.415823,-2.3784626,-22.412085,6.712868,-8.84988,-13.031521,0.35133743,-16.497246,-7.248493,-6.7182455,-8.288805,0.990247,-1.1542841,0.6826261,1.3944614,8.004552,12.791238,18.79352,13.383415,9.17405,0.5668254,0.6796748,1.9620352,4.0584435,-1.0111525,-1.2968671,-4.5358253,3.154662,0.47961184,-0.41307122,-4.8019195,0.52504146,70.84629,42.28817,41.939705,40.460842,21.728575,28.426052,16.814518,23.599089,12.2108555,18.676243,13.008087,12.800416,11.377382,13.796783,9.580174,9.523946,11.108826,9.104695,13.032723,19.004177,20.399721,17.082697,13.558654,15.10618,19.44623,21.870577,13.859607,15.354805,17.671394,15.533298,10.63289,9.073021,10.825677,10.90756,10.35273,8.509214,6.4601355,7.081515,9.633357,10.439103,angry,24
-345.23532,59.736732,-23.091516,-4.5538454,-24.536482,-19.066338,-17.548088,-22.971844,-18.432009,-5.6357455,-14.380047,7.623695,-10.276664,-6.067953,-2.7686946,-11.973413,-2.5254893,-5.965056,-10.598345,-2.228246,-9.245733,-7.3064365,-1.4298351,-0.9873289,-3.08934,6.5598316,4.3830996,15.824501,12.77437,14.362146,8.818136,3.147077,-2.7453916,1.58557,1.4727454,4.9942803,-0.9014497,-3.067862,-3.8112924,0.48957327,80.109406,73.241394,46.500313,39.290367,24.403812,26.325663,11.702259,21.909653,13.054091,17.512087,10.765428,11.261179,12.25178,13.088956,11.211451,9.425138,7.405213,7.692234,9.585344,8.285913,9.69183,7.090639,8.9523535,12.761796,18.488466,16.30953,10.484855,15.122292,20.195225,19.778465,15.873871,13.43992,13.224843,10.932096,10.119907,7.922696,8.05769,8.98291,9.261115,5.812908,angry,24
-382.59848,34.31933,-28.01136,1.4492619,-31.149496,-16.388247,-11.654796,-18.790731,-14.016234,-6.9077,-14.249418,4.922974,-9.941841,-10.856104,0.28925365,-11.928186,-4.0045223,-5.484491,-13.097862,-3.340847,-7.28763,-0.74200547,-1.8549497,1.6924236,5.5576572,12.42011,9.333535,15.210125,8.450099,9.088725,2.559349,-0.15685861,-1.7496195,0.94992703,-1.0768275,1.8491626,-3.8181176,-4.972125,-5.144399,-1.6705551,127.609184,65.10397,46.91861,30.510496,28.697042,25.120596,13.88313,21.752033,13.084188,16.205158,10.958928,12.525855,11.434708,13.546336,8.743802,9.984009,9.078478,8.32476,9.497759,6.8299108,9.986125,11.618329,13.782041,17.676313,16.75309,20.307194,17.401825,19.30996,19.228573,20.924948,16.147476,12.493676,11.630732,8.89771,8.120991,9.360981,6.762065,7.7688975,8.913194,6.6265993,angry,24
